https://www.fila.co.kr/product/view.asp?ProductNo=39554,M,TOP,https://assets.styleship.com/fila/data/productimages/a/2/FE2JKC6102X_GRY.jpg
https://www.fila.co.kr/product/view.asp?ProductNo=39553,M,TOP,https://assets.styleship.com/fila/data/productimages/a/2/FE2JKC6101X_CRM.jpg
https://www.fila.co.kr/product/view.asp?ProductNo=39552,M,TOP,https://assets.styleship.com/fila/data/productimages/a/2/FE2JKC6103X_LGY.jpg
https://www.fila.co.kr/product/view.asp?ProductNo=39549,M,TOP,https://assets.styleship.com/fila/data/productimages/a/2/FE2JKC6102X_BLK.jpg
https://www.fila.co.kr/product/view.asp?ProductNo=39548,M,TOP,https://assets.styleship.com/fila/data/productimages/a/2/FE2JKC6101X_BLK.jpg
https://www.fila.co.kr/product/view.asp?ProductNo=39547,M,TOP,https://assets.styleship.com/fila/data/productimages/a/2/FE2JKC6103X_BLK.jpg
https://www.fila.co.kr/product/view.asp?ProductNo=39546,M,TOP,https://assets.styleship.com/fila/data/productimages/a/2/FE2JKC6103X_NAY.jpg
https://www.fila.co.kr/product/view.asp?ProductNo=39542,M,TOP,https://assets.styleship.com/fila/data/productimages/a/2/FE2JKC6102X_CRM.jpg
https://www.fila.co.kr/product/view.asp?ProductNo=39541,M,TOP,https://assets.styleship.com/fila/data/productimages/a/2/FE2JKC6101X_BRN.jpg
https://www.fila.co.kr/product/view.asp?ProductNo=39540,M,TOP,https://assets.styleship.com/fila/data/productimages/a/2/FE2JKC6103X_CRM.jpg
https://www.fila.co.kr/product/view.asp?ProductNo=39500,M,TOP,https://assets.styleship.com/fila/data/productimages/a/2/FS2PLC4107X_BLK.jpg
https://www.fila.co.kr/product/view.asp?ProductNo=39494,M,TOP,https://assets.styleship.com/fila/data/productimages/a/2/FS2PLC4105X_BLK.jpg
https://www.fila.co.kr/product/view.asp?ProductNo=39493,M,TOP,https://assets.styleship.com/fila/data/productimages/a/2/FS2PLC4107X_OWH.jpg
https://www.fila.co.kr/product/view.asp?ProductNo=39486,M,TOP,https://assets.styleship.com/fila/data/productimages/a/2/FS2PLC4105X_LBE.jpg
https://www.fila.co.kr/product/view.asp?ProductNo=39346,M,TOP,https://assets.styleship.com/fila/data/productimages/a/2/FS2PLC4103X_DRD.jpg
https://www.fila.co.kr/product/view.asp?ProductNo=39339,M,TOP,https://assets.styleship.com/fila/data/productimages/a/2/FS2PLC4103X_FGR.jpg
https://www.fila.co.kr/product/view.asp?ProductNo=39332,M,TOP,https://assets.styleship.com/fila/data/productimages/a/2/FS2PLC4103X_YEW.jpg
https://www.fila.co.kr/product/view.asp?ProductNo=39270,M,TOP,https://assets.styleship.com/fila/data/productimages/a/2/FS2PLC4104X_OWH.jpg
https://www.fila.co.kr/product/view.asp?ProductNo=39266,M,TOP,https://assets.styleship.com/fila/data/productimages/a/2/FS2PLC4104X_BLK.jpg
https://www.fila.co.kr/product/view.asp?ProductNo=39265,M,TOP,https://assets.styleship.com/fila/data/productimages/a/2/FS2PLC4104X_PLM.jpg
https://www.fila.co.kr/product/view.asp?ProductNo=39261,M,TOP,https://assets.styleship.com/fila/data/productimages/a/2/FS2PLC4104X_DKH.jpg
https://www.fila.co.kr/product/view.asp?ProductNo=39181,M,TOP,https://assets.styleship.com/fila/data/productimages/a/2/FS2PLC4102X_LBE.jpg
https://www.fila.co.kr/product/view.asp?ProductNo=39178,M,TOP,https://assets.styleship.com/fila/data/productimages/a/2/FS2PLC4101X_CAL.jpg
https://www.fila.co.kr/product/view.asp?ProductNo=39177,M,TOP,https://assets.styleship.com/fila/data/productimages/a/2/FS2PLC4101X_PUE.jpg
https://www.fila.co.kr/product/view.asp?ProductNo=39173,M,TOP,https://assets.styleship.com/fila/data/productimages/a/2/FS2PLC4101X_IPK.jpg
https://www.fila.co.kr/product/view.asp?ProductNo=39172,M,TOP,https://assets.styleship.com/fila/data/productimages/a/2/FS2PLC4102X_BLK.jpg
https://www.fila.co.kr/product/view.asp?ProductNo=39168,M,TOP,https://assets.styleship.com/fila/data/productimages/a/2/FS2PLC4101X_BLK.jpg
https://www.fila.co.kr/product/view.asp?ProductNo=39167,M,TOP,https://assets.styleship.com/fila/data/productimages/a/2/FS2PLC4101X_LBE.jpg
https://www.fila.co.kr/product/view.asp?ProductNo=36949,M,TOP,https://assets.styleship.com/fila/data/productimages/a/2/FS2FTC1119X_LBE.jpg
https://www.fila.co.kr/product/view.asp?ProductNo=35397,M,TOP,https://assets.styleship.com/fila/data/productimages/a/2/FE2POB6107X_BRN.jpg
https://www.fila.co.kr/product/view.asp?ProductNo=39592,M,TOP,https://assets.styleship.com/fila/data/productimages/a/2/FS2PLC4106X_LBE.jpg
https://www.fila.co.kr/product/view.asp?ProductNo=39575,M,TOP,https://assets.styleship.com/fila/data/productimages/a/2/FS2PLC4106X_BLK.jpg
https://www.fila.co.kr/product/view.asp?ProductNo=35996,M,TOP,https://assets.styleship.com/fila/data/productimages/a/2/FS2FTC1118X_OWH.jpg
https://www.fila.co.kr/product/view.asp?ProductNo=39556,M,TOP,https://assets.styleship.com/fila/data/productimages/a/2/FE2DJC6101X_GKH.jpg
https://www.fila.co.kr/product/view.asp?ProductNo=39555,M,TOP,https://assets.styleship.com/fila/data/productimages/a/2/FE2DJC6103X_OWH.jpg
https://www.fila.co.kr/product/view.asp?ProductNo=39551,M,TOP,https://assets.styleship.com/fila/data/productimages/a/2/FE2DJC6102X_BLK.jpg
https://www.fila.co.kr/product/view.asp?ProductNo=39550,M,TOP,https://assets.styleship.com/fila/data/productimages/a/2/FE2DJC6104X_BLK.jpg
https://www.fila.co.kr/product/view.asp?ProductNo=39545,M,TOP,https://assets.styleship.com/fila/data/productimages/a/2/FE2DJC6102X_DBU.jpg
https://www.fila.co.kr/product/view.asp?ProductNo=39544,M,TOP,https://assets.styleship.com/fila/data/productimages/a/2/FE2DJC6104X_LBE.jpg
https://www.fila.co.kr/product/view.asp?ProductNo=39543,M,TOP,https://assets.styleship.com/fila/data/productimages/a/2/FE2DJC6103X_BLK.jpg
https://www.fila.co.kr/product/view.asp?ProductNo=39539,M,TOP,https://assets.styleship.com/fila/data/productimages/a/2/FE2DJC6101X_DGY.jpg
https://www.fila.co.kr/product/view.asp?ProductNo=39538,M,TOP,https://assets.styleship.com/fila/data/productimages/a/2/FE2DJC6102X_DGY.jpg
https://www.fila.co.kr/product/view.asp?ProductNo=39272,M,TOP,https://assets.styleship.com/fila/data/productimages/a/2/FS2DJC4101X_BLK.jpg
https://www.fila.co.kr/product/view.asp?ProductNo=39271,M,TOP,https://assets.styleship.com/fila/data/productimages/a/2/FS2DJC4101X_OWH.jpg
https://www.fila.co.kr/product/view.asp?ProductNo=39267,M,TOP,https://assets.styleship.com/fila/data/productimages/a/2/FS2DJC4101X_FGR.jpg
https://www.fila.co.kr/product/view.asp?ProductNo=39262,M,TOP,https://assets.styleship.com/fila/data/productimages/a/2/FS2DJC4101X_HPK.jpg
https://www.fila.co.kr/product/view.asp?ProductNo=39257,M,TOP,https://assets.styleship.com/fila/data/productimages/a/2/FS2DJC4002X_OWH.jpg
https://www.fila.co.kr/product/view.asp?ProductNo=39256,M,TOP,https://assets.styleship.com/fila/data/productimages/a/2/FS2DJC4002X_BLK.jpg
https://www.fila.co.kr/product/view.asp?ProductNo=39243,M,TOP,https://assets.styleship.com/fila/data/productimages/a/2/FS2DJC4104X_BLK.jpg
https://www.fila.co.kr/product/view.asp?ProductNo=39242,M,TOP,https://assets.styleship.com/fila/data/productimages/a/2/FS2DJC4104X_CRM.jpg
https://www.fila.co.kr/product/view.asp?ProductNo=39241,M,TOP,https://assets.styleship.com/fila/data/productimages/a/2/FS2DJC4103X_SKK.jpg
https://www.fila.co.kr/product/view.asp?ProductNo=39240,M,TOP,https://assets.styleship.com/fila/data/productimages/a/2/FS2DJC4103X_DRD.jpg
https://www.fila.co.kr/product/view.asp?ProductNo=39239,M,TOP,https://assets.styleship.com/fila/data/productimages/a/2/FS2DJC4103X_NBG.jpg
https://www.fila.co.kr/product/view.asp?ProductNo=39238,M,TOP,https://assets.styleship.com/fila/data/productimages/a/2/FS2DJC4001X_OED.jpg
https://www.fila.co.kr/product/view.asp?ProductNo=39237,M,TOP,https://assets.styleship.com/fila/data/productimages/a/2/FS2DJC4002X_PBU.jpg
https://www.fila.co.kr/product/view.asp?ProductNo=39175,M,TOP,https://assets.styleship.com/fila/data/productimages/a/2/FS2DJC4001X_BLK.jpg
https://www.fila.co.kr/product/view.asp?ProductNo=35730,M,TOP,https://assets.styleship.com/fila/data/productimages/a/2/FE2DJB6108X_BLK.jpg
https://www.fila.co.kr/product/view.asp?ProductNo=34498,M,TOP,https://assets.styleship.com/fila/data/productimages/a/2/FS2DJB4003X_INA.jpg
https://www.fila.co.kr/product/view.asp?ProductNo=34494,M,TOP,https://assets.styleship.com/fila/data/productimages/a/2/FS2DJB4003X_OWH.jpg
https://www.fila.co.kr/product/view.asp?ProductNo=34491,M,TOP,https://assets.styleship.com/fila/data/productimages/a/2/FS2DJB4003X_BLK.jpg
https://www.fila.co.kr/product/view.asp?ProductNo=39779,M,TOP,https://assets.styleship.com/fila/data/productimages/a/2/FS2DJC4102X_BLK.jpg
https://www.fila.co.kr/product/view.asp?ProductNo=39755,M,TOP,https://assets.styleship.com/fila/data/productimages/a/2/FS2DJC4102X_BEG.jpg
https://www.fila.co.kr/product/view.asp?ProductNo=39568,M,TOP,https://assets.styleship.com/fila/data/productimages/a/2/FS2DJC4102X_OWH.jpg
https://www.fila.co.kr/product/view.asp?ProductNo=39916,M,TOP,https://assets.styleship.com/fila/data/productimages/a/2/FS2POC4E01X_CRM.jpg
https://www.fila.co.kr/product/view.asp?ProductNo=39903,M,TOP,https://assets.styleship.com/fila/data/productimages/a/2/FS2POC4E01X_BLK.jpg
https://www.fila.co.kr/product/view.asp?ProductNo=39651,M,TOP,https://assets.styleship.com/fila/data/productimages/a/2/FS2POC4110X_CRM.jpg
https://www.fila.co.kr/product/view.asp?ProductNo=39649,M,TOP,https://assets.styleship.com/fila/data/productimages/a/2/FS2POC4110X_BLK.jpg
https://www.fila.co.kr/product/view.asp?ProductNo=39607,M,TOP,https://assets.styleship.com/fila/data/productimages/a/2/FE2POC6101X_SBU.jpg
https://www.fila.co.kr/product/view.asp?ProductNo=39604,M,TOP,https://assets.styleship.com/fila/data/productimages/a/2/FE2POC6101X_CRM.jpg
https://www.fila.co.kr/product/view.asp?ProductNo=39599,M,TOP,https://assets.styleship.com/fila/data/productimages/a/2/FS2POC3122X_INA.jpg
https://www.fila.co.kr/product/view.asp?ProductNo=39590,M,TOP,https://assets.styleship.com/fila/data/productimages/a/2/FS2POC3123X_DRD.jpg
https://www.fila.co.kr/product/view.asp?ProductNo=39582,M,TOP,https://assets.styleship.com/fila/data/productimages/a/2/FS2POC3122X_BLK.jpg
https://www.fila.co.kr/product/view.asp?ProductNo=39581,M,TOP,https://assets.styleship.com/fila/data/productimages/a/2/FS2POC3123X_ICG.jpg
https://www.fila.co.kr/product/view.asp?ProductNo=39573,M,TOP,https://assets.styleship.com/fila/data/productimages/a/2/FS2POC3120X_INA.jpg
https://www.fila.co.kr/product/view.asp?ProductNo=39572,M,TOP,https://assets.styleship.com/fila/data/productimages/a/2/FS2POC3121X_NBE.jpg
https://www.fila.co.kr/product/view.asp?ProductNo=39571,M,TOP,https://assets.styleship.com/fila/data/productimages/a/2/FS2POC3119X_OWH.jpg
https://www.fila.co.kr/product/view.asp?ProductNo=39567,M,TOP,https://assets.styleship.com/fila/data/productimages/a/2/FS2POC3120X_OWH.jpg
https://www.fila.co.kr/product/view.asp?ProductNo=39566,M,TOP,https://assets.styleship.com/fila/data/productimages/a/2/FS2POC3121X_OWH.jpg
https://www.fila.co.kr/product/view.asp?ProductNo=39561,M,TOP,https://assets.styleship.com/fila/data/productimages/a/2/FS2POC3121X_DRD.jpg
https://www.fila.co.kr/product/view.asp?ProductNo=39560,M,TOP,https://assets.styleship.com/fila/data/productimages/a/2/FS2POC3119X_BLK.jpg
https://www.fila.co.kr/product/view.asp?ProductNo=39528,M,TOP,https://assets.styleship.com/fila/data/productimages/a/2/FS2POC3222X_BLK.jpg
https://www.fila.co.kr/product/view.asp?ProductNo=39520,M,TOP,https://assets.styleship.com/fila/data/productimages/a/2/FS2POC3222X_INA.jpg
https://www.fila.co.kr/product/view.asp?ProductNo=39512,M,TOP,https://assets.styleship.com/fila/data/productimages/a/2/FS2POC3222X_OWH.jpg
https://www.fila.co.kr/product/view.asp?ProductNo=39503,M,TOP,https://assets.styleship.com/fila/data/productimages/a/2/FS2POC3224X_SGE.jpg
https://www.fila.co.kr/product/view.asp?ProductNo=39499,M,TOP,https://assets.styleship.com/fila/data/productimages/a/2/FS2POC3201X_BLK.jpg
https://www.fila.co.kr/product/view.asp?ProductNo=39498,M,TOP,https://assets.styleship.com/fila/data/productimages/a/2/FS2POC3221X_INA.jpg
https://www.fila.co.kr/product/view.asp?ProductNo=39497,M,TOP,https://assets.styleship.com/fila/data/productimages/a/2/FS2POC3224X_BLK.jpg
https://www.fila.co.kr/product/view.asp?ProductNo=39496,M,TOP,https://assets.styleship.com/fila/data/productimages/a/2/FS2POC3226X_CAN.jpg
https://www.fila.co.kr/product/view.asp?ProductNo=39492,M,TOP,https://assets.styleship.com/fila/data/productimages/a/2/FS2POC3200X_BLK.jpg
https://www.fila.co.kr/product/view.asp?ProductNo=39491,M,TOP,https://assets.styleship.com/fila/data/productimages/a/2/FS2POC3201X_IPK.jpg
https://www.fila.co.kr/product/view.asp?ProductNo=39490,M,TOP,https://assets.styleship.com/fila/data/productimages/a/2/FS2POC3221X_LML.jpg
https://www.fila.co.kr/product/view.asp?ProductNo=39489,M,TOP,https://assets.styleship.com/fila/data/productimages/a/2/FS2POC3224X_FBU.jpg
https://www.fila.co.kr/product/view.asp?ProductNo=39488,M,TOP,https://assets.styleship.com/fila/data/productimages/a/2/FS2POC3226X_SBE.jpg
https://www.fila.co.kr/product/view.asp?ProductNo=39485,M,TOP,https://assets.styleship.com/fila/data/productimages/a/2/FS2POC3200X_OWH.jpg
https://www.fila.co.kr/product/view.asp?ProductNo=39484,M,TOP,https://assets.styleship.com/fila/data/productimages/a/2/FS2POC3201X_SBE.jpg
https://www.fila.co.kr/product/view.asp?ProductNo=39295,M,TOP,https://assets.styleship.com/fila/data/productimages/a/2/FK2POC3108X_INA.jpg
https://www.fila.co.kr/product/view.asp?ProductNo=39263,M,TOP,https://assets.styleship.com/fila/data/productimages/a/2/FS2POC3108X_DRD.jpg
https://www.fila.co.kr/product/view.asp?ProductNo=39180,M,TOP,https://assets.styleship.com/fila/data/productimages/a/2/FS2POC3108X_INA.jpg
https://www.fila.co.kr/product/view.asp?ProductNo=39176,M,TOP,https://assets.styleship.com/fila/data/productimages/a/2/FS2POC3108X_OWH.jpg
https://www.fila.co.kr/product/view.asp?ProductNo=39148,M,TOP,https://assets.styleship.com/fila/data/productimages/a/2/FS2POC3104X_BLK.jpg
https://www.fila.co.kr/product/view.asp?ProductNo=39147,M,TOP,https://assets.styleship.com/fila/data/productimages/a/2/FS2POC3105X_BLK.jpg
https://www.fila.co.kr/product/view.asp?ProductNo=39146,M,TOP,https://assets.styleship.com/fila/data/productimages/a/2/FS2POC3103X_AMR.jpg
https://www.fila.co.kr/product/view.asp?ProductNo=39145,M,TOP,https://assets.styleship.com/fila/data/productimages/a/2/FS2POC3107X_INA.jpg
https://www.fila.co.kr/product/view.asp?ProductNo=39143,M,TOP,https://assets.styleship.com/fila/data/productimages/a/2/FS2POC3101X_INA.jpg
https://www.fila.co.kr/product/view.asp?ProductNo=39142,M,TOP,https://assets.styleship.com/fila/data/productimages/a/2/FS2POC3103X_OWH.jpg
https://www.fila.co.kr/product/view.asp?ProductNo=39141,M,TOP,https://assets.styleship.com/fila/data/productimages/a/2/FS2POC3104X_LML.jpg
https://www.fila.co.kr/product/view.asp?ProductNo=39140,M,TOP,https://assets.styleship.com/fila/data/productimages/a/2/FS2POC3105X_OWH.jpg
https://www.fila.co.kr/product/view.asp?ProductNo=39139,M,TOP,https://assets.styleship.com/fila/data/productimages/a/2/FS2POC3103X_INA.jpg
https://www.fila.co.kr/product/view.asp?ProductNo=39138,M,TOP,https://assets.styleship.com/fila/data/productimages/a/2/FS2POC3110X_BLK.jpg
https://www.fila.co.kr/product/view.asp?ProductNo=39137,M,TOP,https://assets.styleship.com/fila/data/productimages/a/2/FS2POC3101X_BLK.jpg
https://www.fila.co.kr/product/view.asp?ProductNo=39136,M,TOP,https://assets.styleship.com/fila/data/productimages/a/2/FS2POC3101X_OWH.jpg
https://www.fila.co.kr/product/view.asp?ProductNo=39135,M,TOP,https://assets.styleship.com/fila/data/productimages/a/2/FS2POC3103X_PBU.jpg
https://www.fila.co.kr/product/view.asp?ProductNo=39134,M,TOP,https://assets.styleship.com/fila/data/productimages/a/2/FS2POC3104X_OWH.jpg
https://www.fila.co.kr/product/view.asp?ProductNo=39133,M,TOP,https://assets.styleship.com/fila/data/productimages/a/2/FS2POC3101X_HPK.jpg
https://www.fila.co.kr/product/view.asp?ProductNo=39132,M,TOP,https://assets.styleship.com/fila/data/productimages/a/2/FS2POC3105X_DKH.jpg
https://www.fila.co.kr/product/view.asp?ProductNo=39131,M,TOP,https://assets.styleship.com/fila/data/productimages/a/2/FS2POC3110X_DRD.jpg
https://www.fila.co.kr/product/view.asp?ProductNo=39130,M,TOP,https://assets.styleship.com/fila/data/productimages/a/2/FS2POC3101X_CRM.jpg
https://www.fila.co.kr/product/view.asp?ProductNo=39129,M,TOP,https://assets.styleship.com/fila/data/productimages/a/2/FS2POC3103X_BLK.jpg
https://www.fila.co.kr/product/view.asp?ProductNo=38101,M,TOP,https://assets.styleship.com/fila/data/productimages/a/2/FS2POC1126X_BLK.jpg
https://www.fila.co.kr/product/view.asp?ProductNo=38098,M,TOP,https://assets.styleship.com/fila/data/productimages/a/2/FS2POC1126X_FGR.jpg
https://www.fila.co.kr/product/view.asp?ProductNo=37617,M,TOP,https://assets.styleship.com/fila/data/productimages/a/2/FS2POC1121X_DRD.jpg
https://www.fila.co.kr/product/view.asp?ProductNo=37616,M,TOP,https://assets.styleship.com/fila/data/productimages/a/2/FS2POC1122X_DRD.jpg
https://www.fila.co.kr/product/view.asp?ProductNo=37615,M,TOP,https://assets.styleship.com/fila/data/productimages/a/2/FS2POC1121X_GRN.jpg
https://www.fila.co.kr/product/view.asp?ProductNo=37613,M,TOP,https://assets.styleship.com/fila/data/productimages/a/2/FS2POC1121X_BLK.jpg
https://www.fila.co.kr/product/view.asp?ProductNo=37612,M,TOP,https://assets.styleship.com/fila/data/productimages/a/2/FS2POC1122X_BLK.jpg
https://www.fila.co.kr/product/view.asp?ProductNo=37375,M,TOP,https://assets.styleship.com/fila/data/productimages/a/2/FS2POC1002X_INA.jpg
https://www.fila.co.kr/product/view.asp?ProductNo=37361,M,TOP,https://assets.styleship.com/fila/data/productimages/a/2/FS2POC1111X_LML.jpg
https://www.fila.co.kr/product/view.asp?ProductNo=37359,M,TOP,https://assets.styleship.com/fila/data/productimages/a/2/FS2POC1124X_BLK.jpg
https://www.fila.co.kr/product/view.asp?ProductNo=37254,M,TOP,https://assets.styleship.com/fila/data/productimages/a/2/FS2POC1124X_OWH.jpg
https://www.fila.co.kr/product/view.asp?ProductNo=37080,M,TOP,https://assets.styleship.com/fila/data/productimages/a/2/FS2POC1125X_OWH.jpg
https://www.fila.co.kr/product/view.asp?ProductNo=36868,M,TOP,https://assets.styleship.com/fila/data/productimages/a/2/FS2POC1P02X_BLK.jpg
https://www.fila.co.kr/product/view.asp?ProductNo=36867,M,TOP,https://assets.styleship.com/fila/data/productimages/a/2/FS2POC1P03X_GRN.jpg
https://www.fila.co.kr/product/view.asp?ProductNo=36861,M,TOP,https://assets.styleship.com/fila/data/productimages/a/2/FS2POC1P01X_BLK.jpg
https://www.fila.co.kr/product/view.asp?ProductNo=36860,M,TOP,https://assets.styleship.com/fila/data/productimages/a/2/FS2POC1P02X_NBE.jpg
https://www.fila.co.kr/product/view.asp?ProductNo=36859,M,TOP,https://assets.styleship.com/fila/data/productimages/a/2/FS2POC1P04X_NBE.jpg
https://www.fila.co.kr/product/view.asp?ProductNo=36854,M,TOP,https://assets.styleship.com/fila/data/productimages/a/2/FS2POC1P01X_NBE.jpg
https://www.fila.co.kr/product/view.asp?ProductNo=36853,M,TOP,https://assets.styleship.com/fila/data/productimages/a/2/FS2POC1P03X_BLK.jpg
https://www.fila.co.kr/product/view.asp?ProductNo=36852,M,TOP,https://assets.styleship.com/fila/data/productimages/a/2/FS2POC1P04X_OWH.jpg
https://www.fila.co.kr/product/view.asp?ProductNo=36827,M,TOP,https://assets.styleship.com/fila/data/productimages/a/2/FS2POC2101X_OWH.jpg
https://www.fila.co.kr/product/view.asp?ProductNo=36823,M,TOP,https://assets.styleship.com/fila/data/productimages/a/2/FS2POC2101X_BLK.jpg
https://www.fila.co.kr/product/view.asp?ProductNo=36726,M,TOP,https://assets.styleship.com/fila/data/productimages/a/2/FS2POC1104X_INA.jpg
https://www.fila.co.kr/product/view.asp?ProductNo=36719,M,TOP,https://assets.styleship.com/fila/data/productimages/a/2/FS2POC1125X_BLK.jpg
https://www.fila.co.kr/product/view.asp?ProductNo=36717,M,TOP,https://assets.styleship.com/fila/data/productimages/a/2/FS2POC1116X_FGR.jpg
https://www.fila.co.kr/product/view.asp?ProductNo=36711,M,TOP,https://assets.styleship.com/fila/data/productimages/a/2/FS2POC1104X_OWH.jpg
https://www.fila.co.kr/product/view.asp?ProductNo=36697,M,TOP,https://assets.styleship.com/fila/data/productimages/a/2/FS2POC2102X_BLK.jpg
https://www.fila.co.kr/product/view.asp?ProductNo=36578,M,TOP,https://assets.styleship.com/fila/data/productimages/a/2/FE2POC5112X_INA.jpg
https://www.fila.co.kr/product/view.asp?ProductNo=36577,M,TOP,https://assets.styleship.com/fila/data/productimages/a/2/FE2POC5114X_BLK.jpg
https://www.fila.co.kr/product/view.asp?ProductNo=36568,M,TOP,https://assets.styleship.com/fila/data/productimages/a/2/FE2POC5113X_BLK.jpg
https://www.fila.co.kr/product/view.asp?ProductNo=36567,M,TOP,https://assets.styleship.com/fila/data/productimages/a/2/FE2POC5114X_LYJ.jpg
https://www.fila.co.kr/product/view.asp?ProductNo=36559,M,TOP,https://assets.styleship.com/fila/data/productimages/a/2/FE2POC5112X_BLK.jpg
https://www.fila.co.kr/product/view.asp?ProductNo=36558,M,TOP,https://assets.styleship.com/fila/data/productimages/a/2/FE2POC5113X_OWH.jpg
https://www.fila.co.kr/product/view.asp?ProductNo=36429,M,TOP,https://assets.styleship.com/fila/data/productimages/a/2/FS2POC1115X_BLK.jpg
https://www.fila.co.kr/product/view.asp?ProductNo=36404,M,TOP,https://assets.styleship.com/fila/data/productimages/a/2/FS2POC1115X_OWH.jpg
https://www.fila.co.kr/product/view.asp?ProductNo=36345,M,TOP,https://assets.styleship.com/fila/data/productimages/a/2/FS2POC1114X_INA.jpg
https://www.fila.co.kr/product/view.asp?ProductNo=36336,M,TOP,https://assets.styleship.com/fila/data/productimages/a/2/FS2POC1110X_INA.jpg
https://www.fila.co.kr/product/view.asp?ProductNo=36328,M,TOP,https://assets.styleship.com/fila/data/productimages/a/2/FS2POC1110X_OWH.jpg
https://www.fila.co.kr/product/view.asp?ProductNo=36310,M,TOP,https://assets.styleship.com/fila/data/productimages/a/2/FS2POC1120X_DRD.jpg
https://www.fila.co.kr/product/view.asp?ProductNo=36280,M,TOP,https://assets.styleship.com/fila/data/productimages/a/2/FS2POC1105X_DRD.jpg
https://www.fila.co.kr/product/view.asp?ProductNo=36278,M,TOP,https://assets.styleship.com/fila/data/productimages/a/2/FS2POC1106X_DRD.jpg
https://www.fila.co.kr/product/view.asp?ProductNo=36274,M,TOP,https://assets.styleship.com/fila/data/productimages/a/2/FS2POC1108X_TEL.jpg
https://www.fila.co.kr/product/view.asp?ProductNo=36265,M,TOP,https://assets.styleship.com/fila/data/productimages/a/2/FS2POC1105X_LGY.jpg
https://www.fila.co.kr/product/view.asp?ProductNo=36263,M,TOP,https://assets.styleship.com/fila/data/productimages/a/2/FS2POC1106X_ROR.jpg
https://www.fila.co.kr/product/view.asp?ProductNo=36261,M,TOP,https://assets.styleship.com/fila/data/productimages/a/2/FS2POC1108X_ROR.jpg
https://www.fila.co.kr/product/view.asp?ProductNo=36259,M,TOP,https://assets.styleship.com/fila/data/productimages/a/2/FS2POC1113X_OWH.jpg
https://www.fila.co.kr/product/view.asp?ProductNo=36250,M,TOP,https://assets.styleship.com/fila/data/productimages/a/2/FS2POC1105X_ROR.jpg
https://www.fila.co.kr/product/view.asp?ProductNo=36246,M,TOP,https://assets.styleship.com/fila/data/productimages/a/2/FS2POC1108X_BLK.jpg
https://www.fila.co.kr/product/view.asp?ProductNo=36172,M,TOP,https://assets.styleship.com/fila/data/productimages/a/2/FS2POC1112X_BLK.jpg
https://www.fila.co.kr/product/view.asp?ProductNo=36171,M,TOP,https://assets.styleship.com/fila/data/productimages/a/2/FS2POC1112X_OWH.jpg
https://www.fila.co.kr/product/view.asp?ProductNo=36166,M,TOP,https://assets.styleship.com/fila/data/productimages/a/2/FS2POC1101X_GNL.jpg
https://www.fila.co.kr/product/view.asp?ProductNo=36160,M,TOP,https://assets.styleship.com/fila/data/productimages/a/2/FS2POC1102X_LML.jpg
https://www.fila.co.kr/product/view.asp?ProductNo=36159,M,TOP,https://assets.styleship.com/fila/data/productimages/a/2/FS2POC1120X_INA.jpg
https://www.fila.co.kr/product/view.asp?ProductNo=36158,M,TOP,https://assets.styleship.com/fila/data/productimages/a/2/FS2POC1102X_OWH.jpg
https://www.fila.co.kr/product/view.asp?ProductNo=36157,M,TOP,https://assets.styleship.com/fila/data/productimages/a/2/FS2POC1120X_OWH.jpg
https://www.fila.co.kr/product/view.asp?ProductNo=36156,M,TOP,https://assets.styleship.com/fila/data/productimages/a/2/FS2POC1118X_INA.jpg
https://www.fila.co.kr/product/view.asp?ProductNo=36155,M,TOP,https://assets.styleship.com/fila/data/productimages/a/2/FS2POC1102X_BLK.jpg
https://www.fila.co.kr/product/view.asp?ProductNo=36140,M,TOP,https://assets.styleship.com/fila/data/productimages/a/2/FS2POC1103X_NBE.jpg
https://www.fila.co.kr/product/view.asp?ProductNo=36131,M,TOP,https://assets.styleship.com/fila/data/productimages/a/2/FS2POC1111X_NBE.jpg
https://www.fila.co.kr/product/view.asp?ProductNo=36130,M,TOP,https://assets.styleship.com/fila/data/productimages/a/2/FS2POC1107X_BLK.jpg
https://www.fila.co.kr/product/view.asp?ProductNo=36129,M,TOP,https://assets.styleship.com/fila/data/productimages/a/2/FS2POC1001X_EMD.jpg
https://www.fila.co.kr/product/view.asp?ProductNo=36128,M,TOP,https://assets.styleship.com/fila/data/productimages/a/2/FS2POC1103X_OWH.jpg
https://www.fila.co.kr/product/view.asp?ProductNo=36119,M,TOP,https://assets.styleship.com/fila/data/productimages/a/2/FS2POC1111X_NOR.jpg
https://www.fila.co.kr/product/view.asp?ProductNo=36118,M,TOP,https://assets.styleship.com/fila/data/productimages/a/2/FS2POC1103X_ROR.jpg
https://www.fila.co.kr/product/view.asp?ProductNo=36117,M,TOP,https://assets.styleship.com/fila/data/productimages/a/2/FS2POC1103X_BLK.jpg
https://www.fila.co.kr/product/view.asp?ProductNo=36116,M,TOP,https://assets.styleship.com/fila/data/productimages/a/2/FS2POC1107X_OWH.jpg
https://www.fila.co.kr/product/view.asp?ProductNo=36087,M,TOP,https://assets.styleship.com/fila/data/productimages/a/2/FS2POC1109X_INA.jpg
https://www.fila.co.kr/product/view.asp?ProductNo=36084,M,TOP,https://assets.styleship.com/fila/data/productimages/a/2/FS2POC1109X_OWH.jpg
https://www.fila.co.kr/product/view.asp?ProductNo=36073,M,TOP,https://assets.styleship.com/fila/data/productimages/a/2/FS2POC1101X_INA.jpg
https://www.fila.co.kr/product/view.asp?ProductNo=36071,M,TOP,https://assets.styleship.com/fila/data/productimages/a/2/FS2POC1001X_SAN.jpg
https://www.fila.co.kr/product/view.asp?ProductNo=36057,M,TOP,https://assets.styleship.com/fila/data/productimages/a/2/FS2POC1101X_NPK.jpg
https://www.fila.co.kr/product/view.asp?ProductNo=36044,M,TOP,https://assets.styleship.com/fila/data/productimages/a/2/FS2POC1101X_BLK.jpg
https://www.fila.co.kr/product/view.asp?ProductNo=36042,M,TOP,https://assets.styleship.com/fila/data/productimages/a/2/FS2POC1001X_INA.jpg
https://www.fila.co.kr/product/view.asp?ProductNo=36016,M,TOP,https://assets.styleship.com/fila/data/productimages/a/2/FS2POC1117X_PUE.jpg
https://www.fila.co.kr/product/view.asp?ProductNo=36014,M,TOP,https://assets.styleship.com/fila/data/productimages/a/2/FS2POC1001X_OWH.jpg
https://www.fila.co.kr/product/view.asp?ProductNo=36013,M,TOP,https://assets.styleship.com/fila/data/productimages/a/2/FS2POC1117X_BLK.jpg
https://www.fila.co.kr/product/view.asp?ProductNo=36009,M,TOP,https://assets.styleship.com/fila/data/productimages/a/2/FS2POC1117X_DRD.jpg
https://www.fila.co.kr/product/view.asp?ProductNo=36008,M,TOP,https://assets.styleship.com/fila/data/productimages/a/2/FS2POC1101X_OWH.jpg
https://www.fila.co.kr/product/view.asp?ProductNo=36007,M,TOP,https://assets.styleship.com/fila/data/productimages/a/2/FS2POC1001X_BLK.jpg
https://www.fila.co.kr/product/view.asp?ProductNo=35397,M,TOP,https://assets.styleship.com/fila/data/productimages/a/2/FE2POB6107X_BRN.jpg
https://www.fila.co.kr/product/view.asp?ProductNo=35272,M,TOP,https://assets.styleship.com/fila/data/productimages/a/2/FE2STB6101X_INA.jpg
https://www.fila.co.kr/product/view.asp?ProductNo=35270,M,TOP,https://assets.styleship.com/fila/data/productimages/a/2/FE2POB6105X_INA.jpg
https://www.fila.co.kr/product/view.asp?ProductNo=35269,M,TOP,https://assets.styleship.com/fila/data/productimages/a/2/FE2POB6101X_INA.jpg
https://www.fila.co.kr/product/view.asp?ProductNo=35163,M,TOP,https://assets.styleship.com/fila/data/productimages/a/2/FS2POB4107X_BLK.jpg
https://www.fila.co.kr/product/view.asp?ProductNo=35160,M,TOP,https://assets.styleship.com/fila/data/productimages/a/2/FS2POB4108X_BEG.jpg
https://www.fila.co.kr/product/view.asp?ProductNo=35159,M,TOP,https://assets.styleship.com/fila/data/productimages/a/2/FS2POB4107X_BEG.jpg
https://www.fila.co.kr/product/view.asp?ProductNo=35158,M,TOP,https://assets.styleship.com/fila/data/productimages/a/2/FS2POB4108X_BLK.jpg
https://www.fila.co.kr/product/view.asp?ProductNo=35117,M,TOP,https://assets.styleship.com/fila/data/productimages/a/2/FE2POB6110X_BLK.jpg
https://www.fila.co.kr/product/view.asp?ProductNo=32852,M,TOP,https://assets.styleship.com/fila/data/productimages/a/2/FE2POB5104X_MLY.jpg
https://www.fila.co.kr/product/view.asp?ProductNo=32851,M,TOP,https://assets.styleship.com/fila/data/productimages/a/2/FE2POB5105X_INA.jpg
https://www.fila.co.kr/product/view.asp?ProductNo=39782,M,TOP,https://assets.styleship.com/fila/data/productimages/a/2/FS2POC4111X_INA.jpg
https://www.fila.co.kr/product/view.asp?ProductNo=39769,M,TOP,https://assets.styleship.com/fila/data/productimages/a/2/FS2POC4111X_LGR.jpg
https://www.fila.co.kr/product/view.asp?ProductNo=39758,M,TOP,https://assets.styleship.com/fila/data/productimages/a/2/FS2POC4110X_INA.jpg
https://www.fila.co.kr/product/view.asp?ProductNo=39757,M,TOP,https://assets.styleship.com/fila/data/productimages/a/2/FS2POC4111X_SGE.jpg
https://www.fila.co.kr/product/view.asp?ProductNo=39720,M,TOP,https://assets.styleship.com/fila/data/productimages/a/2/FS2POC3101X_CUD.jpg
https://www.fila.co.kr/product/view.asp?ProductNo=39716,M,TOP,https://assets.styleship.com/fila/data/productimages/a/2/FS2POC3101X_IPK.jpg
https://www.fila.co.kr/product/view.asp?ProductNo=39633,M,TOP,https://assets.styleship.com/fila/data/productimages/a/2/FS2POC4102X_BLK.jpg
https://www.fila.co.kr/product/view.asp?ProductNo=39627,M,TOP,https://assets.styleship.com/fila/data/productimages/a/2/FS2POC4101X_APT.jpg
https://www.fila.co.kr/product/view.asp?ProductNo=39626,M,TOP,https://assets.styleship.com/fila/data/productimages/a/2/FS2POC4102X_CRM.jpg
https://www.fila.co.kr/product/view.asp?ProductNo=39620,M,TOP,https://assets.styleship.com/fila/data/productimages/a/2/FS2POC4101X_CRM.jpg
https://www.fila.co.kr/product/view.asp?ProductNo=39619,M,TOP,https://assets.styleship.com/fila/data/productimages/a/2/FS2POC4102X_IPK.jpg
https://www.fila.co.kr/product/view.asp?ProductNo=36730,M,TOP,https://assets.styleship.com/fila/data/productimages/a/2/FS2POC1116X_DBN.jpg
https://www.fila.co.kr/product/view.asp?ProductNo=36702,M,TOP,https://assets.styleship.com/fila/data/productimages/a/2/FS2POC1116X_BLK.jpg
https://www.fila.co.kr/product/view.asp?ProductNo=36701,M,TOP,https://assets.styleship.com/fila/data/productimages/a/2/FS2POC1116X_OWH.jpg
https://www.fila.co.kr/product/view.asp?ProductNo=35617,M,TOP,https://assets.styleship.com/fila/data/productimages/a/2/FS2POC1S01X_BLK.jpg
https://www.fila.co.kr/product/view.asp?ProductNo=39504,M,TOP,https://assets.styleship.com/fila/data/productimages/a/2/FS2POC3224X_AMR.jpg
https://www.fila.co.kr/product/view.asp?ProductNo=37716,M,TOP,https://assets.styleship.com/fila/data/productimages/a/2/FS2POC1B01X_BLK.jpg
https://www.fila.co.kr/product/view.asp?ProductNo=37715,M,TOP,https://assets.styleship.com/fila/data/productimages/a/2/FS2POC1B02X_OWH.jpg
https://www.fila.co.kr/product/view.asp?ProductNo=37714,M,TOP,https://assets.styleship.com/fila/data/productimages/a/2/FS2POC1B01X_OWH.jpg
https://www.fila.co.kr/product/view.asp?ProductNo=37713,M,TOP,https://assets.styleship.com/fila/data/productimages/a/2/FS2POC1B02X_BLK.jpg
https://www.fila.co.kr/product/view.asp?ProductNo=37373,M,TOP,https://assets.styleship.com/fila/data/productimages/a/2/FS2POC1002X_OWH.jpg
https://www.fila.co.kr/product/view.asp?ProductNo=37353,M,TOP,https://assets.styleship.com/fila/data/productimages/a/2/FS2POC1002X_VAA.jpg
https://www.fila.co.kr/product/view.asp?ProductNo=35116,M,TOP,https://assets.styleship.com/fila/data/productimages/a/2/FE2POB6102X_BLK.jpg
https://www.fila.co.kr/product/view.asp?ProductNo=32849,M,TOP,https://assets.styleship.com/fila/data/productimages/a/2/FE2POB5108X_LYE.jpg
https://www.fila.co.kr/product/view.asp?ProductNo=39921,M,TOP,https://assets.styleship.com/fila/data/productimages/a/2/FS2JKC3E01X_BLK.jpg
https://www.fila.co.kr/product/view.asp?ProductNo=39920,M,TOP,https://assets.styleship.com/fila/data/productimages/a/2/FS2JKC4E01X_HPK.jpg
https://www.fila.co.kr/product/view.asp?ProductNo=39887,M,TOP,https://assets.styleship.com/fila/data/productimages/a/2/FS2VTC4E01X_BLK.jpg
https://www.fila.co.kr/product/view.asp?ProductNo=39875,M,TOP,https://assets.styleship.com/fila/data/productimages/a/2/FS2VTC4E01X_FGR.jpg
https://www.fila.co.kr/product/view.asp?ProductNo=39865,M,TOP,https://assets.styleship.com/fila/data/productimages/a/2/FS2JKC4E01X_BLK.jpg
https://www.fila.co.kr/product/view.asp?ProductNo=39703,M,TOP,https://assets.styleship.com/fila/data/productimages/a/2/FS2JKC3E01X_PBU.jpg
https://www.fila.co.kr/product/view.asp?ProductNo=39602,M,TOP,https://assets.styleship.com/fila/data/productimages/a/2/FS2FTC3104X_INA.jpg
https://www.fila.co.kr/product/view.asp?ProductNo=39600,M,TOP,https://assets.styleship.com/fila/data/productimages/a/2/FS2FTC3104X_OWH.jpg
https://www.fila.co.kr/product/view.asp?ProductNo=39594,M,TOP,https://assets.styleship.com/fila/data/productimages/a/2/FS2FTC3107X_OWH.jpg
https://www.fila.co.kr/product/view.asp?ProductNo=39586,M,TOP,https://assets.styleship.com/fila/data/productimages/a/2/FS2FTC3106X_BLK.jpg
https://www.fila.co.kr/product/view.asp?ProductNo=39577,M,TOP,https://assets.styleship.com/fila/data/productimages/a/2/FS2FTC3107X_BLK.jpg
https://www.fila.co.kr/product/view.asp?ProductNo=39554,M,TOP,https://assets.styleship.com/fila/data/productimages/a/2/FE2JKC6102X_GRY.jpg
https://www.fila.co.kr/product/view.asp?ProductNo=39553,M,TOP,https://assets.styleship.com/fila/data/productimages/a/2/FE2JKC6101X_CRM.jpg
https://www.fila.co.kr/product/view.asp?ProductNo=39552,M,TOP,https://assets.styleship.com/fila/data/productimages/a/2/FE2JKC6103X_LGY.jpg
https://www.fila.co.kr/product/view.asp?ProductNo=39549,M,TOP,https://assets.styleship.com/fila/data/productimages/a/2/FE2JKC6102X_BLK.jpg
https://www.fila.co.kr/product/view.asp?ProductNo=39548,M,TOP,https://assets.styleship.com/fila/data/productimages/a/2/FE2JKC6101X_BLK.jpg
https://www.fila.co.kr/product/view.asp?ProductNo=39547,M,TOP,https://assets.styleship.com/fila/data/productimages/a/2/FE2JKC6103X_BLK.jpg
https://www.fila.co.kr/product/view.asp?ProductNo=39546,M,TOP,https://assets.styleship.com/fila/data/productimages/a/2/FE2JKC6103X_NAY.jpg
https://www.fila.co.kr/product/view.asp?ProductNo=39542,M,TOP,https://assets.styleship.com/fila/data/productimages/a/2/FE2JKC6102X_CRM.jpg
https://www.fila.co.kr/product/view.asp?ProductNo=39541,M,TOP,https://assets.styleship.com/fila/data/productimages/a/2/FE2JKC6101X_BRN.jpg
https://www.fila.co.kr/product/view.asp?ProductNo=39540,M,TOP,https://assets.styleship.com/fila/data/productimages/a/2/FE2JKC6103X_CRM.jpg
https://www.fila.co.kr/product/view.asp?ProductNo=39473,M,TOP,https://assets.styleship.com/fila/data/productimages/a/2/FS2JKC4101X_CRM.jpg
https://www.fila.co.kr/product/view.asp?ProductNo=39469,M,TOP,https://assets.styleship.com/fila/data/productimages/a/2/FS2JKC4101X_INA.jpg
https://www.fila.co.kr/product/view.asp?ProductNo=39442,M,TOP,https://assets.styleship.com/fila/data/productimages/a/2/FS2JKC3103X_INA.jpg
https://www.fila.co.kr/product/view.asp?ProductNo=39432,M,TOP,https://assets.styleship.com/fila/data/productimages/a/2/FS2JKC3103X_OWH.jpg
https://www.fila.co.kr/product/view.asp?ProductNo=39329,M,TOP,https://assets.styleship.com/fila/data/productimages/a/2/FS2FTC4201M_BLK.jpg
https://www.fila.co.kr/product/view.asp?ProductNo=39186,M,TOP,https://assets.styleship.com/fila/data/productimages/a/2/FS2FTC3101X_BLK.jpg
https://www.fila.co.kr/product/view.asp?ProductNo=39182,M,TOP,https://assets.styleship.com/fila/data/productimages/a/2/FS2FTC3101X_LML.jpg
https://www.fila.co.kr/product/view.asp?ProductNo=39073,M,TOP,https://assets.styleship.com/fila/data/productimages/a/2/FS2JKC3112X_BEG.jpg
https://www.fila.co.kr/product/view.asp?ProductNo=39063,M,TOP,https://assets.styleship.com/fila/data/productimages/a/2/FS2JKC3112X_BLK.jpg
https://www.fila.co.kr/product/view.asp?ProductNo=39054,M,TOP,https://assets.styleship.com/fila/data/productimages/a/2/FS2JKC3112X_CRM.jpg
https://www.fila.co.kr/product/view.asp?ProductNo=38183,M,TOP,https://assets.styleship.com/fila/data/productimages/a/2/FS2FTC1110X_BLK.jpg
https://www.fila.co.kr/product/view.asp?ProductNo=38167,M,TOP,https://assets.styleship.com/fila/data/productimages/a/2/FS2FTC2206X_INA.jpg
https://www.fila.co.kr/product/view.asp?ProductNo=38164,M,TOP,https://assets.styleship.com/fila/data/productimages/a/2/FS2FTC2206X_ORE.jpg
https://www.fila.co.kr/product/view.asp?ProductNo=38161,M,TOP,https://assets.styleship.com/fila/data/productimages/a/2/FS2FTC2205X_OWH.jpg
https://www.fila.co.kr/product/view.asp?ProductNo=38158,M,TOP,https://assets.styleship.com/fila/data/productimages/a/2/FS2FTC2204X_EPK.jpg
https://www.fila.co.kr/product/view.asp?ProductNo=38157,M,TOP,https://assets.styleship.com/fila/data/productimages/a/2/FS2FTC2204X_OWH.jpg
https://www.fila.co.kr/product/view.asp?ProductNo=38156,M,TOP,https://assets.styleship.com/fila/data/productimages/a/2/FS2FTC2204X_BLK.jpg
https://www.fila.co.kr/product/view.asp?ProductNo=38153,M,TOP,https://assets.styleship.com/fila/data/productimages/a/2/FS2FTC2203X_INA.jpg
https://www.fila.co.kr/product/view.asp?ProductNo=38151,M,TOP,https://assets.styleship.com/fila/data/productimages/a/2/FS2FTC2203X_OWH.jpg
https://www.fila.co.kr/product/view.asp?ProductNo=38095,M,TOP,https://assets.styleship.com/fila/data/productimages/a/2/FS2FTC1110X_FGR.jpg
https://www.fila.co.kr/product/view.asp?ProductNo=38030,M,TOP,https://assets.styleship.com/fila/data/productimages/a/2/FS2FTC2205X_INA.jpg
https://www.fila.co.kr/product/view.asp?ProductNo=37819,M,TOP,https://assets.styleship.com/fila/data/productimages/a/2/FS2FTC2202M_BLK.jpg
https://www.fila.co.kr/product/view.asp?ProductNo=37415,M,TOP,https://assets.styleship.com/fila/data/productimages/a/2/FS2JKC1002X_OWH.jpg
https://www.fila.co.kr/product/view.asp?ProductNo=37409,M,TOP,https://assets.styleship.com/fila/data/productimages/a/2/FS2JKC1002X_NBE.jpg
https://www.fila.co.kr/product/view.asp?ProductNo=37371,M,TOP,https://assets.styleship.com/fila/data/productimages/a/2/FS2FTC1120X_BLK.jpg
https://www.fila.co.kr/product/view.asp?ProductNo=37367,M,TOP,https://assets.styleship.com/fila/data/productimages/a/2/FS2FTC2202M_PBL.jpg
https://www.fila.co.kr/product/view.asp?ProductNo=37363,M,TOP,https://assets.styleship.com/fila/data/productimages/a/2/FS2FTC2201M_BLK.jpg
https://www.fila.co.kr/product/view.asp?ProductNo=37356,M,TOP,https://assets.styleship.com/fila/data/productimages/a/2/FS2JKC2201X_BLK.jpg
https://www.fila.co.kr/product/view.asp?ProductNo=37354,M,TOP,https://assets.styleship.com/fila/data/productimages/a/2/FS2JKC2201X_MMA.jpg
https://www.fila.co.kr/product/view.asp?ProductNo=37214,M,TOP,https://assets.styleship.com/fila/data/productimages/a/2/FS2FTC1120X_OWH.jpg
https://www.fila.co.kr/product/view.asp?ProductNo=37211,M,TOP,https://assets.styleship.com/fila/data/productimages/a/2/FS2JKC1113X_BLK.jpg
https://www.fila.co.kr/product/view.asp?ProductNo=37209,M,TOP,https://assets.styleship.com/fila/data/productimages/a/2/FS2FTC1120X_INA.jpg
https://www.fila.co.kr/product/view.asp?ProductNo=36949,M,TOP,https://assets.styleship.com/fila/data/productimages/a/2/FS2FTC1119X_LBE.jpg
https://www.fila.co.kr/product/view.asp?ProductNo=36808,M,TOP,https://assets.styleship.com/fila/data/productimages/a/2/FS2JKC2101X_INA.jpg
https://www.fila.co.kr/product/view.asp?ProductNo=36806,M,TOP,https://assets.styleship.com/fila/data/productimages/a/2/FS2JKC2101X_PBL.jpg
https://www.fila.co.kr/product/view.asp?ProductNo=36753,M,TOP,https://assets.styleship.com/fila/data/productimages/a/2/FE2JKC5121X_BLK.jpg
https://www.fila.co.kr/product/view.asp?ProductNo=36748,M,TOP,https://assets.styleship.com/fila/data/productimages/a/2/FE2JKC5121X_LBE.jpg
https://www.fila.co.kr/product/view.asp?ProductNo=36696,M,TOP,https://assets.styleship.com/fila/data/productimages/a/2/FS2FTC1107X_OWH.jpg
https://www.fila.co.kr/product/view.asp?ProductNo=36691,M,TOP,https://assets.styleship.com/fila/data/productimages/a/2/FS2FTC1107X_BLK.jpg
https://www.fila.co.kr/product/view.asp?ProductNo=36685,M,TOP,https://assets.styleship.com/fila/data/productimages/a/2/FS2FTC1107X_INA.jpg
https://www.fila.co.kr/product/view.asp?ProductNo=36653,M,TOP,https://assets.styleship.com/fila/data/productimages/a/2/FS2JKC1102X_DRD.jpg
https://www.fila.co.kr/product/view.asp?ProductNo=36447,M,TOP,https://assets.styleship.com/fila/data/productimages/a/2/FS2FTC1109X_BLK.jpg
https://www.fila.co.kr/product/view.asp?ProductNo=36432,M,TOP,https://assets.styleship.com/fila/data/productimages/a/2/FS2FTC1101X_LML.jpg
https://www.fila.co.kr/product/view.asp?ProductNo=36407,M,TOP,https://assets.styleship.com/fila/data/productimages/a/2/FS2FTC1102X_INA.jpg
https://www.fila.co.kr/product/view.asp?ProductNo=36371,M,TOP,https://assets.styleship.com/fila/data/productimages/a/2/FS2FTC1109X_LBE.jpg
https://www.fila.co.kr/product/view.asp?ProductNo=36369,M,TOP,https://assets.styleship.com/fila/data/productimages/a/2/FS2FTC1108X_OWH.jpg
https://www.fila.co.kr/product/view.asp?ProductNo=36365,M,TOP,https://assets.styleship.com/fila/data/productimages/a/2/FS2JKC1104X_YEW.jpg
https://www.fila.co.kr/product/view.asp?ProductNo=36359,M,TOP,https://assets.styleship.com/fila/data/productimages/a/2/FS2JKC1104X_ROR.jpg
https://www.fila.co.kr/product/view.asp?ProductNo=36349,M,TOP,https://assets.styleship.com/fila/data/productimages/a/2/FS2JKC1201X_BLK.jpg
https://www.fila.co.kr/product/view.asp?ProductNo=36283,M,TOP,https://assets.styleship.com/fila/data/productimages/a/2/FS2FTC1301M_OWH.jpg
https://www.fila.co.kr/product/view.asp?ProductNo=36282,M,TOP,https://assets.styleship.com/fila/data/productimages/a/2/FS2JKC1101X_YEW.jpg
https://www.fila.co.kr/product/view.asp?ProductNo=36268,M,TOP,https://assets.styleship.com/fila/data/productimages/a/2/FS2JKC1101X_DRD.jpg
https://www.fila.co.kr/product/view.asp?ProductNo=36267,M,TOP,https://assets.styleship.com/fila/data/productimages/a/2/FS2JKC1102X_YEW.jpg
https://www.fila.co.kr/product/view.asp?ProductNo=36255,M,TOP,https://assets.styleship.com/fila/data/productimages/a/2/FS2FTC1106X_LGY.jpg
https://www.fila.co.kr/product/view.asp?ProductNo=36254,M,TOP,https://assets.styleship.com/fila/data/productimages/a/2/FS2FTC1301M_INA.jpg
https://www.fila.co.kr/product/view.asp?ProductNo=36253,M,TOP,https://assets.styleship.com/fila/data/productimages/a/2/FS2JKC1101X_OWH.jpg
https://www.fila.co.kr/product/view.asp?ProductNo=36139,M,TOP,https://assets.styleship.com/fila/data/productimages/a/2/FS2POC1113X_BLK.jpg
https://www.fila.co.kr/product/view.asp?ProductNo=36132,M,TOP,https://assets.styleship.com/fila/data/productimages/a/2/FS2JKC1103X_OWH.jpg
https://www.fila.co.kr/product/view.asp?ProductNo=36123,M,TOP,https://assets.styleship.com/fila/data/productimages/a/2/FS2FTC1106X_DRD.jpg
https://www.fila.co.kr/product/view.asp?ProductNo=36081,M,TOP,https://assets.styleship.com/fila/data/productimages/a/2/FS2FTC1105X_INA.jpg
https://www.fila.co.kr/product/view.asp?ProductNo=36074,M,TOP,https://assets.styleship.com/fila/data/productimages/a/2/FS2FTC1201X_VAA.jpg
https://www.fila.co.kr/product/view.asp?ProductNo=36067,M,TOP,https://assets.styleship.com/fila/data/productimages/a/2/FS2FTC1101X_BLK.jpg
https://www.fila.co.kr/product/view.asp?ProductNo=36066,M,TOP,https://assets.styleship.com/fila/data/productimages/a/2/FS2FTC1103X_OWH.jpg
https://www.fila.co.kr/product/view.asp?ProductNo=36060,M,TOP,https://assets.styleship.com/fila/data/productimages/a/2/FS2FTC1201X_BLK.jpg
https://www.fila.co.kr/product/view.asp?ProductNo=36056,M,TOP,https://assets.styleship.com/fila/data/productimages/a/2/FS2JKC1112X_ROR.jpg
https://www.fila.co.kr/product/view.asp?ProductNo=36052,M,TOP,https://assets.styleship.com/fila/data/productimages/a/2/FS2FTC1102X_BLK.jpg
https://www.fila.co.kr/product/view.asp?ProductNo=36051,M,TOP,https://assets.styleship.com/fila/data/productimages/a/2/FS2FTC1104X_INA.jpg
https://www.fila.co.kr/product/view.asp?ProductNo=36045,M,TOP,https://assets.styleship.com/fila/data/productimages/a/2/FS2FTC1201X_INA.jpg
https://www.fila.co.kr/product/view.asp?ProductNo=36037,M,TOP,https://assets.styleship.com/fila/data/productimages/a/2/FS2FTC1103X_INA.jpg
https://www.fila.co.kr/product/view.asp?ProductNo=35536,M,TOP,https://assets.styleship.com/fila/data/productimages/a/2/FG2WVB4401M_OWH.jpg
https://www.fila.co.kr/product/view.asp?ProductNo=35532,M,TOP,https://assets.styleship.com/fila/data/productimages/a/2/FG2WVB4401M_BLK.jpg
https://www.fila.co.kr/product/view.asp?ProductNo=40012,M,TOP,https://assets.styleship.com/fila/data/productimages/a/2/FS2JKC4104X_INA.jpg
https://www.fila.co.kr/product/view.asp?ProductNo=39912,M,TOP,https://assets.styleship.com/fila/data/productimages/a/2/FS2JKC4104X_CRM.jpg
https://www.fila.co.kr/product/view.asp?ProductNo=39908,M,TOP,https://assets.styleship.com/fila/data/productimages/a/2/FS2FTC4202M_BLK.jpg
https://www.fila.co.kr/product/view.asp?ProductNo=39771,M,TOP,https://assets.styleship.com/fila/data/productimages/a/2/FS2JKC1112X_CRM.jpg
https://www.fila.co.kr/product/view.asp?ProductNo=39766,M,TOP,https://assets.styleship.com/fila/data/productimages/a/2/FS2JKC4102X_BLK.jpg
https://www.fila.co.kr/product/view.asp?ProductNo=39754,M,TOP,https://assets.styleship.com/fila/data/productimages/a/2/FS2JKC4102X_INA.jpg
https://www.fila.co.kr/product/view.asp?ProductNo=39719,M,TOP,https://assets.styleship.com/fila/data/productimages/a/2/FS2FTC4101X_BLK.jpg
https://www.fila.co.kr/product/view.asp?ProductNo=39717,M,TOP,https://assets.styleship.com/fila/data/productimages/a/2/FS2FTC4101X_LBE.jpg
https://www.fila.co.kr/product/view.asp?ProductNo=39715,M,TOP,https://assets.styleship.com/fila/data/productimages/a/2/FS2FTC4101X_LML.jpg
https://www.fila.co.kr/product/view.asp?ProductNo=39476,M,TOP,https://assets.styleship.com/fila/data/productimages/a/2/FS2FTC3106X_INA.jpg
https://www.fila.co.kr/product/view.asp?ProductNo=39452,M,TOP,https://assets.styleship.com/fila/data/productimages/a/2/FS2JKC3104X_BLK.jpg
https://www.fila.co.kr/product/view.asp?ProductNo=39441,M,TOP,https://assets.styleship.com/fila/data/productimages/a/2/FS2JKC3104X_CRM.jpg
https://www.fila.co.kr/product/view.asp?ProductNo=39431,M,TOP,https://assets.styleship.com/fila/data/productimages/a/2/FS2JKC3104X_INA.jpg
https://www.fila.co.kr/product/view.asp?ProductNo=37412,M,TOP,https://assets.styleship.com/fila/data/productimages/a/2/FS2JKC1002X_YEW.jpg
https://www.fila.co.kr/product/view.asp?ProductNo=36959,M,TOP,https://assets.styleship.com/fila/data/productimages/a/2/FE2JKC5301X_BLK.jpg
https://www.fila.co.kr/product/view.asp?ProductNo=36752,M,TOP,https://assets.styleship.com/fila/data/productimages/a/2/FE2JKC5122X_LPK.jpg
https://www.fila.co.kr/product/view.asp?ProductNo=36747,M,TOP,https://assets.styleship.com/fila/data/productimages/a/2/FE2JKC5122X_WGY.jpg
https://www.fila.co.kr/product/view.asp?ProductNo=36743,M,TOP,https://assets.styleship.com/fila/data/productimages/a/2/FE2JKC5122X_BLK.jpg
https://www.fila.co.kr/product/view.asp?ProductNo=36364,M,TOP,https://assets.styleship.com/fila/data/productimages/a/2/FS2JKC1104X_OWH.jpg
https://www.fila.co.kr/product/view.asp?ProductNo=36360,M,TOP,https://assets.styleship.com/fila/data/productimages/a/2/FS2JKC1104X_INA.jpg
https://www.fila.co.kr/product/view.asp?ProductNo=36355,M,TOP,https://assets.styleship.com/fila/data/productimages/a/2/FS2JKC1104X_LPU.jpg
https://www.fila.co.kr/product/view.asp?ProductNo=35996,M,TOP,https://assets.styleship.com/fila/data/productimages/a/2/FS2FTC1118X_OWH.jpg
https://www.fila.co.kr/product/view.asp?ProductNo=36737,M,TOP,https://assets.styleship.com/fila/data/productimages/a/2/FS2JKC2102X_INA.jpg
https://www.fila.co.kr/product/view.asp?ProductNo=36735,M,TOP,https://assets.styleship.com/fila/data/productimages/a/2/FS2JKC2103X_EPK.jpg
https://www.fila.co.kr/product/view.asp?ProductNo=36725,M,TOP,https://assets.styleship.com/fila/data/productimages/a/2/FS2JKC2102X_LGY.jpg
https://www.fila.co.kr/product/view.asp?ProductNo=36723,M,TOP,https://assets.styleship.com/fila/data/productimages/a/2/FS2JKC2103X_INA.jpg
https://www.fila.co.kr/product/view.asp?ProductNo=36712,M,TOP,https://assets.styleship.com/fila/data/productimages/a/2/FS2JKC2102X_DRD.jpg
https://www.fila.co.kr/product/view.asp?ProductNo=36710,M,TOP,https://assets.styleship.com/fila/data/productimages/a/2/FS2JKC2102X_YEW.jpg
https://www.fila.co.kr/product/view.asp?ProductNo=36708,M,TOP,https://assets.styleship.com/fila/data/productimages/a/2/FS2JKC2103X_TEL.jpg
https://www.fila.co.kr/product/view.asp?ProductNo=39718,M,TOP,https://assets.styleship.com/fila/data/productimages/a/2/FS2RLC3E01X_MUD.jpg
https://www.fila.co.kr/product/view.asp?ProductNo=39648,M,TOP,https://assets.styleship.com/fila/data/productimages/a/2/FS2RLC3E01X_BLK.jpg
https://www.fila.co.kr/product/view.asp?ProductNo=39302,M,TOP,https://assets.styleship.com/fila/data/productimages/a/2/FS2RLC3101X_INA.jpg
https://www.fila.co.kr/product/view.asp?ProductNo=39301,M,TOP,https://assets.styleship.com/fila/data/productimages/a/2/FS2RLC3101X_OWH.jpg
https://www.fila.co.kr/product/view.asp?ProductNo=39299,M,TOP,https://assets.styleship.com/fila/data/productimages/a/2/FS2RLC3101X_BLK.jpg
https://www.fila.co.kr/product/view.asp?ProductNo=37411,M,TOP,https://assets.styleship.com/fila/data/productimages/a/2/FS2RLC1103X_BLK.jpg
https://www.fila.co.kr/product/view.asp?ProductNo=36744,M,TOP,https://assets.styleship.com/fila/data/productimages/a/2/FE2TLC5141X_INA.jpg
https://www.fila.co.kr/product/view.asp?ProductNo=36574,M,TOP,https://assets.styleship.com/fila/data/productimages/a/2/FE2RLC5301X_BLK.jpg
https://www.fila.co.kr/product/view.asp?ProductNo=36566,M,TOP,https://assets.styleship.com/fila/data/productimages/a/2/FE2RLC5111X_LYJ.jpg
https://www.fila.co.kr/product/view.asp?ProductNo=36565,M,TOP,https://assets.styleship.com/fila/data/productimages/a/2/FE2RLC5121X_LYJ.jpg
https://www.fila.co.kr/product/view.asp?ProductNo=36564,M,TOP,https://assets.styleship.com/fila/data/productimages/a/2/FE2RLC5301X_OWH.jpg
https://www.fila.co.kr/product/view.asp?ProductNo=36557,M,TOP,https://assets.styleship.com/fila/data/productimages/a/2/FE2RLC5111X_BLK.jpg
https://www.fila.co.kr/product/view.asp?ProductNo=36556,M,TOP,https://assets.styleship.com/fila/data/productimages/a/2/FE2RLC5121X_BLK.jpg
https://www.fila.co.kr/product/view.asp?ProductNo=36547,M,TOP,https://assets.styleship.com/fila/data/productimages/a/2/FE2RLC5151X_BLK.jpg
https://www.fila.co.kr/product/view.asp?ProductNo=36150,M,TOP,https://assets.styleship.com/fila/data/productimages/a/2/FS2RLC1105X_BLK.jpg
https://www.fila.co.kr/product/view.asp?ProductNo=36138,M,TOP,https://assets.styleship.com/fila/data/productimages/a/2/FS2RLC1101X_BLK.jpg
https://www.fila.co.kr/product/view.asp?ProductNo=36137,M,TOP,https://assets.styleship.com/fila/data/productimages/a/2/FS2RLC1105X_LBE.jpg
https://www.fila.co.kr/product/view.asp?ProductNo=36125,M,TOP,https://assets.styleship.com/fila/data/productimages/a/2/FS2RLC1105X_OWH.jpg
https://www.fila.co.kr/product/view.asp?ProductNo=36120,M,TOP,https://assets.styleship.com/fila/data/productimages/a/2/FS2RLC1201M_BLK.jpg
https://www.fila.co.kr/product/view.asp?ProductNo=36092,M,TOP,https://assets.styleship.com/fila/data/productimages/a/2/FS2RLC1101X_OWH.jpg
https://www.fila.co.kr/product/view.asp?ProductNo=36086,M,TOP,https://assets.styleship.com/fila/data/productimages/a/2/FS2RLC1101X_INA.jpg
https://www.fila.co.kr/product/view.asp?ProductNo=35611,M,TOP,https://assets.styleship.com/fila/data/productimages/a/2/FE2RLB6101X_BLK.jpg
https://www.fila.co.kr/product/view.asp?ProductNo=35610,M,TOP,https://assets.styleship.com/fila/data/productimages/a/2/FE2RLB6101X_OWH.jpg
https://www.fila.co.kr/product/view.asp?ProductNo=36575,M,TOP,https://assets.styleship.com/fila/data/productimages/a/2/FE2RLC5121X_COG.jpg
https://www.fila.co.kr/product/view.asp?ProductNo=36143,M,TOP,https://assets.styleship.com/fila/data/productimages/a/2/FS2RLC1104X_OWH.jpg
https://www.fila.co.kr/product/view.asp?ProductNo=36126,M,TOP,https://assets.styleship.com/fila/data/productimages/a/2/FS2RLC1104X_BLK.jpg
https://www.fila.co.kr/product/view.asp?ProductNo=35123,M,TOP,https://assets.styleship.com/fila/data/productimages/a/2/FE2TLB6101X_DGR.jpg
https://www.fila.co.kr/product/view.asp?ProductNo=39982,M,TOP,https://assets.styleship.com/fila/data/productimages/a/2/FE2RLC6991M_WHI.jpg
https://www.fila.co.kr/product/view.asp?ProductNo=39980,M,TOP,https://assets.styleship.com/fila/data/productimages/a/2/FE2RLC6991M_BLK.jpg
https://www.fila.co.kr/product/view.asp?ProductNo=39978,M,TOP,https://assets.styleship.com/fila/data/productimages/a/2/FE2RLC6991M_DGY.jpg
https://www.fila.co.kr/product/view.asp?ProductNo=37547,M,TOP,https://assets.styleship.com/fila/data/productimages/a/2/FE2RLC5991M_DGY.jpg
https://www.fila.co.kr/product/view.asp?ProductNo=37545,M,TOP,https://assets.styleship.com/fila/data/productimages/a/2/FE2RLC5991M_OWH.jpg
https://www.fila.co.kr/product/view.asp?ProductNo=37543,M,TOP,https://assets.styleship.com/fila/data/productimages/a/2/FE2RLC5991M_BLK.jpg
https://www.fila.co.kr/product/view.asp?ProductNo=36576,M,TOP,https://assets.styleship.com/fila/data/productimages/a/2/FE2RLC5111X_LGR.jpg
https://www.fila.co.kr/product/view.asp?ProductNo=39224,M,TOP,https://assets.styleship.com/fila/data/productimages/a/2/FE2RSC6101X_WBK.jpg
https://www.fila.co.kr/product/view.asp?ProductNo=39223,M,TOP,https://assets.styleship.com/fila/data/productimages/a/2/FE2RSC6101X_WTM.jpg
https://www.fila.co.kr/product/view.asp?ProductNo=39222,M,TOP,https://assets.styleship.com/fila/data/productimages/a/2/FE2RSC6101X_WWT.jpg
https://www.fila.co.kr/product/view.asp?ProductNo=39199,M,TOP,https://assets.styleship.com/fila/data/productimages/a/2/FS2RSC3E01X_OWH.jpg
https://www.fila.co.kr/product/view.asp?ProductNo=39197,M,TOP,https://assets.styleship.com/fila/data/productimages/a/2/FS2RSC3E01X_BEG.jpg
https://www.fila.co.kr/product/view.asp?ProductNo=39196,M,TOP,https://assets.styleship.com/fila/data/productimages/a/2/FS2RSC3E02X_BLK.jpg
https://www.fila.co.kr/product/view.asp?ProductNo=39195,M,TOP,https://assets.styleship.com/fila/data/productimages/a/2/FS2RSC3E03X_LML.jpg
https://www.fila.co.kr/product/view.asp?ProductNo=39194,M,TOP,https://assets.styleship.com/fila/data/productimages/a/2/FS2RSC3E01X_BLK.jpg
https://www.fila.co.kr/product/view.asp?ProductNo=39193,M,TOP,https://assets.styleship.com/fila/data/productimages/a/2/FS2RSC3E02X_FGR.jpg
https://www.fila.co.kr/product/view.asp?ProductNo=39156,M,TOP,https://assets.styleship.com/fila/data/productimages/a/2/FE2RSC5111X_OWH.jpg
https://www.fila.co.kr/product/view.asp?ProductNo=38857,M,TOP,https://assets.styleship.com/fila/data/productimages/a/2/FS2RSC2O04X_OWH.jpg
https://www.fila.co.kr/product/view.asp?ProductNo=38820,M,TOP,https://assets.styleship.com/fila/data/productimages/a/2/FS2RSC2A01X_OWH.jpg
https://www.fila.co.kr/product/view.asp?ProductNo=38819,M,TOP,https://assets.styleship.com/fila/data/productimages/a/2/FS2RSC2A03X_BLK.jpg
https://www.fila.co.kr/product/view.asp?ProductNo=38818,M,TOP,https://assets.styleship.com/fila/data/productimages/a/2/FS2RSC2A04X_BLK.jpg
https://www.fila.co.kr/product/view.asp?ProductNo=38815,M,TOP,https://assets.styleship.com/fila/data/productimages/a/2/FS2RSC2A02X_DPK.jpg
https://www.fila.co.kr/product/view.asp?ProductNo=38814,M,TOP,https://assets.styleship.com/fila/data/productimages/a/2/FS2RSC2A03X_OWH.jpg
https://www.fila.co.kr/product/view.asp?ProductNo=38812,M,TOP,https://assets.styleship.com/fila/data/productimages/a/2/FS2RSC2A01X_IDO.jpg
https://www.fila.co.kr/product/view.asp?ProductNo=38811,M,TOP,https://assets.styleship.com/fila/data/productimages/a/2/FS2RSC2A02X_OWH.jpg
https://www.fila.co.kr/product/view.asp?ProductNo=38810,M,TOP,https://assets.styleship.com/fila/data/productimages/a/2/FS2RSC2A04X_BEG.jpg
https://www.fila.co.kr/product/view.asp?ProductNo=38774,M,TOP,https://assets.styleship.com/fila/data/productimages/a/2/FS2RSC2K03X_OWH.jpg
https://www.fila.co.kr/product/view.asp?ProductNo=38759,M,TOP,https://assets.styleship.com/fila/data/productimages/a/2/FS2RSC2164X_DOV.jpg
https://www.fila.co.kr/product/view.asp?ProductNo=38742,M,TOP,https://assets.styleship.com/fila/data/productimages/a/2/FS2RSC2305M_INA.jpg
https://www.fila.co.kr/product/view.asp?ProductNo=38740,M,TOP,https://assets.styleship.com/fila/data/productimages/a/2/FS2RSC2305M_OWH.jpg
https://www.fila.co.kr/product/view.asp?ProductNo=38739,M,TOP,https://assets.styleship.com/fila/data/productimages/a/2/FS2RSC2164X_BLK.jpg
https://www.fila.co.kr/product/view.asp?ProductNo=38738,M,TOP,https://assets.styleship.com/fila/data/productimages/a/2/FS2RSC2164X_OWH.jpg
https://www.fila.co.kr/product/view.asp?ProductNo=38698,M,TOP,https://assets.styleship.com/fila/data/productimages/a/2/FS2RSC2W01X_YEW.jpg
https://www.fila.co.kr/product/view.asp?ProductNo=38697,M,TOP,https://assets.styleship.com/fila/data/productimages/a/2/FS2RSC2W02X_OWH.jpg
https://www.fila.co.kr/product/view.asp?ProductNo=38696,M,TOP,https://assets.styleship.com/fila/data/productimages/a/2/FS2RSC2W03X_DGN.jpg
https://www.fila.co.kr/product/view.asp?ProductNo=38695,M,TOP,https://assets.styleship.com/fila/data/productimages/a/2/FS2RSC2W04X_OWH.jpg
https://www.fila.co.kr/product/view.asp?ProductNo=38694,M,TOP,https://assets.styleship.com/fila/data/productimages/a/2/FS2RSC2W05X_OWH.jpg
https://www.fila.co.kr/product/view.asp?ProductNo=38691,M,TOP,https://assets.styleship.com/fila/data/productimages/a/2/FS2RSC2W01X_BLK.jpg
https://www.fila.co.kr/product/view.asp?ProductNo=38690,M,TOP,https://assets.styleship.com/fila/data/productimages/a/2/FS2RSC2W02X_BLK.jpg
https://www.fila.co.kr/product/view.asp?ProductNo=38689,M,TOP,https://assets.styleship.com/fila/data/productimages/a/2/FS2RSC2W02X_YEW.jpg
https://www.fila.co.kr/product/view.asp?ProductNo=38688,M,TOP,https://assets.styleship.com/fila/data/productimages/a/2/FS2RSC2W03X_OWH.jpg
https://www.fila.co.kr/product/view.asp?ProductNo=38682,M,TOP,https://assets.styleship.com/fila/data/productimages/a/2/FS2RSC2W01X_OWH.jpg
https://www.fila.co.kr/product/view.asp?ProductNo=38681,M,TOP,https://assets.styleship.com/fila/data/productimages/a/2/FS2RSC2W02X_DGN.jpg
https://www.fila.co.kr/product/view.asp?ProductNo=38680,M,TOP,https://assets.styleship.com/fila/data/productimages/a/2/FS2RSC2W03X_BLK.jpg
https://www.fila.co.kr/product/view.asp?ProductNo=38679,M,TOP,https://assets.styleship.com/fila/data/productimages/a/2/FS2RSC2W04X_BLK.jpg
https://www.fila.co.kr/product/view.asp?ProductNo=38637,M,TOP,https://assets.styleship.com/fila/data/productimages/a/2/FS2RSC2151X_OWH.jpg
https://www.fila.co.kr/product/view.asp?ProductNo=38631,M,TOP,https://assets.styleship.com/fila/data/productimages/a/2/FS2RSC2152X_OWH.jpg
https://www.fila.co.kr/product/view.asp?ProductNo=38626,M,TOP,https://assets.styleship.com/fila/data/productimages/a/2/FS2RSC2150X_OWH.jpg
https://www.fila.co.kr/product/view.asp?ProductNo=38625,M,TOP,https://assets.styleship.com/fila/data/productimages/a/2/FS2RSC2153X_OWH.jpg
https://www.fila.co.kr/product/view.asp?ProductNo=38546,M,TOP,https://assets.styleship.com/fila/data/productimages/a/2/FS2RSC2T05X_BLK.jpg
https://www.fila.co.kr/product/view.asp?ProductNo=38543,M,TOP,https://assets.styleship.com/fila/data/productimages/a/2/FS2RSC2T02X_VAA.jpg
https://www.fila.co.kr/product/view.asp?ProductNo=38542,M,TOP,https://assets.styleship.com/fila/data/productimages/a/2/FS2RSC2T04X_BLK.jpg
https://www.fila.co.kr/product/view.asp?ProductNo=38541,M,TOP,https://assets.styleship.com/fila/data/productimages/a/2/FS2RSC2T05X_YEW.jpg
https://www.fila.co.kr/product/view.asp?ProductNo=38539,M,TOP,https://assets.styleship.com/fila/data/productimages/a/2/FS2RSC2T02X_INA.jpg
https://www.fila.co.kr/product/view.asp?ProductNo=38538,M,TOP,https://assets.styleship.com/fila/data/productimages/a/2/FS2RSC2T03X_BLK.jpg
https://www.fila.co.kr/product/view.asp?ProductNo=38537,M,TOP,https://assets.styleship.com/fila/data/productimages/a/2/FS2RSC2T04X_VAA.jpg
https://www.fila.co.kr/product/view.asp?ProductNo=38533,M,TOP,https://assets.styleship.com/fila/data/productimages/a/2/FS2RSC2T02X_OWH.jpg
https://www.fila.co.kr/product/view.asp?ProductNo=38532,M,TOP,https://assets.styleship.com/fila/data/productimages/a/2/FS2RSC2T03X_VAA.jpg
https://www.fila.co.kr/product/view.asp?ProductNo=38507,M,TOP,https://assets.styleship.com/fila/data/productimages/a/2/FS2RSC2M01X_INA.jpg
https://www.fila.co.kr/product/view.asp?ProductNo=38506,M,TOP,https://assets.styleship.com/fila/data/productimages/a/2/FS2RSC2S01X_FBU.jpg
https://www.fila.co.kr/product/view.asp?ProductNo=38505,M,TOP,https://assets.styleship.com/fila/data/productimages/a/2/FS2RSC2S02X_SCT.jpg
https://www.fila.co.kr/product/view.asp?ProductNo=38504,M,TOP,https://assets.styleship.com/fila/data/productimages/a/2/FS2RSC2S03X_SCT.jpg
https://www.fila.co.kr/product/view.asp?ProductNo=38503,M,TOP,https://assets.styleship.com/fila/data/productimages/a/2/FS2RSC2S05X_INA.jpg
https://www.fila.co.kr/product/view.asp?ProductNo=38502,M,TOP,https://assets.styleship.com/fila/data/productimages/a/2/FS2RSC2M01X_OWH.jpg
https://www.fila.co.kr/product/view.asp?ProductNo=38501,M,TOP,https://assets.styleship.com/fila/data/productimages/a/2/FS2RSC2S01X_VAA.jpg
https://www.fila.co.kr/product/view.asp?ProductNo=38500,M,TOP,https://assets.styleship.com/fila/data/productimages/a/2/FS2RSC2S02X_YEW.jpg
https://www.fila.co.kr/product/view.asp?ProductNo=38499,M,TOP,https://assets.styleship.com/fila/data/productimages/a/2/FS2RSC2S04X_FBU.jpg
https://www.fila.co.kr/product/view.asp?ProductNo=38498,M,TOP,https://assets.styleship.com/fila/data/productimages/a/2/FS2RSC2S05X_VAA.jpg
https://www.fila.co.kr/product/view.asp?ProductNo=38497,M,TOP,https://assets.styleship.com/fila/data/productimages/a/2/FS2RSC2M01X_DRD.jpg
https://www.fila.co.kr/product/view.asp?ProductNo=38496,M,TOP,https://assets.styleship.com/fila/data/productimages/a/2/FS2RSC2S02X_LGR.jpg
https://www.fila.co.kr/product/view.asp?ProductNo=38495,M,TOP,https://assets.styleship.com/fila/data/productimages/a/2/FS2RSC2S03X_OWH.jpg
https://www.fila.co.kr/product/view.asp?ProductNo=38494,M,TOP,https://assets.styleship.com/fila/data/productimages/a/2/FS2RSC2S04X_YEW.jpg
https://www.fila.co.kr/product/view.asp?ProductNo=38435,M,TOP,https://assets.styleship.com/fila/data/productimages/a/2/FS2RSC2147X_OWH.jpg
https://www.fila.co.kr/product/view.asp?ProductNo=38434,M,TOP,https://assets.styleship.com/fila/data/productimages/a/2/FS2RSC2145X_YEW.jpg
https://www.fila.co.kr/product/view.asp?ProductNo=38432,M,TOP,https://assets.styleship.com/fila/data/productimages/a/2/FS2RSC2145X_BLK.jpg
https://www.fila.co.kr/product/view.asp?ProductNo=38431,M,TOP,https://assets.styleship.com/fila/data/productimages/a/2/FS2RSC2147X_BLK.jpg
https://www.fila.co.kr/product/view.asp?ProductNo=38216,M,TOP,https://assets.styleship.com/fila/data/productimages/a/2/FS2RSC2149X_NBE.jpg
https://www.fila.co.kr/product/view.asp?ProductNo=38213,M,TOP,https://assets.styleship.com/fila/data/productimages/a/2/FS2RSC2155X_OWH.jpg
https://www.fila.co.kr/product/view.asp?ProductNo=38206,M,TOP,https://assets.styleship.com/fila/data/productimages/a/2/FS2RSC2149X_FGR.jpg
https://www.fila.co.kr/product/view.asp?ProductNo=38192,M,TOP,https://assets.styleship.com/fila/data/productimages/a/2/FS2RSC2144X_BLK.jpg
https://www.fila.co.kr/product/view.asp?ProductNo=38180,M,TOP,https://assets.styleship.com/fila/data/productimages/a/2/FS2RSC2304M_YEW.jpg
https://www.fila.co.kr/product/view.asp?ProductNo=38177,M,TOP,https://assets.styleship.com/fila/data/productimages/a/2/FS2RSC2304M_OWH.jpg
https://www.fila.co.kr/product/view.asp?ProductNo=38152,M,TOP,https://assets.styleship.com/fila/data/productimages/a/2/FS2RSC2148X_OWH.jpg
https://www.fila.co.kr/product/view.asp?ProductNo=38148,M,TOP,https://assets.styleship.com/fila/data/productimages/a/2/FS2RSC2148X_BLK.jpg
https://www.fila.co.kr/product/view.asp?ProductNo=38136,M,TOP,https://assets.styleship.com/fila/data/productimages/a/2/FS2RSC2112X_BLK.jpg
https://www.fila.co.kr/product/view.asp?ProductNo=38135,M,TOP,https://assets.styleship.com/fila/data/productimages/a/2/FS2RSC2304M_INA.jpg
https://www.fila.co.kr/product/view.asp?ProductNo=38086,M,TOP,https://assets.styleship.com/fila/data/productimages/a/2/FE2RSC5111X_INA.jpg
https://www.fila.co.kr/product/view.asp?ProductNo=38085,M,TOP,https://assets.styleship.com/fila/data/productimages/a/2/FE2RSC5113X_INA.jpg
https://www.fila.co.kr/product/view.asp?ProductNo=38084,M,TOP,https://assets.styleship.com/fila/data/productimages/a/2/FE2RSC5111X_BLK.jpg
https://www.fila.co.kr/product/view.asp?ProductNo=38083,M,TOP,https://assets.styleship.com/fila/data/productimages/a/2/FE2RSC5113X_BLK.jpg
https://www.fila.co.kr/product/view.asp?ProductNo=38082,M,TOP,https://assets.styleship.com/fila/data/productimages/a/2/FE2RSC5111X_CRM.jpg
https://www.fila.co.kr/product/view.asp?ProductNo=38047,M,TOP,https://assets.styleship.com/fila/data/productimages/a/2/FS2RSC2143X_DRD.jpg
https://www.fila.co.kr/product/view.asp?ProductNo=38045,M,TOP,https://assets.styleship.com/fila/data/productimages/a/2/FS2RSC2143X_GRN.jpg
https://www.fila.co.kr/product/view.asp?ProductNo=38043,M,TOP,https://assets.styleship.com/fila/data/productimages/a/2/FS2RSC2143X_BLK.jpg
https://www.fila.co.kr/product/view.asp?ProductNo=38029,M,TOP,https://assets.styleship.com/fila/data/productimages/a/2/FS2RSC2154X_BLK.jpg
https://www.fila.co.kr/product/view.asp?ProductNo=38028,M,TOP,https://assets.styleship.com/fila/data/productimages/a/2/FS2RSC2155X_BLK.jpg
https://www.fila.co.kr/product/view.asp?ProductNo=38026,M,TOP,https://assets.styleship.com/fila/data/productimages/a/2/FS2RSC2155X_FGR.jpg
https://www.fila.co.kr/product/view.asp?ProductNo=38025,M,TOP,https://assets.styleship.com/fila/data/productimages/a/2/FS2RSC2154X_OWH.jpg
https://www.fila.co.kr/product/view.asp?ProductNo=38020,M,TOP,https://assets.styleship.com/fila/data/productimages/a/2/FS2RSC2132X_INA.jpg
https://www.fila.co.kr/product/view.asp?ProductNo=38017,M,TOP,https://assets.styleship.com/fila/data/productimages/a/2/FS2RSC2132X_OWH.jpg
https://www.fila.co.kr/product/view.asp?ProductNo=38015,M,TOP,https://assets.styleship.com/fila/data/productimages/a/2/FS2RSC2203X_OWH.jpg
https://www.fila.co.kr/product/view.asp?ProductNo=38014,M,TOP,https://assets.styleship.com/fila/data/productimages/a/2/FS2RSC2113X_OWH.jpg
https://www.fila.co.kr/product/view.asp?ProductNo=38008,M,TOP,https://assets.styleship.com/fila/data/productimages/a/2/FS2RSC2144X_FGR.jpg
https://www.fila.co.kr/product/view.asp?ProductNo=38007,M,TOP,https://assets.styleship.com/fila/data/productimages/a/2/FS2RSC2144X_OWH.jpg
https://www.fila.co.kr/product/view.asp?ProductNo=38004,M,TOP,https://assets.styleship.com/fila/data/productimages/a/2/FS2RSC2146X_EPK.jpg
https://www.fila.co.kr/product/view.asp?ProductNo=38003,M,TOP,https://assets.styleship.com/fila/data/productimages/a/2/FS2RSC2146X_BLK.jpg
https://www.fila.co.kr/product/view.asp?ProductNo=37829,M,TOP,https://assets.styleship.com/fila/data/productimages/a/2/FS2RSC2135X_LGY.jpg
https://www.fila.co.kr/product/view.asp?ProductNo=37828,M,TOP,https://assets.styleship.com/fila/data/productimages/a/2/FS2RSC2135X_ROR.jpg
https://www.fila.co.kr/product/view.asp?ProductNo=37827,M,TOP,https://assets.styleship.com/fila/data/productimages/a/2/FS2RSC2135X_DRD.jpg
https://www.fila.co.kr/product/view.asp?ProductNo=37820,M,TOP,https://assets.styleship.com/fila/data/productimages/a/2/FS2RSC2207X_OWH.jpg
https://www.fila.co.kr/product/view.asp?ProductNo=37817,M,TOP,https://assets.styleship.com/fila/data/productimages/a/2/FS2RSC2207X_NAY.jpg
https://www.fila.co.kr/product/view.asp?ProductNo=37661,M,TOP,https://assets.styleship.com/fila/data/productimages/a/2/FS2RSC2106X_EPK.jpg
https://www.fila.co.kr/product/view.asp?ProductNo=37659,M,TOP,https://assets.styleship.com/fila/data/productimages/a/2/FS2RSC2106X_NBE.jpg
https://www.fila.co.kr/product/view.asp?ProductNo=37655,M,TOP,https://assets.styleship.com/fila/data/productimages/a/2/FS2RSC2127X_SAN.jpg
https://www.fila.co.kr/product/view.asp?ProductNo=37654,M,TOP,https://assets.styleship.com/fila/data/productimages/a/2/FS2RSC2127X_BLK.jpg
https://www.fila.co.kr/product/view.asp?ProductNo=37492,M,TOP,https://assets.styleship.com/fila/data/productimages/a/2/FS2RSC2206X_NAY.jpg
https://www.fila.co.kr/product/view.asp?ProductNo=37490,M,TOP,https://assets.styleship.com/fila/data/productimages/a/2/FS2RSC2114X_OWH.jpg
https://www.fila.co.kr/product/view.asp?ProductNo=37489,M,TOP,https://assets.styleship.com/fila/data/productimages/a/2/FS2RSC2128X_NGR.jpg
https://www.fila.co.kr/product/view.asp?ProductNo=37488,M,TOP,https://assets.styleship.com/fila/data/productimages/a/2/FS2RSC2128X_BLK.jpg
https://www.fila.co.kr/product/view.asp?ProductNo=37487,M,TOP,https://assets.styleship.com/fila/data/productimages/a/2/FS2RSC2128X_OWH.jpg
https://www.fila.co.kr/product/view.asp?ProductNo=37486,M,TOP,https://assets.styleship.com/fila/data/productimages/a/2/FS2RSC2114X_BLK.jpg
https://www.fila.co.kr/product/view.asp?ProductNo=37485,M,TOP,https://assets.styleship.com/fila/data/productimages/a/2/FS2RSC2128X_NBE.jpg
https://www.fila.co.kr/product/view.asp?ProductNo=37469,M,TOP,https://assets.styleship.com/fila/data/productimages/a/2/FS2RSC2208X_NAY.jpg
https://www.fila.co.kr/product/view.asp?ProductNo=37467,M,TOP,https://assets.styleship.com/fila/data/productimages/a/2/FS2RSC2208X_ORE.jpg
https://www.fila.co.kr/product/view.asp?ProductNo=37464,M,TOP,https://assets.styleship.com/fila/data/productimages/a/2/FS2RSC2206X_OWH.jpg
https://www.fila.co.kr/product/view.asp?ProductNo=37441,M,TOP,https://assets.styleship.com/fila/data/productimages/a/2/FS2RSC2130X_OWH.jpg
https://www.fila.co.kr/product/view.asp?ProductNo=37436,M,TOP,https://assets.styleship.com/fila/data/productimages/a/2/FS2RSC2111X_OWH.jpg
https://www.fila.co.kr/product/view.asp?ProductNo=37431,M,TOP,https://assets.styleship.com/fila/data/productimages/a/2/FS2RSC2111X_SAN.jpg
https://www.fila.co.kr/product/view.asp?ProductNo=37417,M,TOP,https://assets.styleship.com/fila/data/productimages/a/2/FS2RSC2110X_OWH.jpg
https://www.fila.co.kr/product/view.asp?ProductNo=37416,M,TOP,https://assets.styleship.com/fila/data/productimages/a/2/FS2RSC2001X_GNL.jpg
https://www.fila.co.kr/product/view.asp?ProductNo=37414,M,TOP,https://assets.styleship.com/fila/data/productimages/a/2/FS2RSC2110X_YEW.jpg
https://www.fila.co.kr/product/view.asp?ProductNo=37413,M,TOP,https://assets.styleship.com/fila/data/productimages/a/2/FS2RSC2001X_NPK.jpg
https://www.fila.co.kr/product/view.asp?ProductNo=37410,M,TOP,https://assets.styleship.com/fila/data/productimages/a/2/FS2RSC2001X_EMD.jpg
https://www.fila.co.kr/product/view.asp?ProductNo=37376,M,TOP,https://assets.styleship.com/fila/data/productimages/a/2/FS2RSC2204X_OWH.jpg
https://www.fila.co.kr/product/view.asp?ProductNo=37366,M,TOP,https://assets.styleship.com/fila/data/productimages/a/2/FS2RSC2205M_BLK.jpg
https://www.fila.co.kr/product/view.asp?ProductNo=37364,M,TOP,https://assets.styleship.com/fila/data/productimages/a/2/FS2RSC2205M_PBL.jpg
https://www.fila.co.kr/product/view.asp?ProductNo=37357,M,TOP,https://assets.styleship.com/fila/data/productimages/a/2/FS2TSC2102X_OWH.jpg
https://www.fila.co.kr/product/view.asp?ProductNo=37355,M,TOP,https://assets.styleship.com/fila/data/productimages/a/2/FS2RSC2129X_INA.jpg
https://www.fila.co.kr/product/view.asp?ProductNo=37351,M,TOP,https://assets.styleship.com/fila/data/productimages/a/2/FS2RSC2129X_YEW.jpg
https://www.fila.co.kr/product/view.asp?ProductNo=37331,M,TOP,https://assets.styleship.com/fila/data/productimages/a/2/FS2TSC2102X_INA.jpg
https://www.fila.co.kr/product/view.asp?ProductNo=37330,M,TOP,https://assets.styleship.com/fila/data/productimages/a/2/FS2RSC2201X_MMA.jpg
https://www.fila.co.kr/product/view.asp?ProductNo=37329,M,TOP,https://assets.styleship.com/fila/data/productimages/a/2/FS2RSC2202X_LML.jpg
https://www.fila.co.kr/product/view.asp?ProductNo=37316,M,TOP,https://assets.styleship.com/fila/data/productimages/a/2/FS2RSC2201X_BLK.jpg
https://www.fila.co.kr/product/view.asp?ProductNo=37315,M,TOP,https://assets.styleship.com/fila/data/productimages/a/2/FS2RSC2201X_PBL.jpg
https://www.fila.co.kr/product/view.asp?ProductNo=37301,M,TOP,https://assets.styleship.com/fila/data/productimages/a/2/FS2RSC2201X_LIE.jpg
https://www.fila.co.kr/product/view.asp?ProductNo=37300,M,TOP,https://assets.styleship.com/fila/data/productimages/a/2/FS2RSC2202X_INA.jpg
https://www.fila.co.kr/product/view.asp?ProductNo=37248,M,TOP,https://assets.styleship.com/fila/data/productimages/a/2/FS2RSC2302M_OWH.jpg
https://www.fila.co.kr/product/view.asp?ProductNo=37247,M,TOP,https://assets.styleship.com/fila/data/productimages/a/2/FS2TSC2301M_OWH.jpg
https://www.fila.co.kr/product/view.asp?ProductNo=37246,M,TOP,https://assets.styleship.com/fila/data/productimages/a/2/FS2TSC2303M_INA.jpg
https://www.fila.co.kr/product/view.asp?ProductNo=37245,M,TOP,https://assets.styleship.com/fila/data/productimages/a/2/FS2TSC2304M_OWH.jpg
https://www.fila.co.kr/product/view.asp?ProductNo=37244,M,TOP,https://assets.styleship.com/fila/data/productimages/a/2/FS2RSC2303M_INA.jpg
https://www.fila.co.kr/product/view.asp?ProductNo=37243,M,TOP,https://assets.styleship.com/fila/data/productimages/a/2/FS2TSC2302X_INA.jpg
https://www.fila.co.kr/product/view.asp?ProductNo=37242,M,TOP,https://assets.styleship.com/fila/data/productimages/a/2/FS2TSC2303M_OWH.jpg
https://www.fila.co.kr/product/view.asp?ProductNo=37241,M,TOP,https://assets.styleship.com/fila/data/productimages/a/2/FS2RSC2302M_INA.jpg
https://www.fila.co.kr/product/view.asp?ProductNo=37240,M,TOP,https://assets.styleship.com/fila/data/productimages/a/2/FS2RSC2303M_OWH.jpg
https://www.fila.co.kr/product/view.asp?ProductNo=37239,M,TOP,https://assets.styleship.com/fila/data/productimages/a/2/FS2TSC2301M_INA.jpg
https://www.fila.co.kr/product/view.asp?ProductNo=37238,M,TOP,https://assets.styleship.com/fila/data/productimages/a/2/FS2TSC2302X_OWH.jpg
https://www.fila.co.kr/product/view.asp?ProductNo=37237,M,TOP,https://assets.styleship.com/fila/data/productimages/a/2/FS2TSC2304M_INA.jpg
https://www.fila.co.kr/product/view.asp?ProductNo=37233,M,TOP,https://assets.styleship.com/fila/data/productimages/a/2/FS2RSC2202X_OWH.jpg
https://www.fila.co.kr/product/view.asp?ProductNo=37228,M,TOP,https://assets.styleship.com/fila/data/productimages/a/2/FS2RSC2102X_INA.jpg
https://www.fila.co.kr/product/view.asp?ProductNo=37225,M,TOP,https://assets.styleship.com/fila/data/productimages/a/2/FS2TSC2101X_VAA.jpg
https://www.fila.co.kr/product/view.asp?ProductNo=37224,M,TOP,https://assets.styleship.com/fila/data/productimages/a/2/FS2RSC2102X_BLK.jpg
https://www.fila.co.kr/product/view.asp?ProductNo=37223,M,TOP,https://assets.styleship.com/fila/data/productimages/a/2/FS2RSC2102X_OWH.jpg
https://www.fila.co.kr/product/view.asp?ProductNo=37221,M,TOP,https://assets.styleship.com/fila/data/productimages/a/2/FS2TSC2101X_INA.jpg
https://www.fila.co.kr/product/view.asp?ProductNo=37220,M,TOP,https://assets.styleship.com/fila/data/productimages/a/2/FS2RSC2102X_GNL.jpg
https://www.fila.co.kr/product/view.asp?ProductNo=37217,M,TOP,https://assets.styleship.com/fila/data/productimages/a/2/FS2TSC2101X_SAN.jpg
https://www.fila.co.kr/product/view.asp?ProductNo=37104,M,TOP,https://assets.styleship.com/fila/data/productimages/a/2/FS2RSC2131X_OWH.jpg
https://www.fila.co.kr/product/view.asp?ProductNo=37102,M,TOP,https://assets.styleship.com/fila/data/productimages/a/2/FS2RSC2301M_INA.jpg
https://www.fila.co.kr/product/view.asp?ProductNo=37095,M,TOP,https://assets.styleship.com/fila/data/productimages/a/2/FS2RSC2204X_BLK.jpg
https://www.fila.co.kr/product/view.asp?ProductNo=37094,M,TOP,https://assets.styleship.com/fila/data/productimages/a/2/FS2RSC2301M_OWH.jpg
https://www.fila.co.kr/product/view.asp?ProductNo=37086,M,TOP,https://assets.styleship.com/fila/data/productimages/a/2/FS2RSC2131X_INA.jpg
https://www.fila.co.kr/product/view.asp?ProductNo=37084,M,TOP,https://assets.styleship.com/fila/data/productimages/a/2/FS2RSC2204X_MMA.jpg
https://www.fila.co.kr/product/view.asp?ProductNo=36962,M,TOP,https://assets.styleship.com/fila/data/productimages/a/2/FE2RSC5132X_DGY.jpg
https://www.fila.co.kr/product/view.asp?ProductNo=36958,M,TOP,https://assets.styleship.com/fila/data/productimages/a/2/FE2RSC5131X_DGY.jpg
https://www.fila.co.kr/product/view.asp?ProductNo=36869,M,TOP,https://assets.styleship.com/fila/data/productimages/a/2/FS2RSC2P05X_BLK.jpg
https://www.fila.co.kr/product/view.asp?ProductNo=36866,M,TOP,https://assets.styleship.com/fila/data/productimages/a/2/FS2RSC2P01X_OWH.jpg
https://www.fila.co.kr/product/view.asp?ProductNo=36865,M,TOP,https://assets.styleship.com/fila/data/productimages/a/2/FS2RSC2P02X_GRN.jpg
https://www.fila.co.kr/product/view.asp?ProductNo=36864,M,TOP,https://assets.styleship.com/fila/data/productimages/a/2/FS2RSC2P03X_BLK.jpg
https://www.fila.co.kr/product/view.asp?ProductNo=36863,M,TOP,https://assets.styleship.com/fila/data/productimages/a/2/FS2RSC2P04X_FGR.jpg
https://www.fila.co.kr/product/view.asp?ProductNo=36862,M,TOP,https://assets.styleship.com/fila/data/productimages/a/2/FS2RSC2P05X_OWH.jpg
https://www.fila.co.kr/product/view.asp?ProductNo=36858,M,TOP,https://assets.styleship.com/fila/data/productimages/a/2/FS2RSC2P01X_YEW.jpg
https://www.fila.co.kr/product/view.asp?ProductNo=36857,M,TOP,https://assets.styleship.com/fila/data/productimages/a/2/FS2RSC2P02X_LBE.jpg
https://www.fila.co.kr/product/view.asp?ProductNo=36856,M,TOP,https://assets.styleship.com/fila/data/productimages/a/2/FS2RSC2P03X_LAC.jpg
https://www.fila.co.kr/product/view.asp?ProductNo=36855,M,TOP,https://assets.styleship.com/fila/data/productimages/a/2/FS2RSC2P04X_NBE.jpg
https://www.fila.co.kr/product/view.asp?ProductNo=36851,M,TOP,https://assets.styleship.com/fila/data/productimages/a/2/FS2RSC2P02X_BLK.jpg
https://www.fila.co.kr/product/view.asp?ProductNo=36850,M,TOP,https://assets.styleship.com/fila/data/productimages/a/2/FS2RSC2P02X_NBE.jpg
https://www.fila.co.kr/product/view.asp?ProductNo=36849,M,TOP,https://assets.styleship.com/fila/data/productimages/a/2/FS2RSC2P03X_OWH.jpg
https://www.fila.co.kr/product/view.asp?ProductNo=36846,M,TOP,https://assets.styleship.com/fila/data/productimages/a/2/FS2RSC2108X_INA.jpg
https://www.fila.co.kr/product/view.asp?ProductNo=36841,M,TOP,https://assets.styleship.com/fila/data/productimages/a/2/FS2RSC2108X_YEW.jpg
https://www.fila.co.kr/product/view.asp?ProductNo=36835,M,TOP,https://assets.styleship.com/fila/data/productimages/a/2/FS2RSC2126X_LBE.jpg
https://www.fila.co.kr/product/view.asp?ProductNo=36833,M,TOP,https://assets.styleship.com/fila/data/productimages/a/2/FS2RSC2105X_LBE.jpg
https://www.fila.co.kr/product/view.asp?ProductNo=36832,M,TOP,https://assets.styleship.com/fila/data/productimages/a/2/FS2RSC2126X_OWH.jpg
https://www.fila.co.kr/product/view.asp?ProductNo=36830,M,TOP,https://assets.styleship.com/fila/data/productimages/a/2/FS2RSC2105X_NBE.jpg
https://www.fila.co.kr/product/view.asp?ProductNo=36829,M,TOP,https://assets.styleship.com/fila/data/productimages/a/2/FS2RSC2126X_BLK.jpg
https://www.fila.co.kr/product/view.asp?ProductNo=36814,M,TOP,https://assets.styleship.com/fila/data/productimages/a/2/FS2RSC2107X_INA.jpg
https://www.fila.co.kr/product/view.asp?ProductNo=36812,M,TOP,https://assets.styleship.com/fila/data/productimages/a/2/FS2RSC2107X_YEW.jpg
https://www.fila.co.kr/product/view.asp?ProductNo=36750,M,TOP,https://assets.styleship.com/fila/data/productimages/a/2/FE2RSC5122X_INA.jpg
https://www.fila.co.kr/product/view.asp?ProductNo=36749,M,TOP,https://assets.styleship.com/fila/data/productimages/a/2/FE2RSC5141X_LYJ.jpg
https://www.fila.co.kr/product/view.asp?ProductNo=36745,M,TOP,https://assets.styleship.com/fila/data/productimages/a/2/FE2RSC5122X_OWH.jpg
https://www.fila.co.kr/product/view.asp?ProductNo=36740,M,TOP,https://assets.styleship.com/fila/data/productimages/a/2/FS2RSC2103X_FGR.jpg
https://www.fila.co.kr/product/view.asp?ProductNo=36732,M,TOP,https://assets.styleship.com/fila/data/productimages/a/2/FS2RSC2140X_OWH.jpg
https://www.fila.co.kr/product/view.asp?ProductNo=36731,M,TOP,https://assets.styleship.com/fila/data/productimages/a/2/FS2RSC2142X_VAA.jpg
https://www.fila.co.kr/product/view.asp?ProductNo=36728,M,TOP,https://assets.styleship.com/fila/data/productimages/a/2/FS2RSC2103X_INA.jpg
https://www.fila.co.kr/product/view.asp?ProductNo=36720,M,TOP,https://assets.styleship.com/fila/data/productimages/a/2/FS2RSC2142X_BLK.jpg
https://www.fila.co.kr/product/view.asp?ProductNo=36715,M,TOP,https://assets.styleship.com/fila/data/productimages/a/2/FS2RSC2102X_NPK.jpg
https://www.fila.co.kr/product/view.asp?ProductNo=36714,M,TOP,https://assets.styleship.com/fila/data/productimages/a/2/FS2RSC2103X_OWH.jpg
https://www.fila.co.kr/product/view.asp?ProductNo=36713,M,TOP,https://assets.styleship.com/fila/data/productimages/a/2/FS2RSC2109X_BLK.jpg
https://www.fila.co.kr/product/view.asp?ProductNo=36705,M,TOP,https://assets.styleship.com/fila/data/productimages/a/2/FS2RSC2140X_NBE.jpg
https://www.fila.co.kr/product/view.asp?ProductNo=36703,M,TOP,https://assets.styleship.com/fila/data/productimages/a/2/FS2RSC2142X_OWH.jpg
https://www.fila.co.kr/product/view.asp?ProductNo=36580,M,TOP,https://assets.styleship.com/fila/data/productimages/a/2/FE2RSC5302X_LYE.jpg
https://www.fila.co.kr/product/view.asp?ProductNo=36573,M,TOP,https://assets.styleship.com/fila/data/productimages/a/2/FE2RSC5112X_OWH.jpg
https://www.fila.co.kr/product/view.asp?ProductNo=36572,M,TOP,https://assets.styleship.com/fila/data/productimages/a/2/FE2RSC5121X_OWH.jpg
https://www.fila.co.kr/product/view.asp?ProductNo=36570,M,TOP,https://assets.styleship.com/fila/data/productimages/a/2/FE2RSC5302X_OWH.jpg
https://www.fila.co.kr/product/view.asp?ProductNo=36563,M,TOP,https://assets.styleship.com/fila/data/productimages/a/2/FE2RSC5121X_BLK.jpg
https://www.fila.co.kr/product/view.asp?ProductNo=36562,M,TOP,https://assets.styleship.com/fila/data/productimages/a/2/FE2RSC5301X_DGR.jpg
https://www.fila.co.kr/product/view.asp?ProductNo=36561,M,TOP,https://assets.styleship.com/fila/data/productimages/a/2/FE2RSC5302X_BLK.jpg
https://www.fila.co.kr/product/view.asp?ProductNo=36555,M,TOP,https://assets.styleship.com/fila/data/productimages/a/2/FE2RSC5112X_BLK.jpg
https://www.fila.co.kr/product/view.asp?ProductNo=36554,M,TOP,https://assets.styleship.com/fila/data/productimages/a/2/FE2RSC5121X_LYJ.jpg
https://www.fila.co.kr/product/view.asp?ProductNo=36552,M,TOP,https://assets.styleship.com/fila/data/productimages/a/2/FE2RSC5303X_BLK.jpg
https://www.fila.co.kr/product/view.asp?ProductNo=36551,M,TOP,https://assets.styleship.com/fila/data/productimages/a/2/FE2RSC5303X_OWH.jpg
https://www.fila.co.kr/product/view.asp?ProductNo=36550,M,TOP,https://assets.styleship.com/fila/data/productimages/a/2/FE2RSC5303X_DGR.jpg
https://www.fila.co.kr/product/view.asp?ProductNo=36549,M,TOP,https://assets.styleship.com/fila/data/productimages/a/2/FE2RSC5303X_YEW.jpg
https://www.fila.co.kr/product/view.asp?ProductNo=36548,M,TOP,https://assets.styleship.com/fila/data/productimages/a/2/FE2RSC5303X_GBL.jpg
https://www.fila.co.kr/product/view.asp?ProductNo=36170,M,TOP,https://assets.styleship.com/fila/data/productimages/a/2/FS2RSC2101X_NBE.jpg
https://www.fila.co.kr/product/view.asp?ProductNo=36168,M,TOP,https://assets.styleship.com/fila/data/productimages/a/2/FS2RSC2101X_BLK.jpg
https://www.fila.co.kr/product/view.asp?ProductNo=36167,M,TOP,https://assets.styleship.com/fila/data/productimages/a/2/FS2RSC2101X_OWH.jpg
https://www.fila.co.kr/product/view.asp?ProductNo=36164,M,TOP,https://assets.styleship.com/fila/data/productimages/a/2/FS2RSC2101X_EMD.jpg
https://www.fila.co.kr/product/view.asp?ProductNo=36163,M,TOP,https://assets.styleship.com/fila/data/productimages/a/2/FS2RSC2101X_ROR.jpg
https://www.fila.co.kr/product/view.asp?ProductNo=36070,M,TOP,https://assets.styleship.com/fila/data/productimages/a/2/FS2RSC2001X_BLK.jpg
https://www.fila.co.kr/product/view.asp?ProductNo=36068,M,TOP,https://assets.styleship.com/fila/data/productimages/a/2/FS2RSC2102X_LML.jpg
https://www.fila.co.kr/product/view.asp?ProductNo=36054,M,TOP,https://assets.styleship.com/fila/data/productimages/a/2/FS2RSC2001X_OWH.jpg
https://www.fila.co.kr/product/view.asp?ProductNo=36039,M,TOP,https://assets.styleship.com/fila/data/productimages/a/2/FS2RSC2001X_YEW.jpg
https://www.fila.co.kr/product/view.asp?ProductNo=35525,M,TOP,https://assets.styleship.com/fila/data/productimages/a/2/FE2RSC5304X_BLK.jpg
https://www.fila.co.kr/product/view.asp?ProductNo=33666,M,TOP,https://assets.styleship.com/fila/data/productimages/a/2/FE2RSB5101X_BLK.jpg
https://www.fila.co.kr/product/view.asp?ProductNo=33665,M,TOP,https://assets.styleship.com/fila/data/productimages/a/2/FE2RSB5101X_OWH.jpg
https://www.fila.co.kr/product/view.asp?ProductNo=33664,M,TOP,https://assets.styleship.com/fila/data/productimages/a/2/FE2RSB5101X_CBT.jpg
https://www.fila.co.kr/product/view.asp?ProductNo=33663,M,TOP,https://assets.styleship.com/fila/data/productimages/a/2/FE2RSB5101X_YEW.jpg
https://www.fila.co.kr/product/view.asp?ProductNo=33662,M,TOP,https://assets.styleship.com/fila/data/productimages/a/2/FE2RSB5101X_INA.jpg
https://www.fila.co.kr/product/view.asp?ProductNo=33641,M,TOP,https://assets.styleship.com/fila/data/productimages/a/2/FE2RSB5109X_BLK.jpg
https://www.fila.co.kr/product/view.asp?ProductNo=33640,M,TOP,https://assets.styleship.com/fila/data/productimages/a/2/FE2RSB5109X_YEW.jpg
https://www.fila.co.kr/product/view.asp?ProductNo=33634,M,TOP,https://assets.styleship.com/fila/data/productimages/a/2/FE2RSB5112X_INA.jpg
https://www.fila.co.kr/product/view.asp?ProductNo=33344,M,TOP,https://assets.styleship.com/fila/data/productimages/a/2/FE2RSB5202X_WHI.jpg
https://www.fila.co.kr/product/view.asp?ProductNo=32377,M,TOP,https://assets.styleship.com/fila/data/productimages/a/2/FS2RSB2001X_LML.jpg
https://www.fila.co.kr/product/view.asp?ProductNo=32376,M,TOP,https://assets.styleship.com/fila/data/productimages/a/2/FS2RSB2001X_OWH.jpg
https://www.fila.co.kr/product/view.asp?ProductNo=32375,M,TOP,https://assets.styleship.com/fila/data/productimages/a/2/FS2RSB2001X_YEW.jpg
https://www.fila.co.kr/product/view.asp?ProductNo=32374,M,TOP,https://assets.styleship.com/fila/data/productimages/a/2/FS2RSB2001X_IPK.jpg
https://www.fila.co.kr/product/view.asp?ProductNo=32239,M,TOP,https://assets.styleship.com/fila/data/productimages/a/2/FS2RSB2001X_INA.jpg
https://www.fila.co.kr/product/view.asp?ProductNo=32178,M,TOP,https://assets.styleship.com/fila/data/productimages/a/2/FS2RSB2001X_BLK.jpg
https://www.fila.co.kr/product/view.asp?ProductNo=39200,M,TOP,https://assets.styleship.com/fila/data/productimages/a/2/FE2RSB5114X_BLK.jpg
https://www.fila.co.kr/product/view.asp?ProductNo=39198,M,TOP,https://assets.styleship.com/fila/data/productimages/a/2/FS2RSC3E03X_BLK.jpg
https://www.fila.co.kr/product/view.asp?ProductNo=38862,M,TOP,https://assets.styleship.com/fila/data/productimages/a/2/FS2RSC2O01X_OWH.jpg
https://www.fila.co.kr/product/view.asp?ProductNo=38861,M,TOP,https://assets.styleship.com/fila/data/productimages/a/2/FS2RSC2O02X_OWH.jpg
https://www.fila.co.kr/product/view.asp?ProductNo=38860,M,TOP,https://assets.styleship.com/fila/data/productimages/a/2/FS2RSC2O04X_BLK.jpg
https://www.fila.co.kr/product/view.asp?ProductNo=38859,M,TOP,https://assets.styleship.com/fila/data/productimages/a/2/FS2RSC2O02X_BLK.jpg
https://www.fila.co.kr/product/view.asp?ProductNo=38858,M,TOP,https://assets.styleship.com/fila/data/productimages/a/2/FS2RSC2O03X_OWH.jpg
https://www.fila.co.kr/product/view.asp?ProductNo=38856,M,TOP,https://assets.styleship.com/fila/data/productimages/a/2/FS2RSC2O01X_BLK.jpg
https://www.fila.co.kr/product/view.asp?ProductNo=38855,M,TOP,https://assets.styleship.com/fila/data/productimages/a/2/FS2RSC2O02X_FGR.jpg
https://www.fila.co.kr/product/view.asp?ProductNo=38854,M,TOP,https://assets.styleship.com/fila/data/productimages/a/2/FS2RSC2O03X_SBE.jpg
https://www.fila.co.kr/product/view.asp?ProductNo=38775,M,TOP,https://assets.styleship.com/fila/data/productimages/a/2/FS2RSC2K02X_OWH.jpg
https://www.fila.co.kr/product/view.asp?ProductNo=38773,M,TOP,https://assets.styleship.com/fila/data/productimages/a/2/FS2RSC2K01X_BLK.jpg
https://www.fila.co.kr/product/view.asp?ProductNo=38687,M,TOP,https://assets.styleship.com/fila/data/productimages/a/2/FS2RSC2W05X_BLK.jpg
https://www.fila.co.kr/product/view.asp?ProductNo=38436,M,TOP,https://assets.styleship.com/fila/data/productimages/a/2/FS2RSC2145X_EPK.jpg
https://www.fila.co.kr/product/view.asp?ProductNo=38087,M,TOP,https://assets.styleship.com/fila/data/productimages/a/2/FE2RSC5113X_CRM.jpg
https://www.fila.co.kr/product/view.asp?ProductNo=38027,M,TOP,https://assets.styleship.com/fila/data/productimages/a/2/FS2RSC2154X_NBE.jpg
https://www.fila.co.kr/product/view.asp?ProductNo=38016,M,TOP,https://assets.styleship.com/fila/data/productimages/a/2/FS2RSC2203X_INA.jpg
https://www.fila.co.kr/product/view.asp?ProductNo=37656,M,TOP,https://assets.styleship.com/fila/data/productimages/a/2/FS2RSC2127X_JAD.jpg
https://www.fila.co.kr/product/view.asp?ProductNo=37289,M,TOP,https://assets.styleship.com/fila/data/productimages/a/2/FE2RSC5132X_CRM.jpg
https://www.fila.co.kr/product/view.asp?ProductNo=36741,M,TOP,https://assets.styleship.com/fila/data/productimages/a/2/FE2RSC5141X_BLK.jpg
https://www.fila.co.kr/product/view.asp?ProductNo=36553,M,TOP,https://assets.styleship.com/fila/data/productimages/a/2/FE2RSC5301X_BLK.jpg
https://www.fila.co.kr/product/view.asp?ProductNo=34809,M,TOP,https://assets.styleship.com/fila/data/productimages/a/2/FS2RSB2125X_CBT.jpg
https://www.fila.co.kr/product/view.asp?ProductNo=33721,M,TOP,https://assets.styleship.com/fila/data/productimages/a/2/FS2TSB2103X_INA.jpg
https://www.fila.co.kr/product/view.asp?ProductNo=33632,M,TOP,https://assets.styleship.com/fila/data/productimages/a/2/FE2RSB5112X_BLK.jpg
https://www.fila.co.kr/product/view.asp?ProductNo=33629,M,TOP,https://assets.styleship.com/fila/data/productimages/a/2/FE2RSB5112X_CRM.jpg
https://www.fila.co.kr/product/view.asp?ProductNo=33348,M,TOP,https://assets.styleship.com/fila/data/productimages/a/2/FE2RSB5204X_GRN.jpg
https://www.fila.co.kr/product/view.asp?ProductNo=33346,M,TOP,https://assets.styleship.com/fila/data/productimages/a/2/FE2RSB5203X_BLK.jpg
https://www.fila.co.kr/product/view.asp?ProductNo=33345,M,TOP,https://assets.styleship.com/fila/data/productimages/a/2/FE2RSB5202X_BLK.jpg
https://www.fila.co.kr/product/view.asp?ProductNo=32943,M,TOP,https://assets.styleship.com/fila/data/productimages/a/2/FE2RSB5104X_OWH.jpg
https://www.fila.co.kr/product/view.asp?ProductNo=32942,M,TOP,https://assets.styleship.com/fila/data/productimages/a/2/FE2RSB5102X_BLK.jpg
https://www.fila.co.kr/product/view.asp?ProductNo=32522,M,TOP,https://assets.styleship.com/fila/data/productimages/a/2/FS2RSB2201M_BLK.jpg
https://www.fila.co.kr/product/view.asp?ProductNo=39108,M,TOP,https://assets.styleship.com/fila/data/productimages/a/2/FS2RSB2003X_INA.jpg
https://www.fila.co.kr/product/view.asp?ProductNo=39107,M,TOP,https://assets.styleship.com/fila/data/productimages/a/2/FS2RSB2102X_OWH.jpg
https://www.fila.co.kr/product/view.asp?ProductNo=39106,M,TOP,https://assets.styleship.com/fila/data/productimages/a/2/FS2RSA2101X_FGR.jpg
https://www.fila.co.kr/product/view.asp?ProductNo=39104,M,TOP,https://assets.styleship.com/fila/data/productimages/a/2/FS2RSB2G06X_OWH.jpg
https://www.fila.co.kr/product/view.asp?ProductNo=39103,M,TOP,https://assets.styleship.com/fila/data/productimages/a/2/FS2RSB2003X_OWH.jpg
https://www.fila.co.kr/product/view.asp?ProductNo=39102,M,TOP,https://assets.styleship.com/fila/data/productimages/a/2/FS2RSB2108X_OWH.jpg
https://www.fila.co.kr/product/view.asp?ProductNo=39101,M,TOP,https://assets.styleship.com/fila/data/productimages/a/2/FS2RSB2G05X_OWH.jpg
https://www.fila.co.kr/product/view.asp?ProductNo=39099,M,TOP,https://assets.styleship.com/fila/data/productimages/a/2/FS2RSB2102X_INA.jpg
https://www.fila.co.kr/product/view.asp?ProductNo=39098,M,TOP,https://assets.styleship.com/fila/data/productimages/a/2/FS2RSB2106X_BLK.jpg
https://www.fila.co.kr/product/view.asp?ProductNo=38678,M,TOP,https://assets.styleship.com/fila/data/productimages/a/2/FS2RSC2W05X_DGN.jpg
https://www.fila.co.kr/product/view.asp?ProductNo=37757,M,TOP,https://assets.styleship.com/fila/data/productimages/a/2/FE2RSC5991M_BUE.jpg
https://www.fila.co.kr/product/view.asp?ProductNo=37756,M,TOP,https://assets.styleship.com/fila/data/productimages/a/2/FE2RSC5991M_WHI.jpg
https://www.fila.co.kr/product/view.asp?ProductNo=37755,M,TOP,https://assets.styleship.com/fila/data/productimages/a/2/FE2RSC5991M_INA.jpg
https://www.fila.co.kr/product/view.asp?ProductNo=37754,M,TOP,https://assets.styleship.com/fila/data/productimages/a/2/FE2RSC5991M_BLK.jpg
https://www.fila.co.kr/product/view.asp?ProductNo=37753,M,TOP,https://assets.styleship.com/fila/data/productimages/a/2/FE2RSC5991M_MLY.jpg
https://www.fila.co.kr/product/view.asp?ProductNo=37726,M,TOP,https://assets.styleship.com/fila/data/productimages/a/2/FS2RSC2B03X_BLK.jpg
https://www.fila.co.kr/product/view.asp?ProductNo=37725,M,TOP,https://assets.styleship.com/fila/data/productimages/a/2/FS2RSC2B04X_BLK.jpg
https://www.fila.co.kr/product/view.asp?ProductNo=37724,M,TOP,https://assets.styleship.com/fila/data/productimages/a/2/FS2RSC2B01X_OWH.jpg
https://www.fila.co.kr/product/view.asp?ProductNo=37723,M,TOP,https://assets.styleship.com/fila/data/productimages/a/2/FS2RSC2B03X_GRP.jpg
https://www.fila.co.kr/product/view.asp?ProductNo=37722,M,TOP,https://assets.styleship.com/fila/data/productimages/a/2/FS2RSC2B04X_GRP.jpg
https://www.fila.co.kr/product/view.asp?ProductNo=37721,M,TOP,https://assets.styleship.com/fila/data/productimages/a/2/FS2RSC2B01X_BLK.jpg
https://www.fila.co.kr/product/view.asp?ProductNo=37720,M,TOP,https://assets.styleship.com/fila/data/productimages/a/2/FS2RSC2B02X_GRP.jpg
https://www.fila.co.kr/product/view.asp?ProductNo=37719,M,TOP,https://assets.styleship.com/fila/data/productimages/a/2/FS2RSC2B03X_OWH.jpg
https://www.fila.co.kr/product/view.asp?ProductNo=37718,M,TOP,https://assets.styleship.com/fila/data/productimages/a/2/FS2RSC2B04X_OWH.jpg
https://www.fila.co.kr/product/view.asp?ProductNo=37717,M,TOP,https://assets.styleship.com/fila/data/productimages/a/2/FS2RSC2B01X_EPK.jpg
https://www.fila.co.kr/product/view.asp?ProductNo=37372,M,TOP,https://assets.styleship.com/fila/data/productimages/a/2/FS2RSC2001X_INA.jpg
https://www.fila.co.kr/product/view.asp?ProductNo=37227,M,TOP,https://assets.styleship.com/fila/data/productimages/a/2/FS2RSC2125X_GNL.jpg
https://www.fila.co.kr/product/view.asp?ProductNo=37226,M,TOP,https://assets.styleship.com/fila/data/productimages/a/2/FS2RSC2125X_NPK.jpg
https://www.fila.co.kr/product/view.asp?ProductNo=37222,M,TOP,https://assets.styleship.com/fila/data/productimages/a/2/FS2RSC2125X_NBE.jpg
https://www.fila.co.kr/product/view.asp?ProductNo=37219,M,TOP,https://assets.styleship.com/fila/data/productimages/a/2/FS2RSC2125X_BLK.jpg
https://www.fila.co.kr/product/view.asp?ProductNo=37218,M,TOP,https://assets.styleship.com/fila/data/productimages/a/2/FS2RSC2125X_NOR.jpg
https://www.fila.co.kr/product/view.asp?ProductNo=37097,M,TOP,https://assets.styleship.com/fila/data/productimages/a/2/FS2RSC2106X_OWH.jpg
https://www.fila.co.kr/product/view.asp?ProductNo=36739,M,TOP,https://assets.styleship.com/fila/data/productimages/a/2/FS2RSC2104X_CGR.jpg
https://www.fila.co.kr/product/view.asp?ProductNo=36727,M,TOP,https://assets.styleship.com/fila/data/productimages/a/2/FS2RSC2104X_OWH.jpg
https://www.fila.co.kr/product/view.asp?ProductNo=36370,M,TOP,https://assets.styleship.com/fila/data/productimages/a/2/FS2RSC2141X_OWH.jpg
https://www.fila.co.kr/product/view.asp?ProductNo=36367,M,TOP,https://assets.styleship.com/fila/data/productimages/a/2/FS2RSC2141X_BLK.jpg
