https://www.fila.co.kr/product/view.asp?ProductNo=39704,M,BOTTOM,https://assets.styleship.com/fila/data/productimages/a/2/FS2WPC3E01X_BLK.jpg
https://www.fila.co.kr/product/view.asp?ProductNo=39639,M,BOTTOM,https://assets.styleship.com/fila/data/productimages/a/2/FS2FPC3010X_DKH.jpg
https://www.fila.co.kr/product/view.asp?ProductNo=39637,M,BOTTOM,https://assets.styleship.com/fila/data/productimages/a/2/FS2FPC3010X_BLK.jpg
https://www.fila.co.kr/product/view.asp?ProductNo=39635,M,BOTTOM,https://assets.styleship.com/fila/data/productimages/a/2/FS2FPC3010X_CRM.jpg
https://www.fila.co.kr/product/view.asp?ProductNo=39634,M,BOTTOM,https://assets.styleship.com/fila/data/productimages/a/2/FS2FPC3226X_SBE.jpg
https://www.fila.co.kr/product/view.asp?ProductNo=39621,M,BOTTOM,https://assets.styleship.com/fila/data/productimages/a/2/FS2FPC3226X_CAN.jpg
https://www.fila.co.kr/product/view.asp?ProductNo=39603,M,BOTTOM,https://assets.styleship.com/fila/data/productimages/a/2/FS2FPC3107X_OWH.jpg
https://www.fila.co.kr/product/view.asp?ProductNo=39601,M,BOTTOM,https://assets.styleship.com/fila/data/productimages/a/2/FS2FPC3107X_BLK.jpg
https://www.fila.co.kr/product/view.asp?ProductNo=39598,M,BOTTOM,https://assets.styleship.com/fila/data/productimages/a/2/FS2FPC3106X_BLK.jpg
https://www.fila.co.kr/product/view.asp?ProductNo=39597,M,BOTTOM,https://assets.styleship.com/fila/data/productimages/a/2/FS2FPC3108X_LML.jpg
https://www.fila.co.kr/product/view.asp?ProductNo=39589,M,BOTTOM,https://assets.styleship.com/fila/data/productimages/a/2/FS2FPC3106X_INA.jpg
https://www.fila.co.kr/product/view.asp?ProductNo=39580,M,BOTTOM,https://assets.styleship.com/fila/data/productimages/a/2/FS2FPC3108X_BLK.jpg
https://www.fila.co.kr/product/view.asp?ProductNo=39336,M,BOTTOM,https://assets.styleship.com/fila/data/productimages/a/2/FS2FPC4201M_BLK.jpg
https://www.fila.co.kr/product/view.asp?ProductNo=39192,M,BOTTOM,https://assets.styleship.com/fila/data/productimages/a/2/FS2FPC3009X_INA.jpg
https://www.fila.co.kr/product/view.asp?ProductNo=39191,M,BOTTOM,https://assets.styleship.com/fila/data/productimages/a/2/FS2FPC3101X_LML.jpg
https://www.fila.co.kr/product/view.asp?ProductNo=39190,M,BOTTOM,https://assets.styleship.com/fila/data/productimages/a/2/FS2FPC3102X_LML.jpg
https://www.fila.co.kr/product/view.asp?ProductNo=39188,M,BOTTOM,https://assets.styleship.com/fila/data/productimages/a/2/FS2FPC3009X_OWH.jpg
https://www.fila.co.kr/product/view.asp?ProductNo=39187,M,BOTTOM,https://assets.styleship.com/fila/data/productimages/a/2/FS2FPC3102X_BLK.jpg
https://www.fila.co.kr/product/view.asp?ProductNo=39185,M,BOTTOM,https://assets.styleship.com/fila/data/productimages/a/2/FS2FPC3009X_BLK.jpg
https://www.fila.co.kr/product/view.asp?ProductNo=39184,M,BOTTOM,https://assets.styleship.com/fila/data/productimages/a/2/FS2FPC3101X_BLK.jpg
https://www.fila.co.kr/product/view.asp?ProductNo=39183,M,BOTTOM,https://assets.styleship.com/fila/data/productimages/a/2/FS2FPC3102X_DNA.jpg
https://www.fila.co.kr/product/view.asp?ProductNo=38215,M,BOTTOM,https://assets.styleship.com/fila/data/productimages/a/2/FS2FPC2204X_EPK.jpg
https://www.fila.co.kr/product/view.asp?ProductNo=38165,M,BOTTOM,https://assets.styleship.com/fila/data/productimages/a/2/FS2FPC2204X_OWH.jpg
https://www.fila.co.kr/product/view.asp?ProductNo=38162,M,BOTTOM,https://assets.styleship.com/fila/data/productimages/a/2/FS2FPC2205X_INA.jpg
https://www.fila.co.kr/product/view.asp?ProductNo=38159,M,BOTTOM,https://assets.styleship.com/fila/data/productimages/a/2/FS2FPC2204X_BLK.jpg
https://www.fila.co.kr/product/view.asp?ProductNo=38093,M,BOTTOM,https://assets.styleship.com/fila/data/productimages/a/2/FS2FPC1110X_FGR.jpg
https://www.fila.co.kr/product/view.asp?ProductNo=38088,M,BOTTOM,https://assets.styleship.com/fila/data/productimages/a/2/FS2FPC1110X_BLK.jpg
https://www.fila.co.kr/product/view.asp?ProductNo=37822,M,BOTTOM,https://assets.styleship.com/fila/data/productimages/a/2/FS2FPC2203X_INA.jpg
https://www.fila.co.kr/product/view.asp?ProductNo=37374,M,BOTTOM,https://assets.styleship.com/fila/data/productimages/a/2/FS2FPC1121X_INA.jpg
https://www.fila.co.kr/product/view.asp?ProductNo=37234,M,BOTTOM,https://assets.styleship.com/fila/data/productimages/a/2/FS2FPC2206X_INA.jpg
https://www.fila.co.kr/product/view.asp?ProductNo=37215,M,BOTTOM,https://assets.styleship.com/fila/data/productimages/a/2/FS2FPC1120X_INA.jpg
https://www.fila.co.kr/product/view.asp?ProductNo=37212,M,BOTTOM,https://assets.styleship.com/fila/data/productimages/a/2/FS2FPC1120X_OWH.jpg
https://www.fila.co.kr/product/view.asp?ProductNo=37210,M,BOTTOM,https://assets.styleship.com/fila/data/productimages/a/2/FS2FPC1120X_BLK.jpg
https://www.fila.co.kr/product/view.asp?ProductNo=36736,M,BOTTOM,https://assets.styleship.com/fila/data/productimages/a/2/FS2FPC1107X_BLK.jpg
https://www.fila.co.kr/product/view.asp?ProductNo=36734,M,BOTTOM,https://assets.styleship.com/fila/data/productimages/a/2/FS2FPC2201M_BLK.jpg
https://www.fila.co.kr/product/view.asp?ProductNo=36724,M,BOTTOM,https://assets.styleship.com/fila/data/productimages/a/2/FS2FPC1107X_INA.jpg
https://www.fila.co.kr/product/view.asp?ProductNo=36722,M,BOTTOM,https://assets.styleship.com/fila/data/productimages/a/2/FS2FPC2201M_INA.jpg
https://www.fila.co.kr/product/view.asp?ProductNo=36706,M,BOTTOM,https://assets.styleship.com/fila/data/productimages/a/2/FS2FPC2202M_BLK.jpg
https://www.fila.co.kr/product/view.asp?ProductNo=36465,M,BOTTOM,https://assets.styleship.com/fila/data/productimages/a/2/FS2FPC1101X_LML.jpg
https://www.fila.co.kr/product/view.asp?ProductNo=36461,M,BOTTOM,https://assets.styleship.com/fila/data/productimages/a/2/FS2FPC1108X_INA.jpg
https://www.fila.co.kr/product/view.asp?ProductNo=36459,M,BOTTOM,https://assets.styleship.com/fila/data/productimages/a/2/FS2FPC1111X_OWH.jpg
https://www.fila.co.kr/product/view.asp?ProductNo=36436,M,BOTTOM,https://assets.styleship.com/fila/data/productimages/a/2/FS2FPC1111X_BLK.jpg
https://www.fila.co.kr/product/view.asp?ProductNo=36418,M,BOTTOM,https://assets.styleship.com/fila/data/productimages/a/2/FS2FPC1101X_BLK.jpg
https://www.fila.co.kr/product/view.asp?ProductNo=36415,M,BOTTOM,https://assets.styleship.com/fila/data/productimages/a/2/FS2FPC1102X_INA.jpg
https://www.fila.co.kr/product/view.asp?ProductNo=36413,M,BOTTOM,https://assets.styleship.com/fila/data/productimages/a/2/FS2FPC1102X_ROR.jpg
https://www.fila.co.kr/product/view.asp?ProductNo=36411,M,BOTTOM,https://assets.styleship.com/fila/data/productimages/a/2/FS2FPC1111X_INA.jpg
https://www.fila.co.kr/product/view.asp?ProductNo=36350,M,BOTTOM,https://assets.styleship.com/fila/data/productimages/a/2/FS2WPC2201M_BLK.jpg
https://www.fila.co.kr/product/view.asp?ProductNo=36340,M,BOTTOM,https://assets.styleship.com/fila/data/productimages/a/2/FS2WPC1201X_BLK.jpg
https://www.fila.co.kr/product/view.asp?ProductNo=36284,M,BOTTOM,https://assets.styleship.com/fila/data/productimages/a/2/FS2FPC1301M_INA.jpg
https://www.fila.co.kr/product/view.asp?ProductNo=36272,M,BOTTOM,https://assets.styleship.com/fila/data/productimages/a/2/FS2FPC1113X_LGY.jpg
https://www.fila.co.kr/product/view.asp?ProductNo=36269,M,BOTTOM,https://assets.styleship.com/fila/data/productimages/a/2/FS2FPC1301M_OWH.jpg
https://www.fila.co.kr/product/view.asp?ProductNo=36257,M,BOTTOM,https://assets.styleship.com/fila/data/productimages/a/2/FS2FPC1113X_OWH.jpg
https://www.fila.co.kr/product/view.asp?ProductNo=36244,M,BOTTOM,https://assets.styleship.com/fila/data/productimages/a/2/FS2FPC1113X_INA.jpg
https://www.fila.co.kr/product/view.asp?ProductNo=36169,M,BOTTOM,https://assets.styleship.com/fila/data/productimages/a/2/FS2FPC1103X_INA.jpg
https://www.fila.co.kr/product/view.asp?ProductNo=36165,M,BOTTOM,https://assets.styleship.com/fila/data/productimages/a/2/FS2FPC1103X_OWH.jpg
https://www.fila.co.kr/product/view.asp?ProductNo=36149,M,BOTTOM,https://assets.styleship.com/fila/data/productimages/a/2/FS2FPC1106X_BLK.jpg
https://www.fila.co.kr/product/view.asp?ProductNo=36148,M,BOTTOM,https://assets.styleship.com/fila/data/productimages/a/2/FS2FPC1114X_BLK.jpg
https://www.fila.co.kr/product/view.asp?ProductNo=36136,M,BOTTOM,https://assets.styleship.com/fila/data/productimages/a/2/FS2FPC1106X_INA.jpg
https://www.fila.co.kr/product/view.asp?ProductNo=36124,M,BOTTOM,https://assets.styleship.com/fila/data/productimages/a/2/FS2FPC1112X_BLK.jpg
https://www.fila.co.kr/product/view.asp?ProductNo=36109,M,BOTTOM,https://assets.styleship.com/fila/data/productimages/a/2/FS2FPC1105X_INA.jpg
https://www.fila.co.kr/product/view.asp?ProductNo=36078,M,BOTTOM,https://assets.styleship.com/fila/data/productimages/a/2/FS2FPC1201X_BLK.jpg
https://www.fila.co.kr/product/view.asp?ProductNo=36077,M,BOTTOM,https://assets.styleship.com/fila/data/productimages/a/2/FS2FPC1202X_BLK.jpg
https://www.fila.co.kr/product/view.asp?ProductNo=36062,M,BOTTOM,https://assets.styleship.com/fila/data/productimages/a/2/FS2FPC1201X_INA.jpg
https://www.fila.co.kr/product/view.asp?ProductNo=36055,M,BOTTOM,https://assets.styleship.com/fila/data/productimages/a/2/FS2FPC1104X_INA.jpg
https://www.fila.co.kr/product/view.asp?ProductNo=36047,M,BOTTOM,https://assets.styleship.com/fila/data/productimages/a/2/FS2FPC1201X_VAA.jpg
https://www.fila.co.kr/product/view.asp?ProductNo=39915,M,BOTTOM,https://assets.styleship.com/fila/data/productimages/a/2/FS2FPC4202M_INA.jpg
https://www.fila.co.kr/product/view.asp?ProductNo=39902,M,BOTTOM,https://assets.styleship.com/fila/data/productimages/a/2/FS2FPC4202M_BLK.jpg
https://www.fila.co.kr/product/view.asp?ProductNo=39901,M,BOTTOM,https://assets.styleship.com/fila/data/productimages/a/2/FS2FPC4102X_BLK.jpg
https://www.fila.co.kr/product/view.asp?ProductNo=39776,M,BOTTOM,https://assets.styleship.com/fila/data/productimages/a/2/FS2FPC4101X_LML.jpg
https://www.fila.co.kr/product/view.asp?ProductNo=39752,M,BOTTOM,https://assets.styleship.com/fila/data/productimages/a/2/FS2FPC4101X_BLK.jpg
https://www.fila.co.kr/product/view.asp?ProductNo=39644,M,BOTTOM,https://assets.styleship.com/fila/data/productimages/a/2/FS2FPC4103X_DRD.jpg
https://www.fila.co.kr/product/view.asp?ProductNo=39641,M,BOTTOM,https://assets.styleship.com/fila/data/productimages/a/2/FS2FPC4103X_ICG.jpg
https://www.fila.co.kr/product/view.asp?ProductNo=36463,M,BOTTOM,https://assets.styleship.com/fila/data/productimages/a/2/FS2FPC1102X_LML.jpg
https://www.fila.co.kr/product/view.asp?ProductNo=36440,M,BOTTOM,https://assets.styleship.com/fila/data/productimages/a/2/FS2FPC1102X_BLK.jpg
https://www.fila.co.kr/product/view.asp?ProductNo=36438,M,BOTTOM,https://assets.styleship.com/fila/data/productimages/a/2/FS2FPC1102X_NBE.jpg
https://www.fila.co.kr/product/view.asp?ProductNo=36242,M,BOTTOM,https://assets.styleship.com/fila/data/productimages/a/2/FS2FPC1114X_OWH.jpg
https://www.fila.co.kr/product/view.asp?ProductNo=38540,M,BOTTOM,https://assets.styleship.com/fila/data/productimages/a/2/FS2TRC2T02M_YEW.jpg
https://www.fila.co.kr/product/view.asp?ProductNo=38179,M,BOTTOM,https://assets.styleship.com/fila/data/productimages/a/2/FS2TRC2302M_INA.jpg
https://www.fila.co.kr/product/view.asp?ProductNo=38033,M,BOTTOM,https://assets.styleship.com/fila/data/productimages/a/2/FS2TRC2A01M_BLK.jpg
https://www.fila.co.kr/product/view.asp?ProductNo=38032,M,BOTTOM,https://assets.styleship.com/fila/data/productimages/a/2/FS2TRC2A02M_YEW.jpg
https://www.fila.co.kr/product/view.asp?ProductNo=38031,M,BOTTOM,https://assets.styleship.com/fila/data/productimages/a/2/FS2TRC2A01M_PBL.jpg
https://www.fila.co.kr/product/view.asp?ProductNo=37826,M,BOTTOM,https://assets.styleship.com/fila/data/productimages/a/2/FS2TRC2301M_INA.jpg
https://www.fila.co.kr/product/view.asp?ProductNo=37824,M,BOTTOM,https://assets.styleship.com/fila/data/productimages/a/2/FS2TRC2301M_OWH.jpg
https://www.fila.co.kr/product/view.asp?ProductNo=37821,M,BOTTOM,https://assets.styleship.com/fila/data/productimages/a/2/FS2TRC2206X_INA.jpg
https://www.fila.co.kr/product/view.asp?ProductNo=37818,M,BOTTOM,https://assets.styleship.com/fila/data/productimages/a/2/FS2TRC2206X_ORE.jpg
https://www.fila.co.kr/product/view.asp?ProductNo=37805,M,BOTTOM,https://assets.styleship.com/fila/data/productimages/a/2/FS2TRC2132X_BLK.jpg
https://www.fila.co.kr/product/view.asp?ProductNo=37802,M,BOTTOM,https://assets.styleship.com/fila/data/productimages/a/2/FS2TRC2132X_NBE.jpg
https://www.fila.co.kr/product/view.asp?ProductNo=37801,M,BOTTOM,https://assets.styleship.com/fila/data/productimages/a/2/FS2TRC2133X_LBE.jpg
https://www.fila.co.kr/product/view.asp?ProductNo=37800,M,BOTTOM,https://assets.styleship.com/fila/data/productimages/a/2/FS2TRC2105X_BLK.jpg
https://www.fila.co.kr/product/view.asp?ProductNo=37799,M,BOTTOM,https://assets.styleship.com/fila/data/productimages/a/2/FS2TRC2131X_SAN.jpg
https://www.fila.co.kr/product/view.asp?ProductNo=37798,M,BOTTOM,https://assets.styleship.com/fila/data/productimages/a/2/FS2TRC2132X_NGR.jpg
https://www.fila.co.kr/product/view.asp?ProductNo=37493,M,BOTTOM,https://assets.styleship.com/fila/data/productimages/a/2/FS2TRC2104X_OWH.jpg
https://www.fila.co.kr/product/view.asp?ProductNo=37491,M,BOTTOM,https://assets.styleship.com/fila/data/productimages/a/2/FS2TRC2104X_BLK.jpg
https://www.fila.co.kr/product/view.asp?ProductNo=37236,M,BOTTOM,https://assets.styleship.com/fila/data/productimages/a/2/FS2TRC2204X_BLK.jpg
https://www.fila.co.kr/product/view.asp?ProductNo=37232,M,BOTTOM,https://assets.styleship.com/fila/data/productimages/a/2/FS2TRC2201X_BLK.jpg
https://www.fila.co.kr/product/view.asp?ProductNo=37231,M,BOTTOM,https://assets.styleship.com/fila/data/productimages/a/2/FS2TRC2204X_MMA.jpg
https://www.fila.co.kr/product/view.asp?ProductNo=37230,M,BOTTOM,https://assets.styleship.com/fila/data/productimages/a/2/FS2TRC2201X_INA.jpg
https://www.fila.co.kr/product/view.asp?ProductNo=36963,M,BOTTOM,https://assets.styleship.com/fila/data/productimages/a/2/FE2TRC5301X_BLK.jpg
https://www.fila.co.kr/product/view.asp?ProductNo=36960,M,BOTTOM,https://assets.styleship.com/fila/data/productimages/a/2/FE2TRC5131X_DGY.jpg
https://www.fila.co.kr/product/view.asp?ProductNo=36840,M,BOTTOM,https://assets.styleship.com/fila/data/productimages/a/2/FS2TRC2207X_NAY.jpg
https://www.fila.co.kr/product/view.asp?ProductNo=36828,M,BOTTOM,https://assets.styleship.com/fila/data/productimages/a/2/FS2TRC2136X_INA.jpg
https://www.fila.co.kr/product/view.asp?ProductNo=36820,M,BOTTOM,https://assets.styleship.com/fila/data/productimages/a/2/FS2TRC2103X_PBL.jpg
https://www.fila.co.kr/product/view.asp?ProductNo=36819,M,BOTTOM,https://assets.styleship.com/fila/data/productimages/a/2/FS2TRC2135X_DOV.jpg
https://www.fila.co.kr/product/view.asp?ProductNo=36818,M,BOTTOM,https://assets.styleship.com/fila/data/productimages/a/2/FS2TRC2103X_LBE.jpg
https://www.fila.co.kr/product/view.asp?ProductNo=36817,M,BOTTOM,https://assets.styleship.com/fila/data/productimages/a/2/FS2TRC2135X_INA.jpg
https://www.fila.co.kr/product/view.asp?ProductNo=36816,M,BOTTOM,https://assets.styleship.com/fila/data/productimages/a/2/FS2TRC2103X_OWH.jpg
https://www.fila.co.kr/product/view.asp?ProductNo=36815,M,BOTTOM,https://assets.styleship.com/fila/data/productimages/a/2/FS2TRC2135X_LKH.jpg
https://www.fila.co.kr/product/view.asp?ProductNo=36813,M,BOTTOM,https://assets.styleship.com/fila/data/productimages/a/2/FS2TRC2202M_BLK.jpg
https://www.fila.co.kr/product/view.asp?ProductNo=36810,M,BOTTOM,https://assets.styleship.com/fila/data/productimages/a/2/FS2TRC2202M_PBL.jpg
https://www.fila.co.kr/product/view.asp?ProductNo=36807,M,BOTTOM,https://assets.styleship.com/fila/data/productimages/a/2/FS2TRC2134X_DRD.jpg
https://www.fila.co.kr/product/view.asp?ProductNo=36805,M,BOTTOM,https://assets.styleship.com/fila/data/productimages/a/2/FS2TRC2134X_YEW.jpg
https://www.fila.co.kr/product/view.asp?ProductNo=36751,M,BOTTOM,https://assets.styleship.com/fila/data/productimages/a/2/FE2TRC5121X_LBE.jpg
https://www.fila.co.kr/product/view.asp?ProductNo=36742,M,BOTTOM,https://assets.styleship.com/fila/data/productimages/a/2/FE2TRC5121X_BLK.jpg
https://www.fila.co.kr/product/view.asp?ProductNo=36344,M,BOTTOM,https://assets.styleship.com/fila/data/productimages/a/2/FS2TRC2101X_INA.jpg
https://www.fila.co.kr/product/view.asp?ProductNo=36342,M,BOTTOM,https://assets.styleship.com/fila/data/productimages/a/2/FS2TRC2101X_VAA.jpg
https://www.fila.co.kr/product/view.asp?ProductNo=36335,M,BOTTOM,https://assets.styleship.com/fila/data/productimages/a/2/FS2TRC2101X_LML.jpg
https://www.fila.co.kr/product/view.asp?ProductNo=36329,M,BOTTOM,https://assets.styleship.com/fila/data/productimages/a/2/FS2TRC2101X_BLK.jpg
https://www.fila.co.kr/product/view.asp?ProductNo=36327,M,BOTTOM,https://assets.styleship.com/fila/data/productimages/a/2/FS2TRC2101X_SAN.jpg
https://www.fila.co.kr/product/view.asp?ProductNo=38034,M,BOTTOM,https://assets.styleship.com/fila/data/productimages/a/2/FS2TRC2A02M_INA.jpg
https://www.fila.co.kr/product/view.asp?ProductNo=37804,M,BOTTOM,https://assets.styleship.com/fila/data/productimages/a/2/FS2TRC2133X_BLK.jpg
https://www.fila.co.kr/product/view.asp?ProductNo=37803,M,BOTTOM,https://assets.styleship.com/fila/data/productimages/a/2/FS2TRC2131X_LBE.jpg
https://www.fila.co.kr/product/view.asp?ProductNo=37797,M,BOTTOM,https://assets.styleship.com/fila/data/productimages/a/2/FS2TRC2131X_BLK.jpg
