https://www.kappakorea.net/product/view.asp?pno=3298,M,TOP,https://www.kappakorea.net/data/productimages/a/3/KLDJ431MMKHK.jpg
https://www.kappakorea.net/product/view.asp?pno=3299,M,TOP,https://www.kappakorea.net/data/productimages/a/3/KLDJ431MMPNY.jpg
https://www.kappakorea.net/product/view.asp?pno=3300,M,TOP,https://www.kappakorea.net/data/productimages/a/3/KLDJ431MMBLK.jpg
https://www.kappakorea.net/product/view.asp?pno=3301,M,TOP,https://www.kappakorea.net/data/productimages/a/3/KLDJ432MMCMG.jpg
https://www.kappakorea.net/product/view.asp?pno=3302,M,TOP,https://www.kappakorea.net/data/productimages/a/3/KLDJ432MMPNY.jpg
https://www.kappakorea.net/product/view.asp?pno=3303,M,TOP,https://www.kappakorea.net/data/productimages/a/3/KLDJ432MMBLK.jpg
https://www.kappakorea.net/product/view.asp?pno=3133,M,TOP,https://www.kappakorea.net/data/productimages/a/3/KLFT361MMBLK.jpg
https://www.kappakorea.net/product/view.asp?pno=3134,M,TOP,https://www.kappakorea.net/data/productimages/a/3/KLFT361MMCMG.jpg
https://www.kappakorea.net/product/view.asp?pno=3135,M,TOP,https://www.kappakorea.net/data/productimages/a/3/KLFT361MMWHT.jpg
https://www.kappakorea.net/product/view.asp?pno=2354,M,TOP,https://www.kappakorea.net/data/productimages/a/3/KLFT161MLWHT.jpg
https://www.kappakorea.net/product/view.asp?pno=2355,M,TOP,https://www.kappakorea.net/data/productimages/a/3/KLFT161MLBLK.jpg
https://www.kappakorea.net/product/view.asp?pno=2367,M,TOP,https://www.kappakorea.net/data/productimages/model01/3/KLJK111MNBLK.jpg
https://www.kappakorea.net/product/view.asp?pno=2346,M,TOP,https://www.kappakorea.net/data/productimages/a/3/KLJK101MNLIM.jpg
https://www.kappakorea.net/product/view.asp?pno=2741,M,TOP,https://www.kappakorea.net/data/productimages/a/3/KLFT202MNRED.jpg
https://www.kappakorea.net/product/view.asp?pno=2742,M,TOP,https://www.kappakorea.net/data/productimages/a/3/KLFT202MNBLK.jpg
https://www.kappakorea.net/product/view.asp?pno=2743,M,TOP,https://www.kappakorea.net/data/productimages/a/3/KLFT203MNLMT.jpg
https://www.kappakorea.net/product/view.asp?pno=2744,M,TOP,https://www.kappakorea.net/data/productimages/model01/3/KLFT203MNBLK.jpg
https://www.kappakorea.net/product/view.asp?pno=2747,M,TOP,https://www.kappakorea.net/data/productimages/a/3/KLFT204MNWHT.jpg
https://www.kappakorea.net/product/view.asp?pno=2789,M,TOP,https://www.kappakorea.net/data/productimages/a/3/KLFT204MNBLK.jpg
https://www.kappakorea.net/product/view.asp?pno=2790,M,TOP,https://www.kappakorea.net/data/productimages/model01/3/KLJK201MNWHT.jpg
https://www.kappakorea.net/product/view.asp?pno=2791,M,TOP,https://www.kappakorea.net/data/productimages/a/3/KLJK201MNRED.jpg
https://www.kappakorea.net/product/view.asp?pno=2792,M,TOP,https://www.kappakorea.net/data/productimages/a/3/KLJK201MNBLK.jpg
https://www.kappakorea.net/product/view.asp?pno=2793,M,TOP,https://www.kappakorea.net/data/productimages/a/3/KLJK202MNWHT.jpg
https://www.kappakorea.net/product/view.asp?pno=2794,M,TOP,https://www.kappakorea.net/data/productimages/a/3/KLJK202MNBLK.jpg
https://www.kappakorea.net/product/view.asp?pno=2692,M,TOP,https://www.kappakorea.net/data/productimages/a/3/KLFT201MNWHT.jpg
https://www.kappakorea.net/product/view.asp?pno=2775,M,TOP,https://www.kappakorea.net/data/productimages/a/3/KLFT201MNRED.jpg
https://www.kappakorea.net/product/view.asp?pno=2776,M,TOP,https://www.kappakorea.net/data/productimages/model01/3/KLFT201MNBLK.jpg
https://www.kappakorea.net/product/view.asp?pno=2875,M,TOP,https://www.kappakorea.net/data/productimages/a/3/KLJK251MNRED.jpg
https://www.kappakorea.net/product/view.asp?pno=2876,M,TOP,https://www.kappakorea.net/data/productimages/a/3/KLJK251MNBLK.jpg
https://www.kappakorea.net/product/view.asp?pno=2877,M,TOP,https://www.kappakorea.net/data/productimages/a/3/KLJK252MNBLK.jpg
https://www.kappakorea.net/product/view.asp?pno=2878,M,TOP,https://www.kappakorea.net/data/productimages/a/3/KLJK252MNBGE.jpg
https://www.kappakorea.net/product/view.asp?pno=2302,M,TOP,https://www.kappakorea.net/data/productimages/model01/3/KLJK151MNBLK.jpg
https://www.kappakorea.net/product/view.asp?pno=2368,M,TOP,https://www.kappakorea.net/data/productimages/model01/3/KLJK112MNWHT.jpg
https://www.kappakorea.net/product/view.asp?pno=2324,M,TOP,https://www.kappakorea.net/data/productimages/model01/3/KLFT152MNRED.jpg
https://www.kappakorea.net/product/view.asp?pno=2345,M,TOP,https://www.kappakorea.net/data/productimages/model01/3/KLJK101MNWHT.jpg
https://www.kappakorea.net/product/view.asp?pno=2350,M,TOP,https://www.kappakorea.net/data/productimages/model01/3/KLJK111MNWHT.jpg
https://www.kappakorea.net/product/view.asp?pno=2356,M,TOP,https://www.kappakorea.net/data/productimages/model01/3/KLFT101MNWHT.jpg
https://www.kappakorea.net/product/view.asp?pno=2301,M,TOP,https://www.kappakorea.net/data/productimages/a/3/KLJK151MNGNY.jpg
https://www.kappakorea.net/product/view.asp?pno=2325,M,TOP,https://www.kappakorea.net/data/productimages/a/3/KLFT152MNBLK.jpg
https://www.kappakorea.net/product/view.asp?pno=2326,M,TOP,https://www.kappakorea.net/data/productimages/a/3/KLFT152MNWHT.jpg
https://www.kappakorea.net/product/view.asp?pno=2327,M,TOP,https://www.kappakorea.net/data/productimages/a/3/KLFT154MNGNY.jpg
https://www.kappakorea.net/product/view.asp?pno=2328,M,TOP,https://www.kappakorea.net/data/productimages/a/3/KLFT154MNBLK.jpg
https://www.kappakorea.net/product/view.asp?pno=2347,M,TOP,https://www.kappakorea.net/data/productimages/a/3/KLJK101MNBLK.jpg
https://www.kappakorea.net/product/view.asp?pno=2348,M,TOP,https://www.kappakorea.net/data/productimages/a/3/KLJK102MNRBL.jpg
https://www.kappakorea.net/product/view.asp?pno=2349,M,TOP,https://www.kappakorea.net/data/productimages/a/3/KLJK102MNBLK.jpg
https://www.kappakorea.net/product/view.asp?pno=2351,M,TOP,https://www.kappakorea.net/data/productimages/a/3/KLFT161MMWHT.jpg
https://www.kappakorea.net/product/view.asp?pno=2352,M,TOP,https://www.kappakorea.net/data/productimages/a/3/KLFT161MMCMG.jpg
https://www.kappakorea.net/product/view.asp?pno=2353,M,TOP,https://www.kappakorea.net/data/productimages/a/3/KLFT161MMBLK.jpg
https://www.kappakorea.net/product/view.asp?pno=2357,M,TOP,https://www.kappakorea.net/data/productimages/a/3/KLFT101MNRED.jpg
https://www.kappakorea.net/product/view.asp?pno=2358,M,TOP,https://www.kappakorea.net/data/productimages/a/3/KLFT101MNBLK.jpg
https://www.kappakorea.net/product/view.asp?pno=2359,M,TOP,https://www.kappakorea.net/data/productimages/a/3/KLFT102MNRED.jpg
https://www.kappakorea.net/product/view.asp?pno=2360,M,TOP,https://www.kappakorea.net/data/productimages/a/3/KLFT102MNBLK.jpg
https://www.kappakorea.net/product/view.asp?pno=2361,M,TOP,https://www.kappakorea.net/data/productimages/a/3/KLFT103MNLGY.jpg
https://www.kappakorea.net/product/view.asp?pno=2362,M,TOP,https://www.kappakorea.net/data/productimages/a/3/KLFT103MNBLK.jpg
https://www.kappakorea.net/product/view.asp?pno=2363,M,TOP,https://www.kappakorea.net/data/productimages/a/3/KLFT104MNBLK.jpg
https://www.kappakorea.net/product/view.asp?pno=2364,M,TOP,https://www.kappakorea.net/data/productimages/a/3/KLFT104MNWHT.jpg
https://www.kappakorea.net/product/view.asp?pno=2369,M,TOP,https://www.kappakorea.net/data/productimages/a/3/KLJK112MNBLK.jpg
https://www.kappakorea.net/product/view.asp?pno=2410,M,TOP,https://www.kappakorea.net/data/productimages/a/3/KLFT191MDBLK.jpg
https://www.kappakorea.net/product/view.asp?pno=2411,M,TOP,https://www.kappakorea.net/data/productimages/a/3/KLJK191MDRED.jpg
https://www.kappakorea.net/product/view.asp?pno=2412,M,TOP,https://www.kappakorea.net/data/productimages/a/3/KLJK191MDBLK.jpg
https://www.kappakorea.net/product/view.asp?pno=2413,M,TOP,https://www.kappakorea.net/data/productimages/a/3/KLJK191MDGRN.jpg
https://www.kappakorea.net/product/view.asp?pno=3223,M,TOP,https://www.kappakorea.net/data/productimages/model01/3/KLHD351MNMNT.jpg
https://www.kappakorea.net/product/view.asp?pno=3224,M,TOP,https://www.kappakorea.net/data/productimages/a/3/KLHD351MNBLK.jpg
https://www.kappakorea.net/product/view.asp?pno=2303,M,TOP,https://www.kappakorea.net/data/productimages/model01/3/KLHD151MNBLK.jpg
https://www.kappakorea.net/product/view.asp?pno=2304,M,TOP,https://www.kappakorea.net/data/productimages/model01/3/KLHD151MNWHT.jpg
https://www.kappakorea.net/product/view.asp?pno=2314,M,TOP,https://www.kappakorea.net/data/productimages/model01/3/KLRL153MNDBL.jpg
https://www.kappakorea.net/product/view.asp?pno=2307,M,TOP,https://www.kappakorea.net/data/productimages/a/3/KLHD154MNWHT.jpg
https://www.kappakorea.net/product/view.asp?pno=2310,M,TOP,https://www.kappakorea.net/data/productimages/model01/3/KLRL151MNRED.jpg
https://www.kappakorea.net/product/view.asp?pno=2313,M,TOP,https://www.kappakorea.net/data/productimages/model01/3/KLRL153MNWHT.jpg
https://www.kappakorea.net/product/view.asp?pno=2305,M,TOP,https://www.kappakorea.net/data/productimages/a/3/KLHD152MNRED.jpg
https://www.kappakorea.net/product/view.asp?pno=2306,M,TOP,https://www.kappakorea.net/data/productimages/a/3/KLHD152MNNVY.jpg
https://www.kappakorea.net/product/view.asp?pno=2308,M,TOP,https://www.kappakorea.net/data/productimages/a/3/KLHD154MNBLK.jpg
https://www.kappakorea.net/product/view.asp?pno=2309,M,TOP,https://www.kappakorea.net/data/productimages/a/3/KLRL151MNBLK.jpg
https://www.kappakorea.net/product/view.asp?pno=2311,M,TOP,https://www.kappakorea.net/data/productimages/a/3/KLRL152MNWHT.jpg
https://www.kappakorea.net/product/view.asp?pno=2312,M,TOP,https://www.kappakorea.net/data/productimages/a/3/KLRL152MNBLK.jpg
https://www.kappakorea.net/product/view.asp?pno=2315,M,TOP,https://www.kappakorea.net/data/productimages/a/3/KLRL153MNBLK.jpg
https://www.kappakorea.net/product/view.asp?pno=2316,M,TOP,https://www.kappakorea.net/data/productimages/a/3/KLRL154MNWHT.jpg
https://www.kappakorea.net/product/view.asp?pno=2317,M,TOP,https://www.kappakorea.net/data/productimages/a/3/KLRL154MNPNK.jpg
https://www.kappakorea.net/product/view.asp?pno=2318,M,TOP,https://www.kappakorea.net/data/productimages/a/3/KLRL154MNBLK.jpg
https://www.kappakorea.net/product/view.asp?pno=2319,M,TOP,https://www.kappakorea.net/data/productimages/a/3/KLRL155MNORG.jpg
https://www.kappakorea.net/product/view.asp?pno=2320,M,TOP,https://www.kappakorea.net/data/productimages/a/3/KLRL155MNBLK.jpg
https://www.kappakorea.net/product/view.asp?pno=2419,M,TOP,https://www.kappakorea.net/data/productimages/a/3/KLHD191MDBGE.jpg
https://www.kappakorea.net/product/view.asp?pno=2420,M,TOP,https://www.kappakorea.net/data/productimages/a/3/KLHD191MDBLK.jpg
https://www.kappakorea.net/product/view.asp?pno=2421,M,TOP,https://www.kappakorea.net/data/productimages/a/3/KLRL191MDWHT.jpg
https://www.kappakorea.net/product/view.asp?pno=2422,M,TOP,https://www.kappakorea.net/data/productimages/a/3/KLRL191MDBLK.jpg
https://www.kappakorea.net/product/view.asp?pno=2423,M,TOP,https://www.kappakorea.net/data/productimages/a/3/KLRL191MDORG.jpg
https://www.kappakorea.net/product/view.asp?pno=2424,M,TOP,https://www.kappakorea.net/data/productimages/a/3/KLRL192MDBLK.jpg
https://www.kappakorea.net/product/view.asp?pno=2425,M,TOP,https://www.kappakorea.net/data/productimages/a/3/KLRL192MDWHT.jpg
https://www.kappakorea.net/product/view.asp?pno=2426,M,TOP,https://www.kappakorea.net/data/productimages/a/3/KLRL192MDBLU.jpg
https://www.kappakorea.net/product/view.asp?pno=2427,M,TOP,https://www.kappakorea.net/data/productimages/a/3/KLRL193MDWHT.jpg
https://www.kappakorea.net/product/view.asp?pno=2428,M,TOP,https://www.kappakorea.net/data/productimages/a/3/KLRL193MDBLK.jpg
https://www.kappakorea.net/product/view.asp?pno=2429,M,TOP,https://www.kappakorea.net/data/productimages/a/3/KLRL194MDWHT.jpg
https://www.kappakorea.net/product/view.asp?pno=2430,M,TOP,https://www.kappakorea.net/data/productimages/a/3/KLRL194MDLIM.jpg
https://www.kappakorea.net/product/view.asp?pno=2431,M,TOP,https://www.kappakorea.net/data/productimages/a/3/KLRL194MDBLK.jpg
https://www.kappakorea.net/product/view.asp?pno=3179,M,TOP,https://www.kappakorea.net/data/productimages/a/3/KLRL391MDBGE.jpg
https://www.kappakorea.net/product/view.asp?pno=3180,M,TOP,https://www.kappakorea.net/data/productimages/a/3/KLRL391MDBLK.jpg
https://www.kappakorea.net/product/view.asp?pno=3181,M,TOP,https://www.kappakorea.net/data/productimages/a/3/KLRL392MDBLK.jpg
https://www.kappakorea.net/product/view.asp?pno=3182,M,TOP,https://www.kappakorea.net/data/productimages/a/3/KLRL392MDKHK.jpg
https://www.kappakorea.net/product/view.asp?pno=3225,M,TOP,https://www.kappakorea.net/data/productimages/model01/3/KLRL351MNOWH.jpg
https://www.kappakorea.net/product/view.asp?pno=3226,M,TOP,https://www.kappakorea.net/data/productimages/model01/3/KLRL351MNIPK.jpg
https://www.kappakorea.net/product/view.asp?pno=3227,M,TOP,https://www.kappakorea.net/data/productimages/model01/3/KLRL351MNBLK.jpg
https://www.kappakorea.net/product/view.asp?pno=3228,M,TOP,https://www.kappakorea.net/data/productimages/a/3/KLRL352MNWHT.jpg
https://www.kappakorea.net/product/view.asp?pno=3229,M,TOP,https://www.kappakorea.net/data/productimages/a/3/KLRL352MNMNT.jpg
https://www.kappakorea.net/product/view.asp?pno=3221,M,TOP,https://www.kappakorea.net/data/productimages/a/3/KLRL301MNRED.jpg
https://www.kappakorea.net/product/view.asp?pno=3222,M,TOP,https://www.kappakorea.net/data/productimages/a/3/KLRL301MNBLK.jpg
https://www.kappakorea.net/product/view.asp?pno=2799,M,TOP,https://www.kappakorea.net/data/productimages/a/3/KLRL201MNWHT.jpg
https://www.kappakorea.net/product/view.asp?pno=2800,M,TOP,https://www.kappakorea.net/data/productimages/a/3/KLRL201MNBLK.jpg
https://www.kappakorea.net/product/view.asp?pno=2801,M,TOP,https://www.kappakorea.net/data/productimages/a/3/KLRL202MNWHT.jpg
https://www.kappakorea.net/product/view.asp?pno=2802,M,TOP,https://www.kappakorea.net/data/productimages/a/3/KLRL202MNBLK.jpg
https://www.kappakorea.net/product/view.asp?pno=2370,M,TOP,https://www.kappakorea.net/data/productimages/a/3/KLRL161MMNVY.jpg
https://www.kappakorea.net/product/view.asp?pno=2371,M,TOP,https://www.kappakorea.net/data/productimages/a/3/KLRL161MMBLK.jpg
https://www.kappakorea.net/product/view.asp?pno=2372,M,TOP,https://www.kappakorea.net/data/productimages/a/3/KLRL161MMLIM.jpg
https://www.kappakorea.net/product/view.asp?pno=2373,M,TOP,https://www.kappakorea.net/data/productimages/a/3/KLRL101MNCMG.jpg
https://www.kappakorea.net/product/view.asp?pno=2374,M,TOP,https://www.kappakorea.net/data/productimages/a/3/KLRL101MNBLK.jpg
https://www.kappakorea.net/product/view.asp?pno=2375,M,TOP,https://www.kappakorea.net/data/productimages/a/3/KLRL111MNBLK.jpg
https://www.kappakorea.net/product/view.asp?pno=2376,M,TOP,https://www.kappakorea.net/data/productimages/a/3/KLRL111MNWHT.jpg
https://www.kappakorea.net/product/view.asp?pno=2377,M,TOP,https://www.kappakorea.net/data/productimages/a/3/KLTL101MNWHT.jpg
https://www.kappakorea.net/product/view.asp?pno=2378,M,TOP,https://www.kappakorea.net/data/productimages/a/3/KLTL101MNBLK.jpg
https://www.kappakorea.net/product/view.asp?pno=3095,M,TOP,https://www.kappakorea.net/data/productimages/a/3/KLRS233MMWHT.jpg
https://www.kappakorea.net/product/view.asp?pno=2733,M,TOP,https://www.kappakorea.net/data/productimages/a/3/KLRS233MMNVY.jpg
https://www.kappakorea.net/product/view.asp?pno=2786,M,TOP,https://www.kappakorea.net/data/productimages/a/3/KLRS232MMBLK.jpg
https://www.kappakorea.net/product/view.asp?pno=2787,M,TOP,https://www.kappakorea.net/data/productimages/a/3/KLRS232MMKHK.jpg
https://www.kappakorea.net/product/view.asp?pno=2704,M,TOP,https://www.kappakorea.net/data/productimages/a/3/KLTS202MNLMT.jpg
https://www.kappakorea.net/product/view.asp?pno=2705,M,TOP,https://www.kappakorea.net/data/productimages/a/3/KLTS202MNBLK.jpg
https://www.kappakorea.net/product/view.asp?pno=2810,M,TOP,https://www.kappakorea.net/data/productimages/a/3/KLRS203MNWHT.jpg
https://www.kappakorea.net/product/view.asp?pno=2811,M,TOP,https://www.kappakorea.net/data/productimages/a/3/KLRS203MNRED.jpg
https://www.kappakorea.net/product/view.asp?pno=2842,M,TOP,https://www.kappakorea.net/data/productimages/model01/3/KLRS251MNPNK.jpg
https://www.kappakorea.net/product/view.asp?pno=2843,M,TOP,https://www.kappakorea.net/data/productimages/model01/3/KLRS251MNDBL.jpg
https://www.kappakorea.net/product/view.asp?pno=2844,M,TOP,https://www.kappakorea.net/data/productimages/model01/3/KLRS251MNBLK.jpg
https://www.kappakorea.net/product/view.asp?pno=2854,M,TOP,https://www.kappakorea.net/data/productimages/model01/3/KLRS255MNWHT.jpg
https://www.kappakorea.net/product/view.asp?pno=2855,M,TOP,https://www.kappakorea.net/data/productimages/model01/3/KLRS255MNBLK.jpg
https://www.kappakorea.net/product/view.asp?pno=2856,M,TOP,https://www.kappakorea.net/data/productimages/model01/3/KLRS255MNMGY.jpg
https://www.kappakorea.net/product/view.asp?pno=2857,M,TOP,https://www.kappakorea.net/data/productimages/model01/3/KLRS255MNLIM.jpg
https://www.kappakorea.net/product/view.asp?pno=2861,M,TOP,https://www.kappakorea.net/data/productimages/model01/3/KLRS257MNBGE.jpg
https://www.kappakorea.net/product/view.asp?pno=2862,M,TOP,https://www.kappakorea.net/data/productimages/model01/3/KLRS257MNBLK.jpg
https://www.kappakorea.net/product/view.asp?pno=2882,M,TOP,https://www.kappakorea.net/data/productimages/model01/3/KLRS251MNWHT.jpg
https://www.kappakorea.net/product/view.asp?pno=3038,M,TOP,https://www.kappakorea.net/data/productimages/a/3/KKRS297MDLIM.jpg
https://www.kappakorea.net/product/view.asp?pno=3037,M,TOP,https://www.kappakorea.net/data/productimages/a/3/KKRS296MDBLK.jpg
https://www.kappakorea.net/product/view.asp?pno=3036,M,TOP,https://www.kappakorea.net/data/productimages/a/3/KKRS295MDBLK.jpg
https://www.kappakorea.net/product/view.asp?pno=3035,M,TOP,https://www.kappakorea.net/data/productimages/a/3/KKRS294MDPNK.jpg
https://www.kappakorea.net/product/view.asp?pno=3034,M,TOP,https://www.kappakorea.net/data/productimages/a/3/KKRS291MDPPL.jpg
https://www.kappakorea.net/product/view.asp?pno=3032,M,TOP,https://www.kappakorea.net/data/productimages/a/3/KKRS289MDWHT.jpg
https://www.kappakorea.net/product/view.asp?pno=2706,M,TOP,https://www.kappakorea.net/data/productimages/a/3/KLTS203MNWHT.jpg
https://www.kappakorea.net/product/view.asp?pno=2708,M,TOP,https://www.kappakorea.net/data/productimages/a/3/KLTS203MNBLK.jpg
https://www.kappakorea.net/product/view.asp?pno=2851,M,TOP,https://www.kappakorea.net/data/productimages/model01/3/KLRS254MNWHT.jpg
https://www.kappakorea.net/product/view.asp?pno=3031,M,TOP,https://www.kappakorea.net/data/productimages/a/3/KLTS203MNNVY.jpg
https://www.kappakorea.net/product/view.asp?pno=2852,M,TOP,https://www.kappakorea.net/data/productimages/a/3/KLRS254MNTBL.jpg
https://www.kappakorea.net/product/view.asp?pno=2853,M,TOP,https://www.kappakorea.net/data/productimages/a/3/KLRS254MNBLK.jpg
https://www.kappakorea.net/product/view.asp?pno=2807,M,TOP,https://www.kappakorea.net/data/productimages/model01/3/KLRS202MNWHT.jpg
https://www.kappakorea.net/product/view.asp?pno=2808,M,TOP,https://www.kappakorea.net/data/productimages/a/3/KLRS202MNMBL.jpg
https://www.kappakorea.net/product/view.asp?pno=2809,M,TOP,https://www.kappakorea.net/data/productimages/a/3/KLRS202MNBLK.jpg
https://www.kappakorea.net/product/view.asp?pno=2815,M,TOP,https://www.kappakorea.net/data/productimages/a/3/KLRS205MNWHT.jpg
https://www.kappakorea.net/product/view.asp?pno=2816,M,TOP,https://www.kappakorea.net/data/productimages/a/3/KLRS205MNDGY.jpg
https://www.kappakorea.net/product/view.asp?pno=2817,M,TOP,https://www.kappakorea.net/data/productimages/a/3/KLRS205MNBLK.jpg
https://www.kappakorea.net/product/view.asp?pno=3027,M,TOP,https://www.kappakorea.net/data/productimages/a/3/KLRS295MDBLK.jpg
https://www.kappakorea.net/product/view.asp?pno=3028,M,TOP,https://www.kappakorea.net/data/productimages/a/3/KLRS296MDWHT.jpg
https://www.kappakorea.net/product/view.asp?pno=3029,M,TOP,https://www.kappakorea.net/data/productimages/a/3/KLRS299MDSET.jpg
https://www.kappakorea.net/product/view.asp?pno=2712,M,TOP,https://www.kappakorea.net/data/productimages/a/3/KLRS241MNLYL.jpg
https://www.kappakorea.net/product/view.asp?pno=2713,M,TOP,https://www.kappakorea.net/data/productimages/a/3/KLRS241MNTBL.jpg
https://www.kappakorea.net/product/view.asp?pno=2714,M,TOP,https://www.kappakorea.net/data/productimages/a/3/KLRS241MNBLK.jpg
https://www.kappakorea.net/product/view.asp?pno=2717,M,TOP,https://www.kappakorea.net/data/productimages/a/3/KLRS221MNWHT.jpg
https://www.kappakorea.net/product/view.asp?pno=3016,M,TOP,https://www.kappakorea.net/data/productimages/a/3/KLRS291MDWHT.jpg
https://www.kappakorea.net/product/view.asp?pno=3017,M,TOP,https://www.kappakorea.net/data/productimages/a/3/KLRS291MDBLK.jpg
https://www.kappakorea.net/product/view.asp?pno=3018,M,TOP,https://www.kappakorea.net/data/productimages/a/3/KLRS291MDLPK.jpg
https://www.kappakorea.net/product/view.asp?pno=3019,M,TOP,https://www.kappakorea.net/data/productimages/a/3/KLRS291MDORG.jpg
https://www.kappakorea.net/product/view.asp?pno=3020,M,TOP,https://www.kappakorea.net/data/productimages/a/3/KLRS292MDWHT.jpg
https://www.kappakorea.net/product/view.asp?pno=3021,M,TOP,https://www.kappakorea.net/data/productimages/a/3/KLRS292MDLIM.jpg
https://www.kappakorea.net/product/view.asp?pno=3022,M,TOP,https://www.kappakorea.net/data/productimages/a/3/KLRS292MDBLK.jpg
https://www.kappakorea.net/product/view.asp?pno=3023,M,TOP,https://www.kappakorea.net/data/productimages/a/3/KLRS293MDWHT.jpg
https://www.kappakorea.net/product/view.asp?pno=3024,M,TOP,https://www.kappakorea.net/data/productimages/a/3/KLRS293MDLIM.jpg
https://www.kappakorea.net/product/view.asp?pno=3025,M,TOP,https://www.kappakorea.net/data/productimages/a/3/KLRS293MDBLK.jpg
https://www.kappakorea.net/product/view.asp?pno=3030,M,TOP,https://www.kappakorea.net/data/productimages/a/3/KLRS293MDLBL.jpg
https://www.kappakorea.net/product/view.asp?pno=2530,M,TOP,https://www.kappakorea.net/data/productimages/a/3/KLRS294MDWHT.jpg
https://www.kappakorea.net/product/view.asp?pno=2531,M,TOP,https://www.kappakorea.net/data/productimages/a/3/KLRS294MDKHK.jpg
https://www.kappakorea.net/product/view.asp?pno=2532,M,TOP,https://www.kappakorea.net/data/productimages/a/3/KLRS294MDBLK.jpg
https://www.kappakorea.net/product/view.asp?pno=2686,M,TOP,https://www.kappakorea.net/data/productimages/a/3/KLRS263MLCMG.jpg
https://www.kappakorea.net/product/view.asp?pno=2687,M,TOP,https://www.kappakorea.net/data/productimages/a/3/KLRS263MLBLK.jpg
https://www.kappakorea.net/product/view.asp?pno=2688,M,TOP,https://www.kappakorea.net/data/productimages/a/3/KLRS263MLNVY.jpg
https://www.kappakorea.net/product/view.asp?pno=2689,M,TOP,https://www.kappakorea.net/data/productimages/a/3/KLRS264MLWHT.jpg
https://www.kappakorea.net/product/view.asp?pno=2690,M,TOP,https://www.kappakorea.net/data/productimages/a/3/KLRS264MLCMG.jpg
https://www.kappakorea.net/product/view.asp?pno=2691,M,TOP,https://www.kappakorea.net/data/productimages/a/3/KLRS264MLBLK.jpg
https://www.kappakorea.net/product/view.asp?pno=2845,M,TOP,https://www.kappakorea.net/data/productimages/a/3/KLRS252MNRED.jpg
https://www.kappakorea.net/product/view.asp?pno=2846,M,TOP,https://www.kappakorea.net/data/productimages/a/3/KLRS252MNBLK.jpg
https://www.kappakorea.net/product/view.asp?pno=2858,M,TOP,https://www.kappakorea.net/data/productimages/a/3/KLRS256MNORG.jpg
https://www.kappakorea.net/product/view.asp?pno=2859,M,TOP,https://www.kappakorea.net/data/productimages/a/3/KLRS256MNGNY.jpg
https://www.kappakorea.net/product/view.asp?pno=2860,M,TOP,https://www.kappakorea.net/data/productimages/a/3/KLRS256MNBLK.jpg
https://www.kappakorea.net/product/view.asp?pno=2677,M,TOP,https://www.kappakorea.net/data/productimages/a/3/KLRS262MMWHT.jpg
https://www.kappakorea.net/product/view.asp?pno=2678,M,TOP,https://www.kappakorea.net/data/productimages/a/3/KLRS262MMRBL.jpg
https://www.kappakorea.net/product/view.asp?pno=2679,M,TOP,https://www.kappakorea.net/data/productimages/a/3/KLRS262MMCMG.jpg
https://www.kappakorea.net/product/view.asp?pno=2680,M,TOP,https://www.kappakorea.net/data/productimages/a/3/KLRS262MMBLK.jpg
https://www.kappakorea.net/product/view.asp?pno=2777,M,TOP,https://www.kappakorea.net/data/productimages/a/3/KLTS201MNWHT.jpg
https://www.kappakorea.net/product/view.asp?pno=2778,M,TOP,https://www.kappakorea.net/data/productimages/a/3/KLTS201MNRED.jpg
https://www.kappakorea.net/product/view.asp?pno=2779,M,TOP,https://www.kappakorea.net/data/productimages/a/3/KLTS201MNBLK.jpg
https://www.kappakorea.net/product/view.asp?pno=2734,M,TOP,https://www.kappakorea.net/data/productimages/a/3/KLRS201MNRBL.jpg
https://www.kappakorea.net/product/view.asp?pno=2735,M,TOP,https://www.kappakorea.net/data/productimages/a/3/KLRS201MNCMG.jpg
https://www.kappakorea.net/product/view.asp?pno=2736,M,TOP,https://www.kappakorea.net/data/productimages/a/3/KLRS201MNNVY.jpg
https://www.kappakorea.net/product/view.asp?pno=2737,M,TOP,https://www.kappakorea.net/data/productimages/a/3/KLRS201MNBLK.jpg
https://www.kappakorea.net/product/view.asp?pno=2869,M,TOP,https://www.kappakorea.net/data/productimages/a/3/KLRS222MNBLK.jpg
https://www.kappakorea.net/product/view.asp?pno=2973,M,TOP,https://www.kappakorea.net/data/productimages/a/3/KLRS222MNNVY.jpg
https://www.kappakorea.net/product/view.asp?pno=2676,M,TOP,https://www.kappakorea.net/data/productimages/a/3/KLRS261MMBLK.jpg
https://www.kappakorea.net/product/view.asp?pno=2772,M,TOP,https://www.kappakorea.net/data/productimages/a/3/KLRS261MMWHT.jpg
https://www.kappakorea.net/product/view.asp?pno=2773,M,TOP,https://www.kappakorea.net/data/productimages/a/3/KLRS261MMLIM.jpg
https://www.kappakorea.net/product/view.asp?pno=2774,M,TOP,https://www.kappakorea.net/data/productimages/a/3/KLRS261MMCMG.jpg
https://www.kappakorea.net/product/view.asp?pno=2847,M,TOP,https://www.kappakorea.net/data/productimages/model01/3/KLRS253MNWHT.jpg
https://www.kappakorea.net/product/view.asp?pno=2848,M,TOP,https://www.kappakorea.net/data/productimages/a/3/KLRS253MNBLK.jpg
https://www.kappakorea.net/product/view.asp?pno=2849,M,TOP,https://www.kappakorea.net/data/productimages/a/3/KLRS253MNPNK.jpg
https://www.kappakorea.net/product/view.asp?pno=2850,M,TOP,https://www.kappakorea.net/data/productimages/a/3/KLRS253MNDBL.jpg
https://www.kappakorea.net/product/view.asp?pno=2718,M,TOP,https://www.kappakorea.net/data/productimages/a/3/KLRS221MNLIM.jpg
https://www.kappakorea.net/product/view.asp?pno=2812,M,TOP,https://www.kappakorea.net/data/productimages/a/3/KLRS204MNWHT.jpg
https://www.kappakorea.net/product/view.asp?pno=2813,M,TOP,https://www.kappakorea.net/data/productimages/a/3/KLRS204MNRED.jpg
https://www.kappakorea.net/product/view.asp?pno=2814,M,TOP,https://www.kappakorea.net/data/productimages/a/3/KLRS204MNBLK.jpg
https://www.kappakorea.net/product/view.asp?pno=2868,M,TOP,https://www.kappakorea.net/data/productimages/a/3/KLRS221MNBLK.jpg
https://www.kappakorea.net/product/view.asp?pno=2879,M,TOP,https://www.kappakorea.net/data/productimages/a/3/KLRS231MMWHT.jpg
https://www.kappakorea.net/product/view.asp?pno=2880,M,TOP,https://www.kappakorea.net/data/productimages/a/3/KLRS231MMPNK.jpg
https://www.kappakorea.net/product/view.asp?pno=2881,M,TOP,https://www.kappakorea.net/data/productimages/a/3/KLRS231MMBLK.jpg
