https://www.kappakorea.net/product/view.asp?pno=3176,M,BOTTOM,https://www.kappakorea.net/data/productimages/model01/3/KLFP356MNMGY.jpg
https://www.kappakorea.net/product/view.asp?pno=3177,M,BOTTOM,https://www.kappakorea.net/data/productimages/a/3/KLFP356MNBLK.jpg
https://www.kappakorea.net/product/view.asp?pno=3230,M,BOTTOM,https://www.kappakorea.net/data/productimages/a/3/KLFP355MNMGY.jpg
https://www.kappakorea.net/product/view.asp?pno=3231,M,BOTTOM,https://www.kappakorea.net/data/productimages/a/3/KLFP355MNBLK.jpg
https://www.kappakorea.net/product/view.asp?pno=3128,M,BOTTOM,https://www.kappakorea.net/data/productimages/a/3/KLFP361MMBLK.jpg
https://www.kappakorea.net/product/view.asp?pno=3129,M,BOTTOM,https://www.kappakorea.net/data/productimages/a/3/KLFP361MMCMG.jpg
https://www.kappakorea.net/product/view.asp?pno=3130,M,BOTTOM,https://www.kappakorea.net/data/productimages/a/3/KLFP361MMNVY.jpg
https://www.kappakorea.net/product/view.asp?pno=3093,M,BOTTOM,https://www.kappakorea.net/data/productimages/a/3/KLFP353MNBLK.jpg
https://www.kappakorea.net/product/view.asp?pno=3094,M,BOTTOM,https://www.kappakorea.net/data/productimages/model01/3/KLFP354MNBKH.jpg
https://www.kappakorea.net/product/view.asp?pno=2330,M,BOTTOM,https://www.kappakorea.net/data/productimages/model01/3/KLFP152MNBLK.jpg
https://www.kappakorea.net/product/view.asp?pno=2331,M,BOTTOM,https://www.kappakorea.net/data/productimages/model01/3/KLFP152MNWHT.jpg
https://www.kappakorea.net/product/view.asp?pno=2745,M,BOTTOM,https://www.kappakorea.net/data/productimages/a/3/KLFP202MNBLK.jpg
https://www.kappakorea.net/product/view.asp?pno=2746,M,BOTTOM,https://www.kappakorea.net/data/productimages/a/3/KLFP203MNBLK.jpg
https://www.kappakorea.net/product/view.asp?pno=2969,M,BOTTOM,https://www.kappakorea.net/data/productimages/a/3/KLFP201MNCMG.jpg
https://www.kappakorea.net/product/view.asp?pno=2781,M,BOTTOM,https://www.kappakorea.net/data/productimages/a/3/KLFP201MNNVY.jpg
https://www.kappakorea.net/product/view.asp?pno=2782,M,BOTTOM,https://www.kappakorea.net/data/productimages/a/3/KLFP201MNBLK.jpg
https://www.kappakorea.net/product/view.asp?pno=2874,M,BOTTOM,https://www.kappakorea.net/data/productimages/a/3/KLLG222MNBLK.jpg
https://www.kappakorea.net/product/view.asp?pno=2321,M,BOTTOM,https://www.kappakorea.net/data/productimages/model01/3/KLPT151MNBLK.jpg
https://www.kappakorea.net/product/view.asp?pno=2323,M,BOTTOM,https://www.kappakorea.net/data/productimages/model01/3/KLPT152MNBLK.jpg
https://www.kappakorea.net/product/view.asp?pno=2334,M,BOTTOM,https://www.kappakorea.net/data/productimages/model01/3/KLFP153MNBLK.jpg
https://www.kappakorea.net/product/view.asp?pno=2300,M,BOTTOM,https://www.kappakorea.net/data/productimages/a/3/KLFP154MNGNY.jpg
https://www.kappakorea.net/product/view.asp?pno=2322,M,BOTTOM,https://www.kappakorea.net/data/productimages/a/3/KLPT152MNGNY.jpg
https://www.kappakorea.net/product/view.asp?pno=2329,M,BOTTOM,https://www.kappakorea.net/data/productimages/a/3/KLFP152MNRED.jpg
https://www.kappakorea.net/product/view.asp?pno=2332,M,BOTTOM,https://www.kappakorea.net/data/productimages/a/3/KLFP153MNRED.jpg
https://www.kappakorea.net/product/view.asp?pno=2333,M,BOTTOM,https://www.kappakorea.net/data/productimages/a/3/KLFP153MNDBL.jpg
https://www.kappakorea.net/product/view.asp?pno=2335,M,BOTTOM,https://www.kappakorea.net/data/productimages/a/3/KLFP154MNBLK.jpg
https://www.kappakorea.net/product/view.asp?pno=2338,M,BOTTOM,https://www.kappakorea.net/data/productimages/a/3/KLFP101MNCMG.jpg
https://www.kappakorea.net/product/view.asp?pno=2339,M,BOTTOM,https://www.kappakorea.net/data/productimages/a/3/KLFP101MNBLK.jpg
https://www.kappakorea.net/product/view.asp?pno=2340,M,BOTTOM,https://www.kappakorea.net/data/productimages/a/3/KLFP102MNBLK.jpg
https://www.kappakorea.net/product/view.asp?pno=2341,M,BOTTOM,https://www.kappakorea.net/data/productimages/a/3/KLFP103MNBLK.jpg
https://www.kappakorea.net/product/view.asp?pno=2342,M,BOTTOM,https://www.kappakorea.net/data/productimages/a/3/KLFP104MNNVY.jpg
https://www.kappakorea.net/product/view.asp?pno=2343,M,BOTTOM,https://www.kappakorea.net/data/productimages/a/3/KLFP104MNBLK.jpg
https://www.kappakorea.net/product/view.asp?pno=2344,M,BOTTOM,https://www.kappakorea.net/data/productimages/a/3/KLFP111MNBLK.jpg
https://www.kappakorea.net/product/view.asp?pno=2365,M,BOTTOM,https://www.kappakorea.net/data/productimages/a/3/KLFP161MMCMG.jpg
https://www.kappakorea.net/product/view.asp?pno=2366,M,BOTTOM,https://www.kappakorea.net/data/productimages/a/3/KLFP161MMBLK.jpg
https://www.kappakorea.net/product/view.asp?pno=2379,M,BOTTOM,https://www.kappakorea.net/data/productimages/a/3/KLPT101MNNVY.jpg
https://www.kappakorea.net/product/view.asp?pno=2380,M,BOTTOM,https://www.kappakorea.net/data/productimages/a/3/KLPT101MNBLK.jpg
https://www.kappakorea.net/product/view.asp?pno=2381,M,BOTTOM,https://www.kappakorea.net/data/productimages/a/3/KLPT102MNBLK.jpg
https://www.kappakorea.net/product/view.asp?pno=2414,M,BOTTOM,https://www.kappakorea.net/data/productimages/a/3/KLFP191MDBLK.jpg
https://www.kappakorea.net/product/view.asp?pno=2415,M,BOTTOM,https://www.kappakorea.net/data/productimages/a/3/KLFP191MDGRY.jpg
https://www.kappakorea.net/product/view.asp?pno=2416,M,BOTTOM,https://www.kappakorea.net/data/productimages/a/3/KLPT191MDNVY.jpg
https://www.kappakorea.net/product/view.asp?pno=2417,M,BOTTOM,https://www.kappakorea.net/data/productimages/a/3/KLPT191MDBLK.jpg
https://www.kappakorea.net/product/view.asp?pno=2418,M,BOTTOM,https://www.kappakorea.net/data/productimages/a/3/KLFP192MDBLK.jpg
https://www.kappakorea.net/product/view.asp?pno=2684,M,BOTTOM,https://www.kappakorea.net/data/productimages/a/3/KLTK262MMCMG.jpg
https://www.kappakorea.net/product/view.asp?pno=2719,M,BOTTOM,https://www.kappakorea.net/data/productimages/a/3/KLTK252MNRED.jpg
https://www.kappakorea.net/product/view.asp?pno=2720,M,BOTTOM,https://www.kappakorea.net/data/productimages/a/3/KLTK252MNBLU.jpg
https://www.kappakorea.net/product/view.asp?pno=2721,M,BOTTOM,https://www.kappakorea.net/data/productimages/a/3/KLTK252MNBLK.jpg
https://www.kappakorea.net/product/view.asp?pno=2738,M,BOTTOM,https://www.kappakorea.net/data/productimages/a/3/KLTK201MNNVY.jpg
https://www.kappakorea.net/product/view.asp?pno=2739,M,BOTTOM,https://www.kappakorea.net/data/productimages/a/3/KLTK201MNCMG.jpg
https://www.kappakorea.net/product/view.asp?pno=2740,M,BOTTOM,https://www.kappakorea.net/data/productimages/a/3/KLTK201MNBLK.jpg
https://www.kappakorea.net/product/view.asp?pno=2783,M,BOTTOM,https://www.kappakorea.net/data/productimages/a/3/KLFH201MNNVY.jpg
https://www.kappakorea.net/product/view.asp?pno=2784,M,BOTTOM,https://www.kappakorea.net/data/productimages/a/3/KLFH201MNCMG.jpg
https://www.kappakorea.net/product/view.asp?pno=2785,M,BOTTOM,https://www.kappakorea.net/data/productimages/a/3/KLFH201MNBLK.jpg
https://www.kappakorea.net/product/view.asp?pno=2797,M,BOTTOM,https://www.kappakorea.net/data/productimages/a/3/KLFH202MNNVY.jpg
https://www.kappakorea.net/product/view.asp?pno=2798,M,BOTTOM,https://www.kappakorea.net/data/productimages/a/3/KLFH202MNBLK.jpg
https://www.kappakorea.net/product/view.asp?pno=2921,M,BOTTOM,https://www.kappakorea.net/data/productimages/model01/3/KLTK254MNBGE.jpg
https://www.kappakorea.net/product/view.asp?pno=2685,M,BOTTOM,https://www.kappakorea.net/data/productimages/a/3/KLTK262MMBLK.jpg
https://www.kappakorea.net/product/view.asp?pno=2681,M,BOTTOM,https://www.kappakorea.net/data/productimages/a/3/KLTK261MMCMG.jpg
https://www.kappakorea.net/product/view.asp?pno=2682,M,BOTTOM,https://www.kappakorea.net/data/productimages/a/3/KLTK261MMNVY.jpg
https://www.kappakorea.net/product/view.asp?pno=2683,M,BOTTOM,https://www.kappakorea.net/data/productimages/a/3/KLTK261MMBLK.jpg
https://www.kappakorea.net/product/view.asp?pno=2533,M,BOTTOM,https://www.kappakorea.net/data/productimages/a/3/KLTK291MDORG.jpg
https://www.kappakorea.net/product/view.asp?pno=2534,M,BOTTOM,https://www.kappakorea.net/data/productimages/a/3/KLTK291MDKHK.jpg
https://www.kappakorea.net/product/view.asp?pno=2535,M,BOTTOM,https://www.kappakorea.net/data/productimages/a/3/KLTK291MDBLK.jpg
https://www.kappakorea.net/product/view.asp?pno=2806,M,BOTTOM,https://www.kappakorea.net/data/productimages/a/3/KLTK212MNBLK.jpg
https://www.kappakorea.net/product/view.asp?pno=2715,M,BOTTOM,https://www.kappakorea.net/data/productimages/a/3/KLTK241MNKHK.jpg
https://www.kappakorea.net/product/view.asp?pno=2716,M,BOTTOM,https://www.kappakorea.net/data/productimages/a/3/KLTK241MNBLK.jpg
https://www.kappakorea.net/product/view.asp?pno=2722,M,BOTTOM,https://www.kappakorea.net/data/productimages/a/3/KLTK253MNDMG.jpg
https://www.kappakorea.net/product/view.asp?pno=2723,M,BOTTOM,https://www.kappakorea.net/data/productimages/a/3/KLTK253MNRED.jpg
https://www.kappakorea.net/product/view.asp?pno=2724,M,BOTTOM,https://www.kappakorea.net/data/productimages/a/3/KLTK253MNBLK.jpg
https://www.kappakorea.net/product/view.asp?pno=2770,M,BOTTOM,https://www.kappakorea.net/data/productimages/a/3/KLFH261MMCMG.jpg
https://www.kappakorea.net/product/view.asp?pno=2771,M,BOTTOM,https://www.kappakorea.net/data/productimages/a/3/KLFH261MMBLK.jpg
https://www.kappakorea.net/product/view.asp?pno=2803,M,BOTTOM,https://www.kappakorea.net/data/productimages/a/3/KLTK202MNNVY.jpg
https://www.kappakorea.net/product/view.asp?pno=2804,M,BOTTOM,https://www.kappakorea.net/data/productimages/a/3/KLTK202MNCMG.jpg
https://www.kappakorea.net/product/view.asp?pno=2805,M,BOTTOM,https://www.kappakorea.net/data/productimages/a/3/KLTK202MNBLK.jpg
https://www.kappakorea.net/product/view.asp?pno=2867,M,BOTTOM,https://www.kappakorea.net/data/productimages/a/3/KLTK251MNDBL.jpg
https://www.kappakorea.net/product/view.asp?pno=2866,M,BOTTOM,https://www.kappakorea.net/data/productimages/a/3/KLTK251MNBLK.jpg
https://www.kappakorea.net/product/view.asp?pno=2726,M,BOTTOM,https://www.kappakorea.net/data/productimages/a/3/KLTK254MNBLK.jpg
https://www.kappakorea.net/product/view.asp?pno=2795,M,BOTTOM,https://www.kappakorea.net/data/productimages/a/3/KLPH201MNCMG.jpg
https://www.kappakorea.net/product/view.asp?pno=2796,M,BOTTOM,https://www.kappakorea.net/data/productimages/a/3/KLPH201MNBLK.jpg
https://www.kappakorea.net/product/view.asp?pno=2871,M,BOTTOM,https://www.kappakorea.net/data/productimages/a/3/KLTK221MNCMG.jpg
https://www.kappakorea.net/product/view.asp?pno=2872,M,BOTTOM,https://www.kappakorea.net/data/productimages/a/3/KLTK221MNBLK.jpg
https://www.kappakorea.net/product/view.asp?pno=2873,M,BOTTOM,https://www.kappakorea.net/data/productimages/a/3/KLTK222MNBLK.jpg
