,0,1,2,3,4
0,mpg,http://www.mpgsport.co.kr/product/mpg하이넥-스탠다드핏-후드티heather-concretemmlsltls02/1619/category/245/display/1/,[MPG]하이넥 스탠다드핏 후드티_HEATHER CONCRETE(MMLSLTLS02),"79,000",https://www.mpgsport.co.kr/web/product/big/20200521/f0f6a54da9a1d4cf7e25288030646396.jpg
0,mpg,http://www.mpgsport.co.kr/product/mpg시스루-스트라이프-루즈핏-반팔티forestmklsltss22/1618/category/245/display/1/,[MPG]시스루 스트라이프 루즈핏 반팔티_FOREST(MKLSLTSS22),"49,000",https://www.mpgsport.co.kr/web/product/big/20200521/10fd7a4fbc7597ffdf485f3cdfa02fb6.jpg
0,mpg,http://www.mpgsport.co.kr/product/mpg레이저-펀칭-디테일-커버업-루즈핏-반팔티whitemklsltss04/1617/category/245/display/1/,[MPG]레이저 펀칭 디테일 커버업 루즈핏 반팔티_WHITE(MKLSLTSS04),"59,000",https://www.mpgsport.co.kr/web/product/big/20200521/874810157ae99c505669ce594dea2576.jpg
0,mpg,http://www.mpgsport.co.kr/product/mpg레이어드-스타일-메쉬-포인트-슬리브리스new-skinmklsltsl23/1616/category/245/display/1/,[MPG]레이어드 스타일 메쉬 포인트 슬리브리스_NEW SKIN(MKLSLTSL23),"65,000",https://www.mpgsport.co.kr/web/product/big/20200521/2abfedf5ed17ac4d4a2f07e2366a5209.jpg
0,mpg,http://www.mpgsport.co.kr/product/mpg레이어드-스타일-메쉬-포인트-슬리브리스ice-greenmklsltsl23/1615/category/245/display/1/,[MPG]레이어드 스타일 메쉬 포인트 슬리브리스_ICE GREEN(MKLSLTSL23),"65,000",https://www.mpgsport.co.kr/web/product/big/20200521/57ea4b187176f3980101d0e4e09daebb.jpg
0,mpg,http://www.mpgsport.co.kr/product/mpg백-스트랩-디테일-포인트-슬리브리스dusty-rosemklsltsl06/1614/category/245/display/1/,[MPG]백 스트랩 디테일 포인트 슬리브리스_DUSTY ROSE(MKLSLTSL06),"59,000",https://www.mpgsport.co.kr/web/product/big/20200521/aa6533447c3dfbf398cf1e3053e25e00.jpg
0,mpg,http://www.mpgsport.co.kr/product/mpg레이어드-스타일-메쉬-패널-포인트-슬리브리스whitemklsltsl01/1613/category/245/display/1/,[MPG]레이어드 스타일 메쉬 패널 포인트 슬리브리스_WHITE(MKLSLTSL01),"55,000",https://www.mpgsport.co.kr/web/product/big/20200521/a6f1f26f2e4f1fe5f4311af4bc609b55.jpg
0,mpg,http://www.mpgsport.co.kr/product/mpg레이어드-스타일-메쉬-패널-포인트-슬리브리스dusty-rosemklsltsl01/1612/category/245/display/1/,[MPG]레이어드 스타일 메쉬 패널 포인트 슬리브리스_DUSTY ROSE(MKLSLTSL01),"55,000",https://www.mpgsport.co.kr/web/product/big/20200521/50a27d362d79b5bc2a5dbb38637a466e.jpg
0,mpg,http://www.mpgsport.co.kr/product/mpg엠피지레이저-펀칭-디테일-포인트-루즈핏-반팔티lavendermclsltss59/1610/category/245/display/1/,[MPG_엠피지]레이저 펀칭 디테일 포인트 루즈핏 반팔티_LAVENDER(MCLSLTSS59),"KRW 59,000",https://www.mpgsport.co.kr/web/product/big/20200521/1502f0af88bbee2896405fe43cf1ade2.jpg
0,mpg,http://www.mpgsport.co.kr/product/mpg엠피지베이직-슬림핏-반팔티deep-greenmclsltss06/1609/category/245/display/1/,[MPG_엠피지]베이직 슬림핏 반팔티_DEEP GREEN(MCLSLTSS06),"KRW 45,000",https://www.mpgsport.co.kr/web/product/big/20200521/86e4ee825afb2c1f905959403aa65953.jpg
0,mpg,http://www.mpgsport.co.kr/product/mpg엠피지베이직-슬림핏-반팔티black01mclsltss06/1608/category/245/display/1/,[MPG_엠피지]베이직 슬림핏 반팔티_BLACK01(MCLSLTSS06),"KRW 45,000",https://www.mpgsport.co.kr/web/product/big/20200521/c4665f30e40744971be1f37abc6d5945.jpg
0,mpg,http://www.mpgsport.co.kr/product/mpga라인-절개-포인트-슬림핏-긴팔티ash-rosemkkfltls21/1564/category/245/display/1/,[MPG]A라인 절개 포인트 슬림핏 긴팔티_ASH ROSE(MKKFLTLS21),"KRW 69,000",https://www.mpgsport.co.kr/web/product/big/20200521/5e5429cbf850536c136740e10e2563d8.jpg
0,mpg,http://www.mpgsport.co.kr/product/mpga라인-절개-포인트-슬림핏-긴팔티purplemkkfltls21/1563/category/245/display/1/,[MPG]A라인 절개 포인트 슬림핏 긴팔티_PURPLE(MKKFLTLS21),"KRW 69,000",https://www.mpgsport.co.kr/web/product/big/20200521/316c6a1c976c822ea18b91ff7fa39f09.jpg
0,mpg,http://www.mpgsport.co.kr/product/mpga라인-절개-포인트-슬림핏-긴팔티sea-mossmkkfltls21/1562/category/245/display/1/,[MPG]A라인 절개 포인트 슬림핏 긴팔티_SEA MOSS(MKKFLTLS21),"KRW 69,000",https://www.mpgsport.co.kr/web/product/big/20200521/5927b1b2b7e1978dec2601acb9d226fa.jpg
0,mpg,http://www.mpgsport.co.kr/product/mpga라인-절개-포인트-슬림핏-긴팔티charcoalmkkfltls21/1561/category/245/display/1/,[MPG]A라인 절개 포인트 슬림핏 긴팔티_CHARCOAL(MKKFLTLS21),"KRW 69,000",https://www.mpgsport.co.kr/web/product/big/20200521/40264ea37dbe19f690ac5b89e0f6cb0e.jpg
0,mpg,http://www.mpgsport.co.kr/product/mpg브이넥-7부-슬림핏-긴팔티forestmkkfltls15/1560/category/245/display/1/,[MPG]브이넥 7부 슬림핏 긴팔티_FOREST(MKKFLTLS15),"KRW 49,000",https://www.mpgsport.co.kr/web/product/big/20200521/3d89617a6dbdfce610a3f8c515a0797f.jpg
0,mpg,http://www.mpgsport.co.kr/product/mpg브이넥-7부-슬림핏-긴팔티blackmkkfltls15/1559/category/245/display/1/,[MPG]브이넥 7부 슬림핏 긴팔티_BLACK(MKKFLTLS15),"KRW 49,000",https://www.mpgsport.co.kr/web/product/big/20200521/eff21e6924599934aac172aba5d17bf1.jpg
0,mpg,http://www.mpgsport.co.kr/product/mpg브이넥-7부-슬림핏-긴팔티burgundymkkfltls15/1558/category/245/display/1/,[MPG]브이넥 7부 슬림핏 긴팔티_BURGUNDY(MKKFLTLS15),"KRW 49,000",https://www.mpgsport.co.kr/web/product/big/20200521/2244a463a2277ce11a2c93830b5ab3ec.jpg
0,mpg,http://www.mpgsport.co.kr/product/mpg베이직-슬림핏-반팔티violetmkkfltss20/1557/category/245/display/1/,[MPG]베이직 슬림핏 반팔티_VIOLET(MKKFLTSS20),"KRW 59,000",https://www.mpgsport.co.kr/web/product/big/20200521/001257d4ebeefe7077bd6c6ebd8ed8f0.jpg
0,mpg,http://www.mpgsport.co.kr/product/mpg베이직-슬림핏-반팔티forestmkkfltss20/1556/category/245/display/1/,[MPG]베이직 슬림핏 반팔티_FOREST(MKKFLTSS20),"KRW 59,000",https://www.mpgsport.co.kr/web/product/big/20200521/a231811b958eab23eacf1b99d867d498.jpg
0,mpg,http://www.mpgsport.co.kr/product/mpg베이직-슬림핏-반팔티brownmkkfltss20/1555/category/245/display/1/,[MPG]베이직 슬림핏 반팔티_BROWN(MKKFLTSS20),"KRW 59,000",https://www.mpgsport.co.kr/web/product/big/20200521/1c05d0df0d34490ee52848547845da8a.jpg
0,mpg,http://www.mpgsport.co.kr/product/mpg베이직-슬림핏-반팔티blackmkkfltss20/1554/category/245/display/1/,[MPG]베이직 슬림핏 반팔티_BLACK(MKKFLTSS20),"KRW 59,000",https://www.mpgsport.co.kr/web/product/big/20200521/4117bfa011b4d8e2a47af39aa73e3c8f.jpg
0,mpg,http://www.mpgsport.co.kr/product/mpg절개-포인트-슬림핏-반팔티forestmkkfltss06/1553/category/245/display/1/,[MPG]절개 포인트 슬림핏 반팔티_FOREST(MKKFLTSS06),"KRW 59,000",https://www.mpgsport.co.kr/web/product/big/20200521/96a6f1760d9ec97568008405ec288427.jpg
0,mpg,http://www.mpgsport.co.kr/product/mpg절개-포인트-슬림핏-반팔티burgundymkkfltss06/1552/category/245/display/1/,[MPG]절개 포인트 슬림핏 반팔티_BURGUNDY(MKKFLTSS06),"KRW 59,000",https://www.mpgsport.co.kr/web/product/big/20200521/dc214ba60f7e2c043e3841f134b80cd4.jpg
0,mpg,http://www.mpgsport.co.kr/product/mpg절개-포인트-슬림핏-반팔티asphaltmkkfltss06/1551/category/245/display/1/,[MPG]절개 포인트 슬림핏 반팔티_ASPHALT(MKKFLTSS06),"KRW 59,000",https://www.mpgsport.co.kr/web/product/big/20200521/e4a10a53ef4650ec04b4f82e4e5d699d.jpg
0,mpg,http://www.mpgsport.co.kr/product/mpg메쉬-포인트-슬림핏-반팔티ash-rosemkkfltss04/1550/category/245/display/1/,[MPG]메쉬 포인트 슬림핏 반팔티_ASH ROSE(MKKFLTSS04),"KRW 65,000",https://www.mpgsport.co.kr/web/product/big/20200521/8c8f1c68690cdda065d791ecbd492a38.jpg
0,mpg,http://www.mpgsport.co.kr/product/mpg메쉬-포인트-슬림핏-반팔티brownmkkfltss04/1549/category/245/display/1/,[MPG]메쉬 포인트 슬림핏 반팔티_BROWN(MKKFLTSS04),"KRW 65,000",https://www.mpgsport.co.kr/web/product/big/20200521/8b668a7afaad4e6c785f4ea1bc2fa5de.jpg
0,mpg,http://www.mpgsport.co.kr/product/mpg메쉬-포인트-슬림핏-반팔티asphaltmkkfltss04/1548/category/245/display/1/,[MPG]메쉬 포인트 슬림핏 반팔티_ASPHALT(MKKFLTSS04),"KRW 65,000",https://www.mpgsport.co.kr/web/product/big/20200521/10f5ee3a8a1ddc5b30c83eb19525d4c9.jpg
0,mpg,http://www.mpgsport.co.kr/product/mpg랩-스타일-5부-슬림핏-반팔티heather-violetmkkfltss03/1547/category/245/display/1/,[MPG]랩 스타일 5부 슬림핏 반팔티_HEATHER VIOLET(MKKFLTSS03),"KRW 69,000",https://www.mpgsport.co.kr/web/product/big/20200521/8885f5e209d9f01ebf8697227952305c.jpg
0,mpg,http://www.mpgsport.co.kr/product/mpg랩-스타일-5부-슬림핏-반팔티heather-greenmkkfltss03/1546/category/245/display/1/,[MPG]랩 스타일 5부 슬림핏 반팔티_HEATHER GREEN(MKKFLTSS03),"KRW 69,000",https://www.mpgsport.co.kr/web/product/big/20200521/f3be1f51fd275e37a960cea3255b249f.jpg
0,mpg,http://www.mpgsport.co.kr/product/mpg랩-스타일-5부-슬림핏-반팔티heather-burgundymkkfltss03/1545/category/245/display/1/,[MPG]랩 스타일 5부 슬림핏 반팔티_HEATHER BURGUNDY(MKKFLTSS03),"KRW 69,000",https://www.mpgsport.co.kr/web/product/big/20200521/92c898b346a61a3b29cc935b11ac1a47.jpg
0,mpg,http://www.mpgsport.co.kr/product/mpg언발란스-루즈핏-반팔티ash-rosemkkfltss00/1544/category/245/display/1/,[MPG]언발란스 루즈핏 반팔티_ASH ROSE(MKKFLTSS00),"KRW 54,000",https://www.mpgsport.co.kr/web/product/big/20200521/401ff87ec90a9826d436ef2549c7e094.jpg
0,mpg,http://www.mpgsport.co.kr/product/mpg언발란스-루즈핏-반팔티heather-charcoalmkkfltss00/1543/category/245/display/1/,[MPG]언발란스 루즈핏 반팔티_HEATHER CHARCOAL(MKKFLTSS00),"KRW 54,000",https://www.mpgsport.co.kr/web/product/big/20200521/604193d8c2511c251a03616a2f6000ad.jpg
0,mpg,http://www.mpgsport.co.kr/product/mpg언발란스-루즈핏-반팔티forestmkkfltss00/1542/category/245/display/1/,[MPG]언발란스 루즈핏 반팔티_FOREST(MKKFLTSS00),"KRW 54,000",https://www.mpgsport.co.kr/web/product/big/20200521/5d1fbfd2824c20986b9163d7d7c98c30.jpg
0,mpg,http://www.mpgsport.co.kr/product/mpg언발란스-루즈핏-반팔티brownmkkfltss00/1541/category/245/display/1/,[MPG]언발란스 루즈핏 반팔티_BROWN(MKKFLTSS00),"KRW 54,000",https://www.mpgsport.co.kr/web/product/big/20200521/681d7d96544d1ebe468441d995a63c83.jpg
0,mpg,http://www.mpgsport.co.kr/product/mpg언발란스-루즈핏-반팔티blackmkkfltss00/1540/category/245/display/1/,[MPG]언발란스 루즈핏 반팔티_BLACK(MKKFLTSS00),"KRW 54,000",https://www.mpgsport.co.kr/web/product/big/20200526/7361749a8fea715eb8e7443e2d9832e4.jpg
0,mpg,http://www.mpgsport.co.kr/product/mpg언발란스-루즈핏-반팔티burgundymkkfltss00/1539/category/245/display/1/,[MPG]언발란스 루즈핏 반팔티_BURGUNDY(MKKFLTSS00),"KRW 54,000",https://www.mpgsport.co.kr/web/product/big/20200526/43177876b07f642ff60005ff85b9b371.jpg
0,mpg,http://www.mpgsport.co.kr/product/mpg언발란스-루즈핏-반팔티asphaltmkkfltss00/1538/category/245/display/1/,[MPG]언발란스 루즈핏 반팔티_ASPHALT(MKKFLTSS00),"KRW 54,000",https://www.mpgsport.co.kr/web/product/big/20200526/e4face04e84001cfc59fa02ef8bf2308.jpg
0,mpg,http://www.mpgsport.co.kr/product/mpg레이저-펀칭-디테일-커버업-루즈핏-반팔티heather-ash-rosemklfltss59/1537/category/245/display/1/,[MPG]레이저 펀칭 디테일 커버업 루즈핏 반팔티_HEATHER ASH ROSE(MKLFLTSS59),"KRW 59,000",https://www.mpgsport.co.kr/web/product/big/20200521/56d6ea1ae559e2430a4b8486e5611038.jpg
0,mpg,http://www.mpgsport.co.kr/product/mpg레이저-펀칭-디테일-커버업-루즈핏-반팔티rain-forestmklfltss59/1536/category/245/display/1/,[MPG]레이저 펀칭 디테일 커버업 루즈핏 반팔티_RAIN FOREST(MKLFLTSS59),"KRW 59,000",https://www.mpgsport.co.kr/web/product/big/20200521/cae147a09948bb62e4238203a97afcd2.jpg
0,mpg,http://www.mpgsport.co.kr/product/mpg레이저-펀칭-디테일-커버업-루즈핏-반팔티brownmklfltss59/1535/category/245/display/1/,[MPG]레이저 펀칭 디테일 커버업 루즈핏 반팔티_BROWN(MKLFLTSS59),"KRW 59,000",https://www.mpgsport.co.kr/web/product/big/20200521/faa409aa642985d67afbc8e662695b46.jpg
0,mpg,http://www.mpgsport.co.kr/product/mpg메쉬-포인트-베이직-반팔티blue-nightsmklfltss04/1533/category/245/display/1/,[MPG]메쉬 포인트 베이직 반팔티_BLUE NIGHTS(MKLFLTSS04),"KRW 65,000",https://www.mpgsport.co.kr/web/product/big/20200521/311e4d161b551b5512070e8c52543e42.jpg
0,mpg,http://www.mpgsport.co.kr/product/mpg메쉬-포인트-베이직-반팔티blackmklfltss04/1532/category/245/display/1/,[MPG]메쉬 포인트 베이직 반팔티_BLACK(MKLFLTSS04),"KRW 65,000",https://www.mpgsport.co.kr/web/product/big/20200521/51d73b9e590ad06458ead08190bb5ca7.jpg
0,mpg,http://www.mpgsport.co.kr/product/mpg백-슬릿-디테일-포인트-반팔티heather-black-plummklfltss03/1531/category/245/display/1/,[MPG]백 슬릿 디테일 포인트 반팔티_HEATHER BLACK PLUM(MKLFLTSS03),"KRW 59,000",https://www.mpgsport.co.kr/web/product/big/20200521/affcc147ab8da8d52e4fba2644ffe159.jpg
0,mpg,http://www.mpgsport.co.kr/product/mpg백-슬릿-디테일-포인트-반팔티heather-apple-buttermklfltss03/1530/category/245/display/1/,[MPG]백 슬릿 디테일 포인트 반팔티_HEATHER APPLE BUTTER(MKLFLTSS03),"KRW 59,000",https://www.mpgsport.co.kr/web/product/big/20200521/3348e5a8adc6caf3ceacd4fd13ce5e26.jpg
0,mpg,http://www.mpgsport.co.kr/product/mpg백-슬릿-디테일-포인트-반팔티heather-sea-mossmklfltss03/1529/category/245/display/1/,[MPG]백 슬릿 디테일 포인트 반팔티_HEATHER SEA MOSS(MKLFLTSS03),"KRW 59,000",https://www.mpgsport.co.kr/web/product/big/20200521/0c63e535fe9cfdcab466f9337c6b6966.jpg
0,mpg,http://www.mpgsport.co.kr/product/mpg오픈-백-디테일-포인트-루즈핏-반팔티stone-greymklfltss01/1528/category/245/display/1/,[MPG]오픈 백 디테일 포인트 루즈핏 반팔티_STONE GREY(MKLFLTSS01),"KRW 59,000",https://www.mpgsport.co.kr/web/product/big/20200521/d51713d9b5f00ca07ef65b96001d4aa4.jpg
0,mpg,http://www.mpgsport.co.kr/product/mpg오픈-백-디테일-포인트-루즈핏-반팔티coral-almondmklfltss01/1527/category/245/display/1/,[MPG]오픈 백 디테일 포인트 루즈핏 반팔티_CORAL ALMOND(MKLFLTSS01),"KRW 59,000",https://www.mpgsport.co.kr/web/product/big/20200521/77899452be6c6d72da39d1256da5b415.jpg
0,mpg,http://www.mpgsport.co.kr/product/mpg오픈-백-디테일-포인트-루즈핏-반팔티blackmklfltss01/1526/category/245/display/1/,[MPG]오픈 백 디테일 포인트 루즈핏 반팔티_BLACK(MKLFLTSS01),"KRW 59,000",https://www.mpgsport.co.kr/web/product/big/20200521/d35a8d5ffa2d5ef888132d1653338c35.jpg
0,mpg,http://www.mpgsport.co.kr/product/mpg시스루-루즈핏-슬리브리스heather-ice-greenmklfltsl59/1525/category/245/display/1/,[MPG]시스루 루즈핏 슬리브리스_HEATHER ICE GREEN(MKLFLTSL59),"KRW 69,000",https://www.mpgsport.co.kr/web/product/big/20200521/a6309007d41889264e501e6da7208840.jpg
0,mpg,http://www.mpgsport.co.kr/product/mpg시스루-루즈핏-슬리브리스heather-apple-buttermklfltsl59/1524/category/245/display/1/,[MPG]시스루 루즈핏 슬리브리스_HEATHER APPLE BUTTER(MKLFLTSL59),"KRW 69,000",https://www.mpgsport.co.kr/web/product/big/20200521/c091207e2b8fee820857e94161f84b8a.jpg
0,mpg,http://www.mpgsport.co.kr/product/mpg시스루-루즈핏-슬리브리스charcoalmklfltsl59/1523/category/245/display/1/,[MPG]시스루 루즈핏 슬리브리스_CHARCOAL(MKLFLTSL59),"KRW 69,000",https://www.mpgsport.co.kr/web/product/big/20200521/6b2f39c1ea049e4a30754b350ada10e8.jpg
0,mpg,http://www.mpgsport.co.kr/product/mpg시스루-루즈핏-슬리브리스naturalskinmklfltsl59/1522/category/245/display/1/,[MPG]시스루 루즈핏 슬리브리스_NATURALSKIN(MKLFLTSL59),"KRW 69,000",https://www.mpgsport.co.kr/web/product/big/20200521/5f2943357d77eba0611e1743805961a1.jpg
0,mpg,http://www.mpgsport.co.kr/product/mpg어깨-홀-디테일-포인트-슬리브리스heather-ash-rosemklfltsl38/1521/category/245/display/1/,[MPG]어깨 홀 디테일 포인트 슬리브리스_HEATHER ASH ROSE(MKLFLTSL38),"KRW 55,000",https://www.mpgsport.co.kr/web/product/big/20200521/c86fade95fabe36462c074705e7589be.jpg
0,mpg,http://www.mpgsport.co.kr/product/mpg어깨-홀-디테일-포인트-슬리브리스heather-charcoalmklfltsl38/1520/category/245/display/1/,[MPG]어깨 홀 디테일 포인트 슬리브리스_HEATHER CHARCOAL(MKLFLTSL38),"KRW 55,000",https://www.mpgsport.co.kr/web/product/big/20200521/784f431293ac4832469aa3baa09a1d88.jpg
0,mpg,http://www.mpgsport.co.kr/product/mpg어깨-홀-디테일-포인트-슬리브리스heather-sea-mossmklfltsl38/1519/category/245/display/1/,[MPG]어깨 홀 디테일 포인트 슬리브리스_HEATHER SEA MOSS(MKLFLTSL38),"KRW 55,000",https://www.mpgsport.co.kr/web/product/big/20200521/55309741470acc29404b8c532addb77d.jpg
0,mpg,http://www.mpgsport.co.kr/product/라운드넥-베이직-슬리브리스heather-black-plummklfltsl19/1518/category/245/display/1/,라운드넥 베이직 슬리브리스_HEATHER BLACK PLUM(MKLFLTSL19),"KRW 59,000",https://www.mpgsport.co.kr/web/product/big/20200521/ff04412e5ed69973393da0c0bd860f2b.jpg
0,mpg,http://www.mpgsport.co.kr/product/mpg라운드넥-베이직-슬리브리스coral-almondmklfltsl19/1517/category/245/display/1/,[MPG]라운드넥 베이직 슬리브리스_CORAL ALMOND(MKLFLTSL19),"KRW 59,000",https://www.mpgsport.co.kr/web/product/big/20200521/ed39e2710b5d11d1868f634c20ca85ca.jpg
0,mpg,http://www.mpgsport.co.kr/product/mpg라운드넥-베이직-슬리브리스blue-nightsmklfltsl19/1516/category/245/display/1/,[MPG]라운드넥 베이직 슬리브리스_BLUE NIGHTS(MKLFLTSL19),"KRW 59,000",https://www.mpgsport.co.kr/web/product/big/20200521/a841637db3429f2c983e190ab074194f.jpg
0,mpg,http://www.mpgsport.co.kr/product/mpg브이넥-베이직-슬리브리스heather-ash-rosemklfltsl18/1515/category/245/display/1/,[MPG]브이넥 베이직 슬리브리스_HEATHER ASH ROSE(MKLFLTSL18),"KRW 59,000",https://www.mpgsport.co.kr/web/product/big/20200521/fceea5a033814771db2b52a5bfdf7b73.jpg
0,mpg,http://www.mpgsport.co.kr/product/mpg브이넥-베이직-슬리브리스rain-forestmklfltsl18/1514/category/245/display/1/,[MPG]브이넥 베이직 슬리브리스_RAIN FOREST(MKLFLTSL18),"KRW 59,000",https://www.mpgsport.co.kr/web/product/big/20200521/fcd2d912eda5a270d499ea2ff4f16bae.jpg
0,mpg,http://www.mpgsport.co.kr/product/mpg브이넥-베이직-슬리브리스blackmklfltsl18/1513/category/245/display/1/,[MPG]브이넥 베이직 슬리브리스_BLACK(MKLFLTSL18),"KRW 59,000",https://www.mpgsport.co.kr/web/product/big/20200521/1b28c2a69c9afdf4982757aa528ad591.jpg
0,mpg,http://www.mpgsport.co.kr/product/mpg테크니컬-백-메쉬-디테일-슬리브리스heather-ash-rosemklfltsl07/1512/category/245/display/1/,[MPG]테크니컬 백 메쉬 디테일 슬리브리스_HEATHER ASH ROSE(MKLFLTSL07),"KRW 59,000",https://www.mpgsport.co.kr/web/product/big/20200521/7386568a3f969110f05817b5715374a2.jpg
0,mpg,http://www.mpgsport.co.kr/product/mpg테크니컬-백-메쉬-디테일-슬리브리스stone-greymklfltsl07/1511/category/245/display/1/,[MPG]테크니컬 백 메쉬 디테일 슬리브리스_STONE GREY(MKLFLTSL07),"KRW 59,000",https://www.mpgsport.co.kr/web/product/big/20200521/f134d96858f9088021f6404b4333fa97.jpg
0,mpg,http://www.mpgsport.co.kr/product/mpg메쉬-포인트-라이트-서포트-브라탑heather-charcoalmklfltbt67/1510/category/245/display/1/,[MPG]메쉬 포인트 라이트 서포트 브라탑_HEATHER CHARCOAL(MKLFLTBT67),"KRW 45,000",https://www.mpgsport.co.kr/web/product/big/20200521/a6194f795f68b258300ad4ed10257258.jpg
0,mpg,http://www.mpgsport.co.kr/product/mpg메쉬-포인트-라이트-서포트-브라탑blackmklfltbt67/1509/category/245/display/1/,[MPG]메쉬 포인트 라이트 서포트 브라탑_BLACK(MKLFLTBT67),"KRW 45,000",https://www.mpgsport.co.kr/web/product/big/20200521/a54ba91eefdf5d14dbdf757ba43720f9.jpg
0,mpg,http://www.mpgsport.co.kr/product/mpg메쉬-포인트-라이트-서포트-브라탑naturalskinmklfltbt67/1508/category/245/display/1/,[MPG]메쉬 포인트 라이트 서포트 브라탑_NATURALSKIN(MKLFLTBT67),"KRW 45,000",https://www.mpgsport.co.kr/web/product/big/20200521/d6220b04330b1e0e16973c46078e8fe5.jpg
0,mpg,http://www.mpgsport.co.kr/product/mpg로고-밴드-포인트-라이트-서포트-브라탑blackmklfltbt65/1506/category/245/display/1/,[MPG]로고 밴드 포인트 라이트 서포트 브라탑_BLACK(MKLFLTBT65),"KRW 45,000",https://www.mpgsport.co.kr/web/product/big/20200521/6b7c672bb12fcd254a6ae6dacc42f28c.jpg
0,mpg,http://www.mpgsport.co.kr/product/mpg로고-밴드-포인트-라이트-서포트-브라탑apple-buttermklfltbt65/1505/category/245/display/1/,[MPG]로고 밴드 포인트 라이트 서포트 브라탑_APPLE BUTTER(MKLFLTBT65),"KRW 45,000",https://www.mpgsport.co.kr/web/product/big/20200521/ad15306e18d365d2e5b8dbf7c61ece09.jpg
0,mpg,http://www.mpgsport.co.kr/product/mpg크롭-스타일-라이트-서포트-브라탑black-plummklfltbt60/1504/category/245/display/1/,[MPG]크롭 스타일 라이트 서포트 브라탑_BLACK PLUM(MKLFLTBT60),"45,000",https://www.mpgsport.co.kr/web/product/big/20200521/92dc6ec4d9f47fc43373202add9153ea.jpg
0,mpg,http://www.mpgsport.co.kr/product/mpg크롭-스타일-라이트-서포트-브라탑sea-mossmklfltbt60/1503/category/245/display/1/,[MPG]크롭 스타일 라이트 서포트 브라탑_SEA MOSS(MKLFLTBT60),"KRW 45,000",https://www.mpgsport.co.kr/web/product/big/20200521/854cf2d44bb9ff662b4548c875f1e4c8.jpg
0,mpg,http://www.mpgsport.co.kr/product/mpg우븐-백레이저-펀칭-반팔티mmlsltss02white/1172/category/245/display/1/,[MPG]우븐 백레이저 펀칭 반팔티_MMLSLTSS02(WHITE),"55,000",https://www.mpgsport.co.kr/web/product/big/20200626/67b02988739e20e4c4f91ddd3e5d4c2b.jpg
0,mpg,http://www.mpgsport.co.kr/product/mpg아즈텍-레이저-펀칭-백-포인트-탱크탑mklsltsl58white/1171/category/245/display/1/,[MPG]아즈텍 레이저 펀칭 백 포인트 탱크탑_MKLSLTSL58(WHITE),"55,000",https://www.mpgsport.co.kr/web/product/big/20200626/34816d8908228401a36ec1aeade3d1cb.jpg
0,mpg,http://www.mpgsport.co.kr/product/mpg브라-내장형-메쉬-더블레이어-탱크탑mklsltsl23forest/1169/category/245/display/1/,[MPG]브라 내장형 메쉬 더블레이어 탱크탑_MKLSLTSL23(FOREST),"65,000",https://www.mpgsport.co.kr/web/product/big/20200626/eb1d430ed6a53d567ef9a5140169eeab.jpg
0,mpg,http://www.mpgsport.co.kr/product/mpg메시-백-사이드-슬릿-탱크톱mklsltsl21white/1168/category/245/display/1/,[MPG]메시 백 사이드 슬릿 탱크톱_MKLSLTSL21(WHITE),"59,000",https://www.mpgsport.co.kr/web/product/big/20200626/f5d686bb944ff28dfaf8cff9b72275ea.jpg
0,mpg,http://www.mpgsport.co.kr/product/mpg백슬릿-슬림핏-반팔티mklsltss01minty-green/1092/category/245/display/1/,[MPG]백슬릿 슬림핏 반팔티_MKLSLTSS01(MINTY GREEN),"59,000",https://www.mpgsport.co.kr/web/product/big/20200626/7f30b8fe5f9ef309d4d4935f401f4d22.jpg
0,mpg,http://www.mpgsport.co.kr/product/mpg크롭-스타일-라이트-서포트-브라탑blackmklfltbt60/1091/category/245/display/1/,[MPG]크롭 스타일 라이트 서포트 브라탑_BLACK(MKLFLTBT60),"KRW 45,000",https://www.mpgsport.co.kr/web/product/big/20200521/be5e020f02a6bb6e5886bf3edc95ee04.jpg
0,mpg,http://www.mpgsport.co.kr/product/mpg백슬릿-슬림핏-반팔티mklsltss01black/1090/category/245/display/1/,[MPG]백슬릿 슬림핏 반팔티_MKLSLTSS01(BLACK),"59,000",https://www.mpgsport.co.kr/web/product/big/20200626/3786bceaceeff866e90c3dd33eabbf80.jpg
0,mpg,http://www.mpgsport.co.kr/product/mpg발레리나-크로스-백-슬림핏-반팔티mklsltss02lavender-gray/1089/category/245/display/1/,[MPG]발레리나 크로스 백 슬림핏 반팔티_MKLSLTSS02(LAVENDER GRAY),"65,000",https://www.mpgsport.co.kr/web/product/big/20200626/476f0b17608851db32dbfd9217307863.jpg
0,mpg,http://www.mpgsport.co.kr/product/mpg발레리나-크로스-백-슬림핏-반팔티mklsltss02new-skin/1088/category/245/display/1/,[MPG]발레리나 크로스 백 슬림핏 반팔티_MKLSLTSS02(NEW SKIN),"65,000",https://www.mpgsport.co.kr/web/product/big/20200626/d524ce05fa052b0ec399db0655511296.jpg
0,mpg,http://www.mpgsport.co.kr/product/mpg아치-백슬릿-슬림핏-반팔티mklsltss03dusty-rose/1086/category/245/display/1/,[MPG]아치 백슬릿 슬림핏 반팔티_MKLSLTSS03(DUSTY ROSE),"59,000",https://www.mpgsport.co.kr/web/product/big/20200626/30f760b634b329df559822cfbcd00003.jpg
0,mpg,http://www.mpgsport.co.kr/product/mpg레이저-펀칭-레글런-루즈핏-반팔티mklsltss04dusty-rose/1083/category/245/display/1/,[MPG]레이저 펀칭 레글런 루즈핏 반팔티_MKLSLTSS04(DUSTY ROSE),"59,000",https://www.mpgsport.co.kr/web/product/big/20200626/8016458eb2525d0bf53501d2e662f55d.jpg
0,mpg,http://www.mpgsport.co.kr/product/mpg레이저-펀칭-레글런-루즈핏-반팔티mklsltss04black/1082/category/245/display/1/,[MPG]레이저 펀칭 레글런 루즈핏 반팔티_MKLSLTSS04(BLACK),"59,000",https://www.mpgsport.co.kr/web/product/big/20200626/155c92db542e9c0bff8d81d84203c913.jpg
0,mpg,http://www.mpgsport.co.kr/product/mpg시스루-스트라이프-루즈핏-반팔티mklsltss22white/1078/category/245/display/1/,[MPG]시스루 스트라이프 루즈핏 반팔티_MKLSLTSS22(WHITE),"49,000",https://www.mpgsport.co.kr/web/product/big/20200626/9e553114c28287c94a97a357d26ebf96.jpg
0,mpg,http://www.mpgsport.co.kr/product/mpg메쉬-스트라이프-포인트-크롭티mklsltss23white/1076/category/245/display/1/,[MPG]메쉬 스트라이프 포인트 크롭티_MKLSLTSS23(WHITE),"59,000",https://www.mpgsport.co.kr/web/product/big/20200626/7d25edf66b077e3534c8550d626163e1.jpg
0,mpg,http://www.mpgsport.co.kr/product/mpg메쉬-스트라이프-포인트-크롭티mklsltss23forest/1075/category/245/display/1/,[MPG]메쉬 스트라이프 포인트 크롭티_MKLSLTSS23(FOREST),"59,000",https://www.mpgsport.co.kr/web/product/big/20200626/822517c730e38f92462cbe17a0f9e21a.jpg
0,mpg,http://www.mpgsport.co.kr/product/mpg메쉬-스트라이프-포인트-크롭티mklsltss23black/1074/category/245/display/1/,[MPG]메쉬 스트라이프 포인트 크롭티_MKLSLTSS23(BLACK),"59,000",https://www.mpgsport.co.kr/web/product/big/20200626/d5cc96e7b25301ebccc341e0b9191bf3.jpg
0,mpg,http://www.mpgsport.co.kr/product/mpg롱-사이드-메쉬-포인트-반팔티mklsltss24white/1073/category/245/display/1/,[MPG]롱 사이드 메쉬 포인트 반팔티_MKLSLTSS24(WHITE),"69,000",https://www.mpgsport.co.kr/web/product/big/20200626/58093024d8c02a273fd1b740d50b7782.jpg
0,mpg,http://www.mpgsport.co.kr/product/mpg롱-사이드-메쉬-포인트-반팔티mklsltss24minty-green/1071/category/245/display/1/,[MPG]롱 사이드 메쉬 포인트 반팔티_MKLSLTSS24(MINTY GREEN),"69,000",https://www.mpgsport.co.kr/web/product/big/20200626/4b12e61cdabd9e1f7897ee7d6424b05b.jpg
0,mpg,http://www.mpgsport.co.kr/product/mpg오픈-백버텀-슬릿-루즈핏-반팔티mmlsltss01white/1066/category/245/display/1/,[MPG]오픈 백버텀 슬릿 루즈핏 반팔티_MMLSLTSS01(WHITE),"59,000",https://www.mpgsport.co.kr/web/product/big/20200626/aaf94006ee96c94ce5071a7550b7b2fe.jpg
0,mpg,http://www.mpgsport.co.kr/product/mpg우븐-백레이저-펀칭-반팔티mmlsltss02cool-blue/1065/category/245/display/1/,[MPG]우븐 백레이저 펀칭 반팔티_MMLSLTSS02(COOL BLUE),"55,000",https://www.mpgsport.co.kr/web/product/big/20200626/2153e265e57d3022ce901af2c7d4acd8.jpg
0,mpg,http://www.mpgsport.co.kr/product/mpg웨이스트-러플-반팔티mmlsltss04heather-concrete/1064/category/245/display/1/,[MPG]웨이스트 러플 반팔티_MMLSLTSS04(HEATHER CONCRETE),"59,000",https://www.mpgsport.co.kr/web/product/big/20200626/839208de6e3ea813985fb32cecd01251.jpg
0,mpg,http://www.mpgsport.co.kr/product/mpg웨이스트-러플-반팔티mmlsltss04white/1063/category/245/display/1/,[MPG]웨이스트 러플 반팔티_MMLSLTSS04(WHITE),"59,000",https://www.mpgsport.co.kr/web/product/big/20200626/611c997c9914b53accaaf5e95ee44e74.jpg
0,mpg,http://www.mpgsport.co.kr/product/mpg메쉬-숄더-패널-슬림핏-탱크탑mklsltsl02charcoal/1060/category/245/display/1/,[MPG]메쉬 숄더 패널 슬림핏 탱크탑_MKLSLTSL02(CHARCOAL),"55,000",https://www.mpgsport.co.kr/web/product/big/20200626/2acf4c108831777b92ff1c0ed352cafd.jpg
0,mpg,http://www.mpgsport.co.kr/product/mpg브라-내장형-매시-패널-레이어-탱크탑mklsltsl05frost/1059/category/245/display/1/,[MPG]브라 내장형 매시 패널 레이어 탱크탑_MKLSLTSL05(FROST),"59,000",https://www.mpgsport.co.kr/web/product/big/20200626/6c902b111a5e171daff33cc7290f8c13.jpg
0,mpg,http://www.mpgsport.co.kr/product/mpg브라-내장형-매시-패널-레이어-탱크탑mklsltsl05dusty-rose/1058/category/245/display/1/,[MPG]브라 내장형 매시 패널 레이어 탱크탑_MKLSLTSL05(DUSTY ROSE),"59,000",https://www.mpgsport.co.kr/web/product/big/20200626/98034cee79ed50c7f00a4aadef291e5b.jpg
0,mpg,http://www.mpgsport.co.kr/product/mpg브라-내장형-메쉬-레이어-탱크탑mklsltsl07new-skin/1057/category/245/display/1/,[MPG]브라 내장형 메쉬 레이어 탱크탑_MKLSLTSL07(NEW SKIN),"59,000",https://www.mpgsport.co.kr/web/product/big/20200626/aa2179118274962a569335dc4ded065c.jpg
0,mpg,http://www.mpgsport.co.kr/product/mpg브라-내장형-메쉬-레이어-탱크탑mklsltsl07lt-stone/1056/category/245/display/1/,[MPG]브라 내장형 메쉬 레이어 탱크탑_MKLSLTSL07(LT STONE),"59,000",https://www.mpgsport.co.kr/web/product/big/20200626/d65c6b9ea2e6410ce3b282c953e89740.jpg
0,mpg,http://www.mpgsport.co.kr/product/mpg메쉬-테잎-백-포인트-루즈핏-탱크탑mklsltsl22forest/1055/category/245/display/1/,[MPG]메쉬 테잎 백 포인트 루즈핏 탱크탑_MKLSLTSL22(FOREST),"59,000",https://www.mpgsport.co.kr/web/product/big/20200626/fb0e5c72da08073d90bcb25352090f62.jpg
0,mpg,http://www.mpgsport.co.kr/product/mpg메쉬-테잎-백-포인트-루즈핏-탱크탑mklsltsl22ice-green/1054/category/245/display/1/,[MPG]메쉬 테잎 백 포인트 루즈핏 탱크탑_MKLSLTSL22(ICE GREEN),"59,000",https://www.mpgsport.co.kr/web/product/big/20200626/d22eef1634bfc29b9e6c1738935a739d.jpg
0,mpg,http://www.mpgsport.co.kr/product/mpg아즈텍-레이저-펀칭-백-포인트-탱크탑mklsltsl58black/1050/category/245/display/1/,[MPG]아즈텍 레이저 펀칭 백 포인트 탱크탑_MKLSLTSL58(BLACK),"55,000",https://www.mpgsport.co.kr/web/product/big/20200626/28984d5acee2de9158f310148a65b2c0.jpg
0,mpg,http://www.mpgsport.co.kr/product/mpg오픈-백-메쉬-루즈핏-탱크탑mmlsltsl01black/1049/category/245/display/1/,[MPG]오픈 백 메쉬 루즈핏 탱크탑_MMLSLTSL01(BLACK),"59,000",https://www.mpgsport.co.kr/web/product/big/20200626/fe32d28ba8d0c0bfadea9fa726f287c9.jpg
0,mpg,http://www.mpgsport.co.kr/product/mpg메시-레이서-백-브라-내장형-탱크탑mmlsltsl02black/1048/category/245/display/1/,[MPG]메시 레이서 백 브라 내장형 탱크탑_MMLSLTSL02(BLACK),"89,000",https://www.mpgsport.co.kr/web/product/big/20200626/0208abf01d8931fe3ea839f195c66179.jpg
0,mpg,http://www.mpgsport.co.kr/product/mpg메시-레이서-백-브라-내장형-탱크탑mmlsltsl02stone/1047/category/245/display/1/,[MPG]메시 레이서 백 브라 내장형 탱크탑_MMLSLTSL02(STONE),"89,000",https://www.mpgsport.co.kr/web/product/big/20200626/e5c8e34eafbf8ebfc4679fabc7a428bf.jpg
0,mpg,http://www.mpgsport.co.kr/product/mpg다이아몬드-메쉬-백-루즈핏-탱크탑mmlsltsl33black/1046/category/245/display/1/,[MPG]다이아몬드 메쉬 백 루즈핏 탱크탑_MMLSLTSL33(BLACK),"49,000",https://www.mpgsport.co.kr/web/product/big/20200626/aba21b3fbbd8147af32c92cec879abf6.jpg
0,mpg,http://www.mpgsport.co.kr/product/mpg다이아몬드-메쉬-백-루즈핏-탱크탑mmlsltsl33white/1045/category/245/display/1/,[MPG]다이아몬드 메쉬 백 루즈핏 탱크탑_MMLSLTSL33(WHITE),"49,000",https://www.mpgsport.co.kr/web/product/big/20200626/7b09ee0f15640a3af2f1bcd506826b59.jpg
0,mpg,http://www.mpgsport.co.kr/product/mpg백-메쉬-레이어-포인트-스포츠-브라탑mklsltbt03htr-gray/1043/category/245/display/1/,[MPG]백 메쉬 레이어 포인트 스포츠 브라탑_MKLSLTBT03(HTR GRAY),"49,000",https://www.mpgsport.co.kr/web/product/big/20200626/b61e484f9157b30d77673cb8fe4763d9.jpg
0,mpg,http://www.mpgsport.co.kr/product/mpg블랙-머메이드-브이넥-브라탑mmlsltbt02black/1042/category/245/display/1/,[MPG]블랙 머메이드 브이넥 브라탑_MMLSLTBT02(BLACK),"65,000",https://www.mpgsport.co.kr/web/product/big/20200626/2d78c0203dc74743f2ff90ed43618a1c.jpg
0,mpg,http://www.mpgsport.co.kr/product/mpg핀-스트라이프-메쉬-백-브라탑mmlsltbt30white/1041/category/245/display/1/,[MPG]핀 스트라이프 메쉬 백 브라탑_MMLSLTBT30(WHITE),"59,000",https://www.mpgsport.co.kr/web/product/big/20200626/3bb16824482c97a0c0d9be2932c2272b.jpg
0,mpg,http://www.mpgsport.co.kr/product/mpg핀-스트라이프-메쉬-백-브라탑mmlsltbt30navy-sky/1040/category/245/display/1/,[MPG]핀 스트라이프 메쉬 백 브라탑_MMLSLTBT30(NAVY SKY),"59,000",https://www.mpgsport.co.kr/web/product/big/20200626/edef3ac41e936bf00258353b1de8a64c.jpg
0,mpg,http://www.mpgsport.co.kr/product/mpg메시-패널-레이서-백-스포츠-브라탑mtlsltbt27black/1039/category/245/display/1/,[MPG]메시 패널 레이서 백 스포츠 브라탑_MTLSLTBT27(BLACK),"49,000",https://www.mpgsport.co.kr/web/product/big/20200626/8c79810c5737c047b562ea13399dd109.jpg
0,mpg,http://www.mpgsport.co.kr/product/mpg메쉬-테잎-백-포인트-루즈핏-탱크탑mklsltsl22white/1038/category/245/display/1/,[MPG]메쉬 테잎 백 포인트 루즈핏 탱크탑_MKLSLTSL22(WHITE),"59,000",https://www.mpgsport.co.kr/web/product/big/20200626/d076c42af9d04626a4af1aa50cdb9d31.jpg
0,mpg,http://www.mpgsport.co.kr/product/mpg메시-백-사이드-슬릿-탱크톱mklsltsl21ice-green/1036/category/245/display/1/,[MPG]메시 백 사이드 슬릿 탱크톱_MKLSLTSL21(ICE GREEN),"59,000",https://www.mpgsport.co.kr/web/product/big/20200626/42020bd7a12a6e98270154d2a7bb9a09.jpg
0,mpg,http://www.mpgsport.co.kr/product/mpg브라-내장형-스트랩-백-포인트-탱크탑mklsltsl06white/1035/category/245/display/1/,[MPG]브라 내장형 스트랩 백 포인트 탱크탑_MKLSLTSL06(WHITE),"59,000",https://www.mpgsport.co.kr/web/product/big/20200626/85048d2254a97e2f5bb5c32e513ec1d0.jpg
0,mpg,http://www.mpgsport.co.kr/product/mpg브라-내장형-스트랩-백-포인트-탱크탑mklsltsl06ice-green/1034/category/245/display/1/,[MPG]브라 내장형 스트랩 백 포인트 탱크탑_MKLSLTSL06(ICE GREEN),"59,000",https://www.mpgsport.co.kr/web/product/big/20200626/1670e453aefebbc58f1505b15df62b61.jpg
0,mpg,http://www.mpgsport.co.kr/product/mpg백-메쉬-레이어-포인트-스포츠-브라탑mklsltbt03dusty-rose/1031/category/245/display/1/,[MPG]백 메쉬 레이어 포인트 스포츠 브라탑_MKLSLTBT03(DUSTY ROSE),"49,000",https://www.mpgsport.co.kr/web/product/big/20200626/84aefb095610cf58bf39db2443659626.jpg
0,mpg,http://www.mpgsport.co.kr/product/mpg쿨-마블-메쉬-백-브라탑mmlsltbt03poseidon/1030/category/245/display/1/,[MPG]쿨 마블 메쉬 백 브라탑_MMLSLTBT03(POSEIDON),"65,000",https://www.mpgsport.co.kr/web/product/big/20200626/1575c4df4eaf1cfc81619b3c8e8396ed.jpg
0,mpg,http://www.mpgsport.co.kr/product/mpg쿨-마블-메쉬-백-브라탑mmlsltbt03steel-grey/1029/category/245/display/1/,[MPG]쿨 마블 메쉬 백 브라탑_MMLSLTBT03(STEEL GREY),"65,000",https://www.mpgsport.co.kr/web/product/big/20200626/09d5a77bff4f363c4d28c16f068f64f8.jpg
0,mpg,http://www.mpgsport.co.kr/product/mpg메시-컬러-블록-스포츠-브라탑mmlsltbt01white/1028/category/245/display/1/,[MPG]메시 컬러 블록 스포츠 브라탑_MMLSLTBT01(WHITE),"55,000",https://www.mpgsport.co.kr/web/product/big/20200626/d16637ff565b3c9273ba25c65f6e3ae8.jpg
0,mpg,http://www.mpgsport.co.kr/product/mpg메쉬-포인트-베이직-반팔티purple-dovemklfltss04/1534/category/245/display/1/,[MPG]메쉬 포인트 베이직 반팔티_PURPLE DOVE(MKLFLTSS04),"KRW 65,000",https://www.mpgsport.co.kr/web/product/big/20200521/df4c06e772085ff2bdb840ccd685206d.jpg
0,mpg,http://www.mpgsport.co.kr/product/mpg오픈형-경량-소프트-돌먼-가디건dusty-rosemklsltcr01/1621/category/247/display/1/,[MPG]오픈형 경량 소프트 돌먼 가디건_DUSTY ROSE(MKLSLTCR01),"79,000",https://www.mpgsport.co.kr/web/product/big/20200521/7c0df19cb8edef5a238b268e1daaaa97.jpg
0,mpg,http://www.mpgsport.co.kr/product/mpg오픈형-경량-소프트-돌먼-가디건blue-graymklsltcr01/1620/category/247/display/1/,[MPG]오픈형 경량 소프트 돌먼 가디건_BLUE GRAY(MKLSLTCR01),"79,000",https://www.mpgsport.co.kr/web/product/big/20200521/45e5bb37eb7b6dd8132c9465f9c94963.jpg
0,mpg,http://www.mpgsport.co.kr/product/mpg하이넥-루즈핏-집업-자켓ash-rosemkkfltjk25/1586/category/247/display/1/,[MPG]하이넥 루즈핏 집업 자켓_ASH ROSE(MKKFLTJK25),"99,000",https://www.mpgsport.co.kr/web/product/big/20200521/b18b3d6d817cea8dc042ad2ec749501a.jpg
0,mpg,http://www.mpgsport.co.kr/product/mpg하이넥-루즈핏-집업-자켓forestmkkfltjk25/1585/category/247/display/1/,[MPG]하이넥 루즈핏 집업 자켓_FOREST(MKKFLTJK25),"99,000",https://www.mpgsport.co.kr/web/product/big/20200521/b70ef1949554c04768350be706a8dba6.jpg
0,mpg,http://www.mpgsport.co.kr/product/mpg하이넥-루즈핏-집업-자켓blackmkkfltjk25/1584/category/247/display/1/,[MPG]하이넥 루즈핏 집업 자켓_BLACK(MKKFLTJK25),"99,000",https://www.mpgsport.co.kr/web/product/big/20200521/83096217000d00a30f150f3d01c42d81.jpg
0,mpg,http://www.mpgsport.co.kr/product/mpg하이넥-루즈핏-집업-자켓burgundymkkfltjk25/1583/category/247/display/1/,[MPG]하이넥 루즈핏 집업 자켓_BURGUNDY(MKKFLTJK25),"99,000",https://www.mpgsport.co.kr/web/product/big/20200521/77b12e29155e3b52467d5a41ab21b844.jpg
0,mpg,http://www.mpgsport.co.kr/product/mpg하이넥-루즈핏-집업-자켓asphaltmkkfltjk25/1582/category/247/display/1/,[MPG]하이넥 루즈핏 집업 자켓_ASPHALT(MKKFLTJK25),"99,000",https://www.mpgsport.co.kr/web/product/big/20200521/e68c63d3e50e0151890ac0c9ebe138d0.jpg
0,mpg,http://www.mpgsport.co.kr/product/mpg벨벳-후드-라인-배색-포인트-슬림핏-집업-자켓greymkkfltjk24/1581/category/247/display/1/,[MPG]벨벳 후드 라인 배색 포인트 슬림핏 집업 자켓_GREY(MKKFLTJK24),"KRW 119,000",https://www.mpgsport.co.kr/web/product/big/20200521/7f608e4cc866a373f49f8f5d4d8fd34d.jpg
0,mpg,http://www.mpgsport.co.kr/product/mpg벨벳-후드-라인-배색-포인트-슬림핏-집업-자켓brownmkkfltjk24/1580/category/247/display/1/,[MPG]벨벳 후드 라인 배색 포인트 슬림핏 집업 자켓_BROWN(MKKFLTJK24),"KRW 119,000",https://www.mpgsport.co.kr/web/product/big/20200521/3ec8cc410ff679b1f5a81c4b7d2c0cc9.jpg
0,mpg,http://www.mpgsport.co.kr/product/mpg벨벳-후드-라인-배색-포인트-슬림핏-집업-자켓blackmkkfltjk24/1579/category/247/display/1/,[MPG]벨벳 후드 라인 배색 포인트 슬림핏 집업 자켓_BLACK(MKKFLTJK24),"KRW 119,000",https://www.mpgsport.co.kr/web/product/big/20200521/df969ca58f3ee2259aa451c2f8a8db8b.jpg
0,mpg,http://www.mpgsport.co.kr/product/mpg하이넥-기모-슬림핏-집업-자켓portmklfltjk06/1578/category/247/display/1/,[MPG]하이넥 기모 슬림핏 집업 자켓_PORT(MKLFLTJK06),"KRW 109,000",https://www.mpgsport.co.kr/web/product/big/20200521/4b3d18ee2bc895b04a78ba5edf8f9f13.jpg
0,mpg,http://www.mpgsport.co.kr/product/mpg하이넥-슬림핏-집업-자켓purple-ashmklfltjk11/1577/category/247/display/1/,[MPG]하이넥 슬림핏 집업 자켓_PURPLE ASH(MKLFLTJK11),"KRW 99,000",https://www.mpgsport.co.kr/web/product/big/20200521/7bcbc703ddf197982cbff2b39f5584e2.jpg
0,mpg,http://www.mpgsport.co.kr/product/mpg하이넥-슬림핏-집업-자켓hunter-greenmklfltjk11/1576/category/247/display/1/,[MPG]하이넥 슬림핏 집업 자켓_HUNTER GREEN(MKLFLTJK11),"KRW 99,000",https://www.mpgsport.co.kr/web/product/big/20200521/6d936d4c3fc0e3b1ae7799d50c5421c0.jpg
0,mpg,http://www.mpgsport.co.kr/product/mpg하이넥-슬림핏-집업-자켓charcoalmklfltjk11/1575/category/247/display/1/,[MPG]하이넥 슬림핏 집업 자켓_CHARCOAL(MKLFLTJK11),"KRW 99,000",https://www.mpgsport.co.kr/web/product/big/20200521/56b1109f1a7f294e9fbaefe32a05c76a.jpg
0,mpg,http://www.mpgsport.co.kr/product/mpg하이넥-슬림핏-집업-자켓blackmklfltjk11/1574/category/247/display/1/,[MPG]하이넥 슬림핏 집업 자켓_BLACK(MKLFLTJK11),"KRW 99,000",https://www.mpgsport.co.kr/web/product/big/20200521/e22601292714de37b81670a27a0c5f33.jpg
0,mpg,http://www.mpgsport.co.kr/product/mpg하이넥-원-포켓-포인트-숏-집업-자켓purple-ashmklfltjk10/1573/category/247/display/1/,[MPG]하이넥 원 포켓 포인트 숏 집업 자켓_PURPLE ASH(MKLFLTJK10),"KRW 99,000",https://www.mpgsport.co.kr/web/product/big/20200521/243259373cf40303502d0672b3dcc0b9.jpg
0,mpg,http://www.mpgsport.co.kr/product/mpg하이넥-원-포켓-포인트-숏-집업-자켓hunter-greenmklfltjk10/1572/category/247/display/1/,[MPG]하이넥 원 포켓 포인트 숏 집업 자켓_HUNTER GREEN(MKLFLTJK10),"KRW 99,000",https://www.mpgsport.co.kr/web/product/big/20200521/c63da6e1b4c27471d1388a48e677a1b8.jpg
0,mpg,http://www.mpgsport.co.kr/product/mpg하이넥-원-포켓-포인트-숏-집업-자켓coralmklfltjk10/1571/category/247/display/1/,[MPG]하이넥 원 포켓 포인트 숏 집업 자켓_CORAL(MKLFLTJK10),"KRW 99,000",https://www.mpgsport.co.kr/web/product/big/20200521/c47cfa9c69389a204246bf9f91b427c8.jpg
0,mpg,http://www.mpgsport.co.kr/product/mpg하이넥-원-포켓-포인트-숏-집업-자켓charcoalmklfltjk10/1570/category/247/display/1/,[MPG]하이넥 원 포켓 포인트 숏 집업 자켓_CHARCOAL(MKLFLTJK10),"KRW 99,000",https://www.mpgsport.co.kr/web/product/big/20200521/d4d073c9a9338b330fbec7779b76f635.jpg
0,mpg,http://www.mpgsport.co.kr/product/mpg하이넥-원-포켓-포인트-숏-집업-자켓blue-graymklfltjk10/1569/category/247/display/1/,[MPG]하이넥 원 포켓 포인트 숏 집업 자켓_BLUE GRAY(MKLFLTJK10),"KRW 99,000",https://www.mpgsport.co.kr/web/product/big/20200521/d58631c3f3762641b63d5dd7db60e62b.jpg
0,mpg,http://www.mpgsport.co.kr/product/mpg하이넥-원-포켓-포인트-숏-집업-자켓blackmklfltjk10/1568/category/247/display/1/,[MPG]하이넥 원 포켓 포인트 숏 집업 자켓_BLACK(MKLFLTJK10),"KRW 99,000",https://www.mpgsport.co.kr/web/product/big/20200521/a828980d3f8306fe286685a962c1c2bd.jpg
0,mpg,http://www.mpgsport.co.kr/product/mpg하이넥-절개-포인트-슬림핏-집업-자켓blackmklfltjk07/1567/category/247/display/1/,[MPG]하이넥 절개 포인트 슬림핏 집업 자켓_BLACK(MKLFLTJK07),"KRW 109,000",https://www.mpgsport.co.kr/web/product/big/20200521/f57617f0397b9079a2a4873e05c69ae8.jpg
0,mpg,http://www.mpgsport.co.kr/product/mpg반넥-기모-집업-자켓portmklfltjk12/1566/category/247/display/1/,[MPG]반넥 기모 집업 자켓_PORT(MKLFLTJK12),"KRW 99,000",https://www.mpgsport.co.kr/web/product/big/20200521/c8ab0c4a08480822649e855330036fd4.jpg
0,mpg,http://www.mpgsport.co.kr/product/mpg벌룬-헴스트레치-우븐-후드-자켓mmlsltjk30lt-stone/1148/category/247/display/1/,[MPG]벌룬  헴스트레치 우븐 후드 자켓_MMLSLTJK30(LT STONE),"169,000",https://www.mpgsport.co.kr/web/product/big/20200626/17652d7e7303075471a7afa5c76c4f86.jpg
0,mpg,http://www.mpgsport.co.kr/product/mpg톤온톤-패널-후드-집업-자켓mklsltjk03frost/1147/category/247/display/1/,[MPG]톤온톤 패널 후드 집업 자켓_MKLSLTJK03(FROST),"105,000",https://www.mpgsport.co.kr/web/product/big/20200626/a1380904615dce498d974953684d2cc6.jpg
0,mpg,http://www.mpgsport.co.kr/product/mpg톤온톤-패널-후드-집업-자켓mklsltjk03deep-mauve/1146/category/247/display/1/,[MPG]톤온톤 패널 후드 집업 자켓_MKLSLTJK03(DEEP MAUVE),"105,000",https://www.mpgsport.co.kr/web/product/big/20200626/37d66bc3922b1bcd694ef966b1890975.jpg
0,mpg,http://www.mpgsport.co.kr/product/mpg액티비티-메쉬-패널-집업자켓mklsltjk02ice-green/1145/category/247/display/1/,[MPG]액티비티 메쉬 패널 집업자켓_MKLSLTJK02(ICE GREEN),"99,000",https://www.mpgsport.co.kr/web/product/big/20200626/39ad9af4fc50daa744943b81b527a298.jpg
0,mpg,http://www.mpgsport.co.kr/product/mpg액티비티-메쉬-패널-집업자켓mklsltjk02charcoal/1144/category/247/display/1/,[MPG]액티비티 메쉬 패널 집업자켓_MKLSLTJK02(CHARCOAL),"99,000",https://www.mpgsport.co.kr/web/product/big/20200626/9aaa64f22ebe2a747109d035af93db4d.jpg
0,mpg,http://www.mpgsport.co.kr/product/mpg하프-시스루-보헤미안-롱-가디건mklsltcr02lavender/1143/category/247/display/1/,[MPG]하프 시스루 보헤미안 롱 가디건_MKLSLTCR02(LAVENDER),"99,000",https://www.mpgsport.co.kr/web/product/big/20200626/1a9acf0eb6af1011a09af9e1adfd14c3.jpg
0,mpg,http://www.mpgsport.co.kr/product/mpg하프-시스루-보헤미안-롱-가디건mklsltcr02frost/1142/category/247/display/1/,[MPG]하프 시스루 보헤미안 롱 가디건_MKLSLTCR02(FROST),"99,000",https://www.mpgsport.co.kr/web/product/big/20200626/bb41c5bafb7d8bff0619648c501f7dcb.jpg
0,mpg,http://www.mpgsport.co.kr/product/mpg하프-시스루-보헤미안-롱-가디건mklsltcr02charcoal/1141/category/247/display/1/,[MPG]하프 시스루 보헤미안 롱 가디건_MKLSLTCR02(CHARCOAL),"99,000",https://www.mpgsport.co.kr/web/product/big/20200626/318a651b1156043021996c4afb6e4b78.jpg
