http://www.mulawear.com/shop/shopdetail.html?branduid=498257&xcode=007&mcode=002&scode=001&type=Y&sort=manual&cur_code=007&GfDT=bmt%2FW1w%3D,M,BOTTOM,http://cdn3-aka.makeshop.co.kr/shopimages/jo112/0060020000993.jpg?1599199979
http://www.mulawear.com/shop/shopdetail.html?branduid=498256&xcode=007&mcode=002&scode=001&type=Y&sort=manual&cur_code=007&GfDT=bm11W10%3D,M,BOTTOM,http://cdn3-aka.makeshop.co.kr/shopimages/jo112/0060020001003.jpg?1599199956
http://www.mulawear.com/shop/shopdetail.html?branduid=498090&xcode=007&mcode=001&scode=001&type=Y&sort=manual&cur_code=007&GfDT=bm19W14%3D,M,BOTTOM,http://cdn3-aka.makeshop.co.kr/shopimages/jo112/0060020000763.jpg?1597192640
http://www.mulawear.com/shop/shopdetail.html?branduid=498208&xcode=007&mcode=001&scode=001&type=Y&sort=manual&cur_code=007&GfDT=aGd3Ug%3D%3D,M,BOTTOM,http://cdn3-aka.makeshop.co.kr/shopimages/jo112/0060020000893.jpg?1597909338
http://www.mulawear.com/shop/shopdetail.html?branduid=498207&xcode=007&mcode=001&scode=001&type=Y&sort=manual&cur_code=007&GfDT=aGV5,M,BOTTOM,http://cdn3-aka.makeshop.co.kr/shopimages/jo112/0060020000883.jpg?1597909194
http://www.mulawear.com/shop/shopdetail.html?branduid=498130&xcode=007&mcode=001&scode=001&type=Y&sort=manual&cur_code=007&GfDT=aW13VA%3D%3D,M,BOTTOM,http://cdn3-aka.makeshop.co.kr/shopimages/jo112/0060020000783.jpg?1597296878
http://www.mulawear.com/shop/shopdetail.html?branduid=498129&xcode=007&mcode=001&scode=001&type=Y&sort=manual&cur_code=007&GfDT=a2p3Vw%3D%3D,M,BOTTOM,http://cdn3-aka.makeshop.co.kr/shopimages/jo112/0060020000793.jpg?1597296854
http://www.mulawear.com/shop/shopdetail.html?branduid=497042&xcode=007&mcode=002&scode=001&type=Y&sort=manual&cur_code=007&GfDT=bGx3Vg%3D%3D,M,BOTTOM,http://cdn3-aka.makeshop.co.kr/shopimages/jo112/0060020000233.jpg?1591159566
http://www.mulawear.com/shop/shopdetail.html?branduid=498209&xcode=007&mcode=003&scode=011&type=Y&sort=manual&cur_code=007&GfDT=Z253WQ%3D%3D,M,BOTTOM,http://cdn3-aka.makeshop.co.kr/shopimages/jo112/0060020000963.jpg?1597996834
http://www.mulawear.com/shop/shopdetail.html?branduid=498210&xcode=007&mcode=003&scode=008&type=Y&sort=manual&cur_code=007&GfDT=bml0W1U%3D,M,BOTTOM,http://cdn3-aka.makeshop.co.kr/shopimages/jo112/0060020000953.jpg?1597996703
http://www.mulawear.com/shop/shopdetail.html?branduid=498214&xcode=007&mcode=002&scode=001&type=Y&sort=manual&cur_code=007&GfDT=bmt%2FW11E,M,BOTTOM,http://cdn3-aka.makeshop.co.kr/shopimages/jo112/0060020000933.jpg?1598230405
http://www.mulawear.com/shop/shopdetail.html?branduid=498213&xcode=007&mcode=002&scode=001&type=Y&sort=manual&cur_code=007&GfDT=Zm13UF0%3D,M,BOTTOM,http://cdn3-aka.makeshop.co.kr/shopimages/jo112/0060020000943.jpg?1598230352
http://www.mulawear.com/shop/shopdetail.html?branduid=498215&xcode=007&mcode=003&scode=011&type=Y&sort=manual&cur_code=007&GfDT=aWV8Uw%3D%3D,M,BOTTOM,http://cdn3-aka.makeshop.co.kr/shopimages/jo112/0060020000923.jpg?1598230099
http://www.mulawear.com/shop/shopdetail.html?branduid=498216&xcode=007&mcode=003&scode=008&type=Y&sort=manual&cur_code=007&GfDT=bmt1W11H,M,BOTTOM,http://cdn3-aka.makeshop.co.kr/shopimages/jo112/0060020000913.jpg?1598230276
http://www.mulawear.com/shop/shopdetail.html?branduid=498217&xcode=007&mcode=003&scode=009&type=Y&sort=manual&cur_code=007&GfDT=bmx%2FW11A,M,BOTTOM,http://cdn3-aka.makeshop.co.kr/shopimages/jo112/0060020000903.jpg?1598230221
http://www.mulawear.com/shop/shopdetail.html?branduid=498091&xcode=007&mcode=001&scode=001&type=Y&sort=manual&cur_code=007&GfDT=bml%2BW11B,M,BOTTOM,http://cdn3-aka.makeshop.co.kr/shopimages/jo112/0060020000873.jpg?1597909292
http://www.mulawear.com/shop/shopdetail.html?branduid=498092&xcode=007&mcode=001&scode=001&type=Y&sort=manual&cur_code=007&GfDT=bm9%2BW11C,M,BOTTOM,http://cdn3-aka.makeshop.co.kr/shopimages/jo112/0060020000863.jpg?1597909241
http://www.mulawear.com/shop/shopdetail.html?branduid=498131&xcode=007&mcode=001&scode=001&type=Y&sort=manual&cur_code=007&GfDT=aWx3UFs%3D,M,BOTTOM,http://cdn3-aka.makeshop.co.kr/shopimages/jo112/0060020000853.jpg?1597997787
http://www.mulawear.com/shop/shopdetail.html?branduid=498124&xcode=007&mcode=002&scode=001&type=Y&sort=manual&cur_code=007&GfDT=bmZ3UFQ%3D,M,BOTTOM,http://cdn3-aka.makeshop.co.kr/shopimages/jo112/0060020000843.jpg?1597302515
http://www.mulawear.com/shop/shopdetail.html?branduid=498125&xcode=007&mcode=002&scode=001&type=Y&sort=manual&cur_code=007&GfDT=aWZ3UFU%3D,M,BOTTOM,http://cdn3-aka.makeshop.co.kr/shopimages/jo112/0060020000833.jpg?1597729109
http://www.mulawear.com/shop/shopdetail.html?branduid=498126&xcode=007&mcode=002&scode=001&type=Y&sort=manual&cur_code=007&GfDT=bmp7W15E,M,BOTTOM,http://cdn3-aka.makeshop.co.kr/shopimages/jo112/0060020000823.jpg?1597302447
http://www.mulawear.com/shop/shopdetail.html?branduid=498127&xcode=007&mcode=002&scode=001&type=Y&sort=manual&cur_code=007&GfDT=bm90W15F,M,BOTTOM,http://cdn3-aka.makeshop.co.kr/shopimages/jo112/0060020000813.jpg?1597824167
http://www.mulawear.com/shop/shopdetail.html?branduid=498128&xcode=007&mcode=002&scode=001&type=Y&sort=manual&cur_code=007&GfDT=bmt%2BW15G,M,BOTTOM,http://cdn3-aka.makeshop.co.kr/shopimages/jo112/0060020000803.jpg?1597824245
http://www.mulawear.com/shop/shopdetail.html?branduid=498088&xcode=007&mcode=001&scode=001&type=Y&sort=manual&cur_code=007&GfDT=Zmx3U18%3D,M,BOTTOM,http://cdn3-aka.makeshop.co.kr/shopimages/jo112/0170040015063.jpg?1597192802
http://www.mulawear.com/shop/shopdetail.html?branduid=498089&xcode=007&mcode=001&scode=001&type=Y&sort=manual&cur_code=007&GfDT=Z2t3U1g%3D,M,BOTTOM,http://cdn3-aka.makeshop.co.kr/shopimages/jo112/0060020000773.jpg?1597192742
http://www.mulawear.com/shop/shopdetail.html?branduid=497462&xcode=007&mcode=002&scode=001&type=Y&sort=manual&cur_code=007&GfDT=bmx7W15B,M,BOTTOM,http://cdn3-aka.makeshop.co.kr/shopimages/jo112/0060020000713.jpg?1585821131
http://www.mulawear.com/shop/shopdetail.html?branduid=497463&xcode=007&mcode=002&scode=001&type=Y&sort=manual&cur_code=007&GfDT=bmt9W15C,M,BOTTOM,http://cdn3-aka.makeshop.co.kr/shopimages/jo112/0060020000703.jpg?1585821266
http://www.mulawear.com/shop/shopdetail.html?branduid=497457&xcode=007&mcode=002&scode=001&type=Y&sort=manual&cur_code=007&GfDT=bmt3U1s%3D,M,BOTTOM,http://cdn3-aka.makeshop.co.kr/shopimages/jo112/0060020000673.jpg?1585821991
http://www.mulawear.com/shop/shopdetail.html?branduid=497458&xcode=007&mcode=002&scode=001&type=Y&sort=manual&cur_code=007&GfDT=bm18W15M,M,BOTTOM,http://cdn3-aka.makeshop.co.kr/shopimages/jo112/0060020000663.jpg?1585821763
http://www.mulawear.com/shop/shopdetail.html?branduid=497459&xcode=007&mcode=002&scode=001&type=Y&sort=manual&cur_code=007&GfDT=bmt%2FW15N,M,BOTTOM,http://cdn3-aka.makeshop.co.kr/shopimages/jo112/0060020000653.jpg?1585821630
http://www.mulawear.com/shop/shopdetail.html?branduid=497448&xcode=007&mcode=001&scode=001&type=Y&sort=manual&cur_code=007&GfDT=aG93Ulw%3D,M,BOTTOM,http://cdn3-aka.makeshop.co.kr/shopimages/jo112/0060020000643.jpg?1585822685
http://www.mulawear.com/shop/shopdetail.html?branduid=497449&xcode=007&mcode=001&scode=001&type=Y&sort=manual&cur_code=007&GfDT=Zm93Ul0%3D,M,BOTTOM,http://cdn3-aka.makeshop.co.kr/shopimages/jo112/0060020000633.jpg?1585822550
http://www.mulawear.com/shop/shopdetail.html?branduid=497450&xcode=007&mcode=001&scode=001&type=Y&sort=manual&cur_code=007&GfDT=a2Z3Ul4%3D,M,BOTTOM,http://cdn3-aka.makeshop.co.kr/shopimages/jo112/0060020000623.jpg?1585822126
http://www.mulawear.com/shop/shopdetail.html?branduid=497453&xcode=007&mcode=003&scode=009&type=Y&sort=manual&cur_code=007&GfDT=bmt%2FW19H,M,BOTTOM,http://cdn3-aka.makeshop.co.kr/shopimages/jo112/0060020000613.jpg?1592533452
http://www.mulawear.com/shop/shopdetail.html?branduid=497454&xcode=007&mcode=003&scode=008&type=Y&sort=manual&cur_code=007&GfDT=bm19W19A,M,BOTTOM,http://cdn3-aka.makeshop.co.kr/shopimages/jo112/0060020000603.jpg?1592533369
http://www.mulawear.com/shop/shopdetail.html?branduid=497455&xcode=007&mcode=003&scode=006&type=Y&sort=manual&cur_code=007&GfDT=ZmV%2BVA%3D%3D,M,BOTTOM,http://cdn3-aka.makeshop.co.kr/shopimages/jo112/0060020000593.jpg?1592533229
http://www.mulawear.com/shop/shopdetail.html?branduid=497456&xcode=007&mcode=003&scode=011&type=Y&sort=manual&cur_code=007&GfDT=bG53Ulo%3D,M,BOTTOM,http://cdn3-aka.makeshop.co.kr/shopimages/jo112/0060020000583.jpg?1592533838
http://www.mulawear.com/shop/shopdetail.html?branduid=497451&xcode=007&mcode=003&scode=006&type=Y&sort=manual&cur_code=007&GfDT=bml4W19D,M,BOTTOM,http://cdn3-aka.makeshop.co.kr/shopimages/jo112/0060020000573.jpg?1592541563
http://www.mulawear.com/shop/shopdetail.html?branduid=497452&xcode=007&mcode=003&scode=011&type=Y&sort=manual&cur_code=007&GfDT=a213UlQ%3D,M,BOTTOM,http://cdn3-aka.makeshop.co.kr/shopimages/jo112/0060020000563.jpg?1592541631
http://www.mulawear.com/shop/shopdetail.html?branduid=497315&xcode=007&mcode=001&scode=001&type=Y&sort=manual&cur_code=007&GfDT=bm5%2BW19N,M,BOTTOM,http://cdn3-aka.makeshop.co.kr/shopimages/jo112/0060020000523.jpg?1582521772
http://www.mulawear.com/shop/shopdetail.html?branduid=497316&xcode=007&mcode=001&scode=001&type=Y&sort=manual&cur_code=007&GfDT=bml%2FW1hE,M,BOTTOM,http://cdn3-aka.makeshop.co.kr/shopimages/jo112/0060020000513.jpg?1582521646
http://www.mulawear.com/shop/shopdetail.html?branduid=497317&xcode=007&mcode=001&scode=001&type=Y&sort=manual&cur_code=007&GfDT=bmx6W1hF,M,BOTTOM,http://cdn3-aka.makeshop.co.kr/shopimages/jo112/0060020000503.jpg?1582521369
http://www.mulawear.com/shop/shopdetail.html?branduid=497073&xcode=007&mcode=003&scode=009&type=Y&sort=manual&cur_code=007&GfDT=bmp6W1hG,M,BOTTOM,http://cdn3-aka.makeshop.co.kr/shopimages/jo112/0060020000473.jpg?1592534112
http://www.mulawear.com/shop/shopdetail.html?branduid=497055&xcode=007&mcode=003&scode=008&type=Y&sort=manual&cur_code=007&GfDT=bm19W1hH,M,BOTTOM,http://cdn3-aka.makeshop.co.kr/shopimages/jo112/0060020000283.jpg?1592295357
http://www.mulawear.com/shop/shopdetail.html?branduid=497049&xcode=007&mcode=003&scode=011&type=Y&sort=manual&cur_code=007&GfDT=aWt3VVg%3D,M,BOTTOM,http://cdn3-aka.makeshop.co.kr/shopimages/jo112/0060020000293.jpg?1592295471
http://www.mulawear.com/shop/shopdetail.html?branduid=497052&xcode=007&mcode=003&scode=009&type=Y&sort=manual&cur_code=007&GfDT=bm57W1hB,M,BOTTOM,http://cdn3-aka.makeshop.co.kr/shopimages/jo112/0060020000273.jpg?1592295539
http://www.mulawear.com/shop/shopdetail.html?branduid=497043&xcode=007&mcode=003&scode=011&type=Y&sort=manual&cur_code=007&GfDT=bm59W1hC,M,BOTTOM,http://cdn3-aka.makeshop.co.kr/shopimages/jo112/0060020000243.jpg?1592542026
http://www.mulawear.com/shop/shopdetail.html?branduid=497046&xcode=007&mcode=003&scode=006&type=Y&sort=manual&cur_code=007&GfDT=bml1W1hD,M,BOTTOM,http://cdn3-aka.makeshop.co.kr/shopimages/jo112/0060020000223.jpg?1592541952
http://www.mulawear.com/shop/shopdetail.html?branduid=497048&xcode=007&mcode=003&scode=008&type=Y&sort=manual&cur_code=007&GfDT=bmx8W1hM,M,BOTTOM,http://cdn3-aka.makeshop.co.kr/shopimages/jo112/0060020000303.jpg?1592541041
http://www.mulawear.com/shop/shopdetail.html?branduid=497086&xcode=007&mcode=001&scode=001&type=Y&sort=manual&cur_code=007&GfDT=Z253VVU%3D,M,BOTTOM,http://cdn3-aka.makeshop.co.kr/shopimages/jo112/0060020000463.jpg?1592295759
http://www.mulawear.com/shop/shopdetail.html?branduid=497084&xcode=007&mcode=001&scode=001&type=Y&sort=manual&cur_code=007&GfDT=bml3VFw%3D,M,BOTTOM,http://cdn3-aka.makeshop.co.kr/shopimages/jo112/0060020000443.jpg?1592541243
http://www.mulawear.com/shop/shopdetail.html?branduid=497081&xcode=007&mcode=001&scode=001&type=Y&sort=manual&cur_code=007&GfDT=bm55W1lF,M,BOTTOM,http://cdn3-aka.makeshop.co.kr/shopimages/jo112/0060020000423.jpg?1591087224
http://www.mulawear.com/shop/shopdetail.html?branduid=497097&xcode=007&mcode=001&scode=001&type=Y&sort=manual&cur_code=007&GfDT=bmd3VF4%3D,M,BOTTOM,http://cdn3-aka.makeshop.co.kr/shopimages/jo112/0060020000413.jpg?1592541325
http://www.mulawear.com/shop/shopdetail.html?branduid=497098&xcode=007&mcode=001&scode=001&type=Y&sort=manual&cur_code=007&GfDT=bmp0W1lH,M,BOTTOM,http://cdn3-aka.makeshop.co.kr/shopimages/jo112/0060020000403.jpg?1592542272
http://www.mulawear.com/shop/shopdetail.html?branduid=497099&xcode=007&mcode=001&scode=001&type=Y&sort=manual&cur_code=007&GfDT=bmp0W1lA,M,BOTTOM,http://cdn3-aka.makeshop.co.kr/shopimages/jo112/0060020000393.jpg?1592541455
http://www.mulawear.com/shop/shopdetail.html?branduid=497070&xcode=007&mcode=002&scode=001&type=Y&sort=manual&cur_code=007&GfDT=amt3VFk%3D,M,BOTTOM,http://cdn3-aka.makeshop.co.kr/shopimages/jo112/0060020000363.jpg?1591859626
http://www.mulawear.com/shop/shopdetail.html?branduid=497062&xcode=007&mcode=002&scode=001&type=Y&sort=manual&cur_code=007&GfDT=aGt3VFo%3D,M,BOTTOM,http://cdn3-aka.makeshop.co.kr/shopimages/jo112/0060020000353.jpg?1592535288
http://www.mulawear.com/shop/shopdetail.html?branduid=497061&xcode=007&mcode=002&scode=001&type=Y&sort=manual&cur_code=007&GfDT=bm17W1lD,M,BOTTOM,http://cdn3-aka.makeshop.co.kr/shopimages/jo112/0060020000343.jpg?1591859361
http://www.mulawear.com/shop/shopdetail.html?branduid=497064&xcode=007&mcode=002&scode=001&type=Y&sort=manual&cur_code=007&GfDT=aWZ3VFQ%3D,M,BOTTOM,http://cdn3-aka.makeshop.co.kr/shopimages/jo112/0060020000333.jpg?1592296045
http://www.mulawear.com/shop/shopdetail.html?branduid=497067&xcode=007&mcode=002&scode=001&type=Y&sort=manual&cur_code=007&GfDT=bmt1W1lN,M,BOTTOM,http://cdn3-aka.makeshop.co.kr/shopimages/jo112/0060020000323.jpg?1591859499
http://www.mulawear.com/shop/shopdetail.html?branduid=497066&xcode=007&mcode=002&scode=001&type=Y&sort=manual&cur_code=007&GfDT=a2h3V1w%3D,M,BOTTOM,http://cdn3-aka.makeshop.co.kr/shopimages/jo112/0060020000313.jpg?1592295983
http://www.mulawear.com/shop/shopdetail.html?branduid=497057&xcode=007&mcode=002&scode=001&type=Y&sort=manual&cur_code=007&GfDT=bmx0W1pF,M,BOTTOM,http://cdn3-aka.makeshop.co.kr/shopimages/jo112/0060020000263.jpg?1591859241
http://www.mulawear.com/shop/shopdetail.html?branduid=497039&xcode=007&mcode=002&scode=001&type=Y&sort=manual&cur_code=007&GfDT=aWp3V14%3D,M,BOTTOM,http://cdn3-aka.makeshop.co.kr/shopimages/jo112/0060020000253.jpg?1591159488
http://www.mulawear.com/shop/shopdetail.html?branduid=497029&xcode=007&mcode=001&scode=001&type=Y&sort=manual&cur_code=007&GfDT=a2Z3V18%3D,M,BOTTOM,http://cdn3-aka.makeshop.co.kr/shopimages/jo112/0060020000213.jpg?1592541778
http://www.mulawear.com/shop/shopdetail.html?branduid=497036&xcode=007&mcode=002&scode=001&type=Y&sort=manual&cur_code=007&GfDT=bm91W1pA,M,BOTTOM,http://cdn3-aka.makeshop.co.kr/shopimages/jo112/0060020000203.jpg?1591160298
http://www.mulawear.com/shop/shopdetail.html?branduid=497035&xcode=007&mcode=002&scode=001&type=Y&sort=manual&cur_code=007&GfDT=bmx3V1k%3D,M,BOTTOM,http://cdn3-aka.makeshop.co.kr/shopimages/jo112/0060020000193.jpg?1591160379
http://www.mulawear.com/shop/shopdetail.html?branduid=497033&xcode=007&mcode=001&scode=001&type=Y&sort=manual&cur_code=007&GfDT=bm93V1o%3D,M,BOTTOM,http://cdn3-aka.makeshop.co.kr/shopimages/jo112/0060020000183.jpg?1592534401
http://www.mulawear.com/shop/shopdetail.html?branduid=497032&xcode=007&mcode=001&scode=001&type=Y&sort=manual&cur_code=007&GfDT=Zm13V1s%3D,M,BOTTOM,http://cdn3-aka.makeshop.co.kr/shopimages/jo112/0060020000173.jpg?1592534463
http://www.mulawear.com/shop/shopdetail.html?branduid=497030&xcode=007&mcode=001&scode=001&type=Y&sort=manual&cur_code=007&GfDT=bmx9W1pM,M,BOTTOM,http://cdn3-aka.makeshop.co.kr/shopimages/jo112/0060020000153.jpg?1591159835
http://www.mulawear.com/shop/shopdetail.html?branduid=497022&xcode=007&mcode=001&scode=001&type=Y&sort=manual&cur_code=007&GfDT=a2V7WA%3D%3D,M,BOTTOM,http://cdn3-aka.makeshop.co.kr/shopimages/jo112/0060020000143.jpg?1591159978
http://www.mulawear.com/shop/shopdetail.html?branduid=497018&xcode=007&mcode=001&scode=001&type=Y&sort=manual&cur_code=007&GfDT=bmp6W1tE,M,BOTTOM,http://cdn3-aka.makeshop.co.kr/shopimages/jo112/0060020000133.jpg?1592295685
http://www.mulawear.com/shop/shopdetail.html?branduid=498219&xcode=007&mcode=001&scode=001&type=Y&sort=manual&cur_code=007&GfDT=aG53Vl0%3D,M,BOTTOM,http://cdn3-aka.makeshop.co.kr/shopimages/jo112/0060020000973.jpg?1599209933
http://www.mulawear.com/shop/shopdetail.html?branduid=498218&xcode=007&mcode=001&scode=001&type=Y&sort=manual&cur_code=007&GfDT=bmt8W1tG,M,BOTTOM,http://cdn3-aka.makeshop.co.kr/shopimages/jo112/0060020000983.jpg?1599209909
http://www.mulawear.com/shop/shopdetail.html?branduid=498106&xcode=007&mcode=001&scode=001&type=Y&sort=manual&cur_code=007&GfDT=bmt8W1tH,M,BOTTOM,http://cdn3-aka.makeshop.co.kr/shopimages/jo112/0060020000723.jpg?1597035759
http://www.mulawear.com/shop/shopdetail.html?branduid=498105&xcode=007&mcode=001&scode=001&type=Y&sort=manual&cur_code=007&GfDT=bmt5W1tA,M,BOTTOM,http://cdn3-aka.makeshop.co.kr/shopimages/jo112/0060020000733.jpg?1597036201
http://www.mulawear.com/shop/shopdetail.html?branduid=497011&xcode=007&mcode=001&scode=001&type=Y&sort=manual&cur_code=007&GfDT=bGx3Vlk%3D,M,BOTTOM,http://cdn3-aka.makeshop.co.kr/shopimages/jo112/0060020000123.jpg?1592534675
http://www.mulawear.com/shop/shopdetail.html?branduid=497010&xcode=007&mcode=001&scode=001&type=Y&sort=manual&cur_code=007&GfDT=bGl3Vlo%3D,M,BOTTOM,http://cdn3-aka.makeshop.co.kr/shopimages/jo112/0060020000113.jpg?1592534554
http://www.mulawear.com/shop/shopdetail.html?branduid=497009&xcode=007&mcode=001&scode=001&type=Y&sort=manual&cur_code=007&GfDT=bGx3Vls%3D,M,BOTTOM,http://cdn3-aka.makeshop.co.kr/shopimages/jo112/0060020000103.jpg?1592539988
http://www.mulawear.com/shop/shopdetail.html?branduid=497007&xcode=007&mcode=001&scode=001&type=Y&sort=manual&cur_code=007&GfDT=bmp%2BW1tM,M,BOTTOM,http://cdn3-aka.makeshop.co.kr/shopimages/jo112/0060020000093.jpg?1591159090
http://www.mulawear.com/shop/shopdetail.html?branduid=497461&xcode=007&mcode=003&scode=011&type=Y&sort=manual&cur_code=007&GfDT=bml6W1tN,M,BOTTOM,http://cdn3-aka.makeshop.co.kr/shopimages/jo112/0060020000683.jpg?1585821397
http://www.mulawear.com/shop/shopdetail.html?branduid=497031&xcode=007&mcode=001&scode=001&type=Y&sort=manual&cur_code=007&GfDT=bm54W1RE,M,BOTTOM,http://cdn3-aka.makeshop.co.kr/shopimages/jo112/0060020000163.jpg?1592534232
http://www.mulawear.com/shop/shopdetail.html?branduid=497072&xcode=007&mcode=003&scode=011&type=Y&sort=manual&cur_code=007&GfDT=bml0W1RF,M,BOTTOM,http://cdn3-aka.makeshop.co.kr/shopimages/jo112/0060020000383.jpg?1592534043
http://www.mulawear.com/shop/shopdetail.html?branduid=497460&xcode=007&mcode=003&scode=006&type=Y&sort=manual&cur_code=007&GfDT=aW93WV4%3D,M,BOTTOM,http://cdn3-aka.makeshop.co.kr/shopimages/jo112/0060020000693.jpg?1586413329
http://www.mulawear.com/shop/shopdetail.html?branduid=497445&xcode=007&mcode=001&scode=001&type=Y&sort=manual&cur_code=007&GfDT=bmx%2BW1RH,M,BOTTOM,http://cdn3-aka.makeshop.co.kr/shopimages/jo112/0060020000553.jpg?1591158807
http://www.mulawear.com/shop/shopdetail.html?branduid=497446&xcode=007&mcode=001&scode=001&type=Y&sort=manual&cur_code=007&GfDT=bm91W1RA,M,BOTTOM,http://cdn3-aka.makeshop.co.kr/shopimages/jo112/0060020000543.jpg?1591158901
http://www.mulawear.com/shop/shopdetail.html?branduid=497447&xcode=007&mcode=001&scode=001&type=Y&sort=manual&cur_code=007&GfDT=a2l3WVk%3D,M,BOTTOM,http://cdn3-aka.makeshop.co.kr/shopimages/jo112/0060020000533.jpg?1592794178
