http://www.mulawear.com/shop/shopdetail.html?branduid=497663&xcode=010&mcode=004&scode=001&type=Y&sort=manual&cur_code=010&GfDT=bm98W1w%3D,M,TOP,http://cdn3-aka.makeshop.co.kr/shopimages/jo112/0170040011283.jpg?1591843331
http://www.mulawear.com/shop/shopdetail.html?branduid=497662&xcode=010&mcode=004&scode=001&type=Y&sort=manual&cur_code=010&GfDT=bm55W10%3D,M,TOP,http://cdn3-aka.makeshop.co.kr/shopimages/jo112/0170040011273.jpg?1591843544
http://www.mulawear.com/shop/shopdetail.html?branduid=497661&xcode=010&mcode=004&scode=001&type=Y&sort=manual&cur_code=010&GfDT=bmx3Uw%3D%3D,M,TOP,http://cdn3-aka.makeshop.co.kr/shopimages/jo112/0170040011263.jpg?1591843607
http://www.mulawear.com/shop/shopdetail.html?branduid=497667&xcode=010&mcode=004&scode=001&type=Y&sort=manual&cur_code=010&GfDT=aGl3Ug%3D%3D,M,TOP,http://cdn3-aka.makeshop.co.kr/shopimages/jo112/0170040011323.jpg?1591843264
http://www.mulawear.com/shop/shopdetail.html?branduid=497666&xcode=010&mcode=004&scode=001&type=Y&sort=manual&cur_code=010&GfDT=bW53VQ%3D%3D,M,TOP,http://cdn3-aka.makeshop.co.kr/shopimages/jo112/0170040011313.jpg?1591843172
http://www.mulawear.com/shop/shopdetail.html?branduid=497665&xcode=010&mcode=004&scode=001&type=Y&sort=manual&cur_code=010&GfDT=bWd3VA%3D%3D,M,TOP,http://cdn3-aka.makeshop.co.kr/shopimages/jo112/0170040011303.jpg?1591842917
http://www.mulawear.com/shop/shopdetail.html?branduid=497664&xcode=010&mcode=004&scode=001&type=Y&sort=manual&cur_code=010&GfDT=a2p3Vw%3D%3D,M,TOP,http://cdn3-aka.makeshop.co.kr/shopimages/jo112/0170040011293.jpg?1591843090
http://www.mulawear.com/shop/shopdetail.html?branduid=497671&xcode=010&mcode=004&scode=001&type=Y&sort=manual&cur_code=010&GfDT=aWh3Vg%3D%3D,M,TOP,http://cdn3-aka.makeshop.co.kr/shopimages/jo112/0060010001563.jpg?1591842712
http://www.mulawear.com/shop/shopdetail.html?branduid=497670&xcode=010&mcode=004&scode=001&type=Y&sort=manual&cur_code=010&GfDT=bmx0W1Q%3D,M,TOP,http://cdn3-aka.makeshop.co.kr/shopimages/jo112/0170040011353.jpg?1591842767
http://www.mulawear.com/shop/shopdetail.html?branduid=497669&xcode=010&mcode=004&scode=001&type=Y&sort=manual&cur_code=010&GfDT=bGl3WA%3D%3D,M,TOP,http://cdn3-aka.makeshop.co.kr/shopimages/jo112/0170040011343.jpg?1591842570
http://www.mulawear.com/shop/shopdetail.html?branduid=497668&xcode=010&mcode=004&scode=001&type=Y&sort=manual&cur_code=010&GfDT=Z293UFw%3D,M,TOP,http://cdn3-aka.makeshop.co.kr/shopimages/jo112/0170040011333.jpg?1591842461
http://www.mulawear.com/shop/shopdetail.html?branduid=498377&xcode=010&mcode=003&scode=001&type=Y&sort=manual&cur_code=010&GfDT=aGt3UF0%3D,M,TOP,http://cdn3-aka.makeshop.co.kr/shopimages/jo112/0060010002573.jpg?1599637883
http://www.mulawear.com/shop/shopdetail.html?branduid=498376&xcode=010&mcode=003&scode=001&type=Y&sort=manual&cur_code=010&GfDT=bmh3UF4%3D,M,TOP,http://cdn3-aka.makeshop.co.kr/shopimages/jo112/0060010002563.jpg?1599637931
http://www.mulawear.com/shop/shopdetail.html?branduid=498379&xcode=010&mcode=003&scode=001&type=Y&sort=manual&cur_code=010&GfDT=bmh3UF8%3D,M,TOP,http://cdn3-aka.makeshop.co.kr/shopimages/jo112/0060010002553.jpg?1599637543
http://www.mulawear.com/shop/shopdetail.html?branduid=498378&xcode=010&mcode=003&scode=001&type=Y&sort=manual&cur_code=010&GfDT=amh3UFg%3D,M,TOP,http://cdn3-aka.makeshop.co.kr/shopimages/jo112/0060010002543.jpg?1599637593
http://www.mulawear.com/shop/shopdetail.html?branduid=498381&xcode=010&mcode=003&scode=001&type=Y&sort=manual&cur_code=010&GfDT=bmx6W11B,M,TOP,http://cdn3-aka.makeshop.co.kr/shopimages/jo112/0060010002523.jpg?1599785092
http://www.mulawear.com/shop/shopdetail.html?branduid=498380&xcode=010&mcode=003&scode=001&type=Y&sort=manual&cur_code=010&GfDT=Z213UFo%3D,M,TOP,http://cdn3-aka.makeshop.co.kr/shopimages/jo112/0060010002533.jpg?1599785033
http://www.mulawear.com/shop/shopdetail.html?branduid=498385&xcode=010&mcode=003&scode=001&type=Y&sort=manual&cur_code=010&GfDT=amp3UFs%3D,M,TOP,http://cdn3-aka.makeshop.co.kr/shopimages/jo112/0060010002513.jpg?1599637314
http://www.mulawear.com/shop/shopdetail.html?branduid=498386&xcode=010&mcode=003&scode=001&type=Y&sort=manual&cur_code=010&GfDT=bWp3UFQ%3D,M,TOP,http://cdn3-aka.makeshop.co.kr/shopimages/jo112/0060010002503.jpg?1599637216
http://www.mulawear.com/shop/shopdetail.html?branduid=498287&xcode=010&mcode=003&scode=001&type=Y&sort=manual&cur_code=010&GfDT=aW93UFU%3D,M,TOP,http://cdn3-aka.makeshop.co.kr/shopimages/jo112/0060010002413.jpg?1599442922
http://www.mulawear.com/shop/shopdetail.html?branduid=498266&xcode=010&mcode=002&scode=001&type=Y&sort=manual&cur_code=010&GfDT=ZmV%2FUQ%3D%3D,M,TOP,http://cdn3-aka.makeshop.co.kr/shopimages/jo112/0060010002463.jpg?1599443004
http://www.mulawear.com/shop/shopdetail.html?branduid=498267&xcode=010&mcode=002&scode=001&type=Y&sort=manual&cur_code=010&GfDT=aGZ3U10%3D,M,TOP,http://cdn3-aka.makeshop.co.kr/shopimages/jo112/0060010002453.jpg?1599443059
http://www.mulawear.com/shop/shopdetail.html?branduid=498258&xcode=010&mcode=002&scode=001&type=Y&sort=manual&cur_code=010&GfDT=b2V%2FUw%3D%3D,M,TOP,http://cdn3-aka.makeshop.co.kr/shopimages/jo112/0060010002493.jpg?1599525472
http://www.mulawear.com/shop/shopdetail.html?branduid=498259&xcode=010&mcode=002&scode=001&type=Y&sort=manual&cur_code=010&GfDT=a293U18%3D,M,TOP,http://cdn3-aka.makeshop.co.kr/shopimages/jo112/0060010002483.jpg?1599525590
http://www.mulawear.com/shop/shopdetail.html?branduid=498260&xcode=010&mcode=002&scode=001&type=Y&sort=manual&cur_code=010&GfDT=amZ3U1g%3D,M,TOP,http://cdn3-aka.makeshop.co.kr/shopimages/jo112/0060010002473.jpg?1599525696
http://www.mulawear.com/shop/shopdetail.html?branduid=498286&xcode=010&mcode=002&scode=001&type=Y&sort=manual&cur_code=010&GfDT=bmx%2BW15B,M,TOP,http://cdn3-aka.makeshop.co.kr/shopimages/jo112/0060010002423.jpg?1599443169
http://www.mulawear.com/shop/shopdetail.html?branduid=498282&xcode=010&mcode=003&scode=001&type=Y&sort=manual&cur_code=010&GfDT=bmp9W15C,M,TOP,http://cdn3-aka.makeshop.co.kr/shopimages/jo112/0060010002443.jpg?1599525386
http://www.mulawear.com/shop/shopdetail.html?branduid=498283&xcode=010&mcode=003&scode=001&type=Y&sort=manual&cur_code=010&GfDT=bm90W15D,M,TOP,http://cdn3-aka.makeshop.co.kr/shopimages/jo112/0060010002433.jpg?1599525322
http://www.mulawear.com/shop/shopdetail.html?branduid=498265&xcode=010&mcode=002&scode=001&type=Y&sort=manual&cur_code=010&GfDT=bm1%2FW15M,M,TOP,http://cdn3-aka.makeshop.co.kr/shopimages/jo112/0060010002393.jpg?1599201957
http://www.mulawear.com/shop/shopdetail.html?branduid=498264&xcode=010&mcode=002&scode=001&type=Y&sort=manual&cur_code=010&GfDT=bmt8W15N,M,TOP,http://cdn3-aka.makeshop.co.kr/shopimages/jo112/0060010002403.jpg?1599201977
http://www.mulawear.com/shop/shopdetail.html?branduid=498281&xcode=010&mcode=003&scode=001&type=Y&sort=manual&cur_code=010&GfDT=aWV%2BUQ%3D%3D,M,TOP,http://cdn3-aka.makeshop.co.kr/shopimages/jo112/0060010002373.jpg?1599202161
http://www.mulawear.com/shop/shopdetail.html?branduid=498280&xcode=010&mcode=003&scode=001&type=Y&sort=manual&cur_code=010&GfDT=bWV%2BUA%3D%3D,M,TOP,http://cdn3-aka.makeshop.co.kr/shopimages/jo112/0060010002383.jpg?1599202183
http://www.mulawear.com/shop/shopdetail.html?branduid=498285&xcode=010&mcode=003&scode=001&type=Y&sort=manual&cur_code=010&GfDT=Z213Ul4%3D,M,TOP,http://cdn3-aka.makeshop.co.kr/shopimages/jo112/0060010002353.jpg?1599201051
http://www.mulawear.com/shop/shopdetail.html?branduid=498284&xcode=010&mcode=003&scode=001&type=Y&sort=manual&cur_code=010&GfDT=bmZ3Ul8%3D,M,TOP,http://cdn3-aka.makeshop.co.kr/shopimages/jo112/0060010002363.jpg?1599201069
http://www.mulawear.com/shop/shopdetail.html?branduid=498263&xcode=010&mcode=002&scode=001&type=Y&sort=manual&cur_code=010&GfDT=aGd3Ulg%3D,M,TOP,http://cdn3-aka.makeshop.co.kr/shopimages/jo112/0060010002323.jpg?1599200206
http://www.mulawear.com/shop/shopdetail.html?branduid=498262&xcode=010&mcode=002&scode=001&type=Y&sort=manual&cur_code=010&GfDT=bm9%2BW19B,M,TOP,http://cdn3-aka.makeshop.co.kr/shopimages/jo112/0060010002333.jpg?1599200752
http://www.mulawear.com/shop/shopdetail.html?branduid=498261&xcode=010&mcode=002&scode=001&type=Y&sort=manual&cur_code=010&GfDT=a2d3Ulo%3D,M,TOP,http://cdn3-aka.makeshop.co.kr/shopimages/jo112/0060010002343.jpg?1599200815
http://www.mulawear.com/shop/shopdetail.html?branduid=498273&xcode=010&mcode=002&scode=001&type=Y&sort=manual&cur_code=010&GfDT=bm1%2BW19D,M,TOP,http://cdn3-aka.makeshop.co.kr/shopimages/jo112/0060010002293.jpg?1599201766
http://www.mulawear.com/shop/shopdetail.html?branduid=498272&xcode=010&mcode=002&scode=001&type=Y&sort=manual&cur_code=010&GfDT=bm1%2FW19M,M,TOP,http://cdn3-aka.makeshop.co.kr/shopimages/jo112/0060010002303.jpg?1599201558
http://www.mulawear.com/shop/shopdetail.html?branduid=498271&xcode=010&mcode=002&scode=001&type=Y&sort=manual&cur_code=010&GfDT=bmx0W19N,M,TOP,http://cdn3-aka.makeshop.co.kr/shopimages/jo112/0060010002313.jpg?1599201738
http://www.mulawear.com/shop/shopdetail.html?branduid=498276&xcode=010&mcode=004&scode=001&type=Y&sort=manual&cur_code=010&GfDT=bml9W1hE,M,TOP,http://cdn3-aka.makeshop.co.kr/shopimages/jo112/0060010002263.jpg?1599202482
http://www.mulawear.com/shop/shopdetail.html?branduid=498275&xcode=010&mcode=004&scode=001&type=Y&sort=manual&cur_code=010&GfDT=bWZ3VV0%3D,M,TOP,http://cdn3-aka.makeshop.co.kr/shopimages/jo112/0060010002273.jpg?1599202433
http://www.mulawear.com/shop/shopdetail.html?branduid=498274&xcode=010&mcode=004&scode=001&type=Y&sort=manual&cur_code=010&GfDT=a293VV4%3D,M,TOP,http://cdn3-aka.makeshop.co.kr/shopimages/jo112/0060010002283.jpg?1599202460
http://www.mulawear.com/shop/shopdetail.html?branduid=497485&xcode=010&mcode=002&scode=001&type=Y&sort=manual&cur_code=010&GfDT=bm10W1hH,M,TOP,http://cdn3-aka.makeshop.co.kr/shopimages/jo112/0060010001443.jpg?1585817897
http://www.mulawear.com/shop/shopdetail.html?branduid=497486&xcode=010&mcode=002&scode=001&type=Y&sort=manual&cur_code=010&GfDT=bmh%2FW1hA,M,TOP,http://cdn3-aka.makeshop.co.kr/shopimages/jo112/0060010001433.jpg?1585818009
http://www.mulawear.com/shop/shopdetail.html?branduid=497487&xcode=010&mcode=002&scode=001&type=Y&sort=manual&cur_code=010&GfDT=a2Z3VVk%3D,M,TOP,http://cdn3-aka.makeshop.co.kr/shopimages/jo112/0060010001423.jpg?1585818240
http://www.mulawear.com/shop/shopdetail.html?branduid=498100&xcode=010&mcode=004&scode=001&type=Y&sort=manual&cur_code=010&GfDT=Zmt3VVo%3D,M,TOP,http://cdn3-aka.makeshop.co.kr/shopimages/jo112/0060010001933.jpg?1597036722
http://www.mulawear.com/shop/shopdetail.html?branduid=498101&xcode=010&mcode=004&scode=001&type=Y&sort=manual&cur_code=010&GfDT=Z253VVs%3D,M,TOP,http://cdn3-aka.makeshop.co.kr/shopimages/jo112/0060010001923.jpg?1597036916
http://www.mulawear.com/shop/shopdetail.html?branduid=498102&xcode=010&mcode=004&scode=001&type=Y&sort=manual&cur_code=010&GfDT=bm95W1hM,M,TOP,http://cdn3-aka.makeshop.co.kr/shopimages/jo112/0060010001913.jpg?1597036958
http://www.mulawear.com/shop/shopdetail.html?branduid=497501&xcode=010&mcode=004&scode=001&type=Y&sort=manual&cur_code=010&GfDT=aG53VVU%3D,M,TOP,http://cdn3-aka.makeshop.co.kr/shopimages/jo112/0060010001393.jpg?1585551223
http://www.mulawear.com/shop/shopdetail.html?branduid=497502&xcode=010&mcode=004&scode=001&type=Y&sort=manual&cur_code=010&GfDT=Zmx3VFw%3D,M,TOP,http://cdn3-aka.makeshop.co.kr/shopimages/jo112/0060010001403.jpg?1585551181
http://www.mulawear.com/shop/shopdetail.html?branduid=497503&xcode=010&mcode=004&scode=001&type=Y&sort=manual&cur_code=010&GfDT=aWp3VF0%3D,M,TOP,http://cdn3-aka.makeshop.co.kr/shopimages/jo112/0060010001413.jpg?1585637373
http://www.mulawear.com/shop/shopdetail.html?branduid=497824&xcode=010&mcode=004&scode=001&type=Y&sort=manual&cur_code=010&GfDT=bmp8W1lG,M,TOP,http://cdn3-aka.makeshop.co.kr/shopimages/jo112/0060010001743.jpg?1596001436
http://www.mulawear.com/shop/shopdetail.html?branduid=497825&xcode=010&mcode=004&scode=001&type=Y&sort=manual&cur_code=010&GfDT=Zmx3VF8%3D,M,TOP,http://cdn3-aka.makeshop.co.kr/shopimages/jo112/0060010001733.jpg?1596001359
http://www.mulawear.com/shop/shopdetail.html?branduid=497823&xcode=010&mcode=004&scode=001&type=Y&sort=manual&cur_code=010&GfDT=bm94W1lA,M,TOP,http://cdn3-aka.makeshop.co.kr/shopimages/jo112/0060010001753.jpg?1596001492
http://www.mulawear.com/shop/shopdetail.html?branduid=498140&xcode=010&mcode=004&scode=001&type=Y&sort=manual&cur_code=010&GfDT=bml%2FW1lB,M,TOP,http://cdn3-aka.makeshop.co.kr/shopimages/jo112/0060010002013.jpg?1597823941
http://www.mulawear.com/shop/shopdetail.html?branduid=498142&xcode=010&mcode=004&scode=001&type=Y&sort=manual&cur_code=010&GfDT=amx3VFo%3D,M,TOP,http://cdn3-aka.makeshop.co.kr/shopimages/jo112/0060010001993.jpg?1597823990
http://www.mulawear.com/shop/shopdetail.html?branduid=498141&xcode=010&mcode=004&scode=001&type=Y&sort=manual&cur_code=010&GfDT=Z2x3VFs%3D,M,TOP,http://cdn3-aka.makeshop.co.kr/shopimages/jo112/0060010002003.jpg?1597824034
http://www.mulawear.com/shop/shopdetail.html?branduid=497495&xcode=010&mcode=002&scode=001&type=Y&sort=manual&cur_code=010&GfDT=Zmd3VFQ%3D,M,TOP,http://cdn3-aka.makeshop.co.kr/shopimages/jo112/0060010001333.jpg?1585546389
http://www.mulawear.com/shop/shopdetail.html?branduid=497496&xcode=010&mcode=002&scode=001&type=Y&sort=manual&cur_code=010&GfDT=bm16W1lN,M,TOP,http://cdn3-aka.makeshop.co.kr/shopimages/jo112/0060010001323.jpg?1585546312
http://www.mulawear.com/shop/shopdetail.html?branduid=497494&xcode=010&mcode=002&scode=001&type=Y&sort=manual&cur_code=010&GfDT=bGV7UQ%3D%3D,M,TOP,http://cdn3-aka.makeshop.co.kr/shopimages/jo112/0060010001343.jpg?1585546432
http://www.mulawear.com/shop/shopdetail.html?branduid=498206&xcode=010&mcode=003&scode=001&type=Y&sort=manual&cur_code=010&GfDT=bm94W1pF,M,TOP,http://cdn3-aka.makeshop.co.kr/shopimages/jo112/0060010002233.jpg?1598233479
http://www.mulawear.com/shop/shopdetail.html?branduid=498205&xcode=010&mcode=003&scode=001&type=Y&sort=manual&cur_code=010&GfDT=Z213V14%3D,M,TOP,http://cdn3-aka.makeshop.co.kr/shopimages/jo112/0060010002243.jpg?1598233532
http://www.mulawear.com/shop/shopdetail.html?branduid=498204&xcode=010&mcode=003&scode=001&type=Y&sort=manual&cur_code=010&GfDT=Z2p3V18%3D,M,TOP,http://cdn3-aka.makeshop.co.kr/shopimages/jo112/0060010002253.jpg?1598232852
http://www.mulawear.com/shop/shopdetail.html?branduid=498230&xcode=010&mcode=003&scode=001&type=Y&sort=manual&cur_code=010&GfDT=bm15W1pA,M,TOP,http://cdn3-aka.makeshop.co.kr/shopimages/jo112/0060010002223.jpg?1598234043
http://www.mulawear.com/shop/shopdetail.html?branduid=498220&xcode=010&mcode=004&scode=001&type=Y&sort=manual&cur_code=010&GfDT=bml9W1pB,M,TOP,http://cdn3-aka.makeshop.co.kr/shopimages/jo112/0060010002213.jpg?1598231750
http://www.mulawear.com/shop/shopdetail.html?branduid=498223&xcode=010&mcode=004&scode=001&type=Y&sort=manual&cur_code=010&GfDT=bmt9W1pC,M,TOP,http://cdn3-aka.makeshop.co.kr/shopimages/jo112/0060010002183.jpg?1598231688
http://www.mulawear.com/shop/shopdetail.html?branduid=498222&xcode=010&mcode=004&scode=001&type=Y&sort=manual&cur_code=010&GfDT=bm15W1pD,M,TOP,http://cdn3-aka.makeshop.co.kr/shopimages/jo112/0060010002193.jpg?1598231886
http://www.mulawear.com/shop/shopdetail.html?branduid=498221&xcode=010&mcode=004&scode=001&type=Y&sort=manual&cur_code=010&GfDT=aWx3V1Q%3D,M,TOP,http://cdn3-aka.makeshop.co.kr/shopimages/jo112/0060010002203.jpg?1598231824
http://www.mulawear.com/shop/shopdetail.html?branduid=498226&xcode=010&mcode=004&scode=001&type=Y&sort=manual&cur_code=010&GfDT=a253V1U%3D,M,TOP,http://cdn3-aka.makeshop.co.kr/shopimages/jo112/0060010002153.jpg?1598230623
http://www.mulawear.com/shop/shopdetail.html?branduid=498225&xcode=010&mcode=004&scode=001&type=Y&sort=manual&cur_code=010&GfDT=Zm93Vlw%3D,M,TOP,http://cdn3-aka.makeshop.co.kr/shopimages/jo112/0060010002163.jpg?1598231355
http://www.mulawear.com/shop/shopdetail.html?branduid=498224&xcode=010&mcode=004&scode=001&type=Y&sort=manual&cur_code=010&GfDT=am93Vl0%3D,M,TOP,http://cdn3-aka.makeshop.co.kr/shopimages/jo112/0060010002173.jpg?1598231563
http://www.mulawear.com/shop/shopdetail.html?branduid=498228&xcode=010&mcode=004&scode=001&type=Y&sort=manual&cur_code=010&GfDT=aG93Vl4%3D,M,TOP,http://cdn3-aka.makeshop.co.kr/shopimages/jo112/0060010002133.jpg?1598232091
http://www.mulawear.com/shop/shopdetail.html?branduid=498227&xcode=010&mcode=004&scode=001&type=Y&sort=manual&cur_code=010&GfDT=Z213Vl8%3D,M,TOP,http://cdn3-aka.makeshop.co.kr/shopimages/jo112/0060010002143.jpg?1598231976
http://www.mulawear.com/shop/shopdetail.html?branduid=498232&xcode=010&mcode=003&scode=001&type=Y&sort=manual&cur_code=010&GfDT=bmx8W1tA,M,TOP,http://cdn3-aka.makeshop.co.kr/shopimages/jo112/0060010002103.jpg?1598232283
http://www.mulawear.com/shop/shopdetail.html?branduid=498231&xcode=010&mcode=003&scode=001&type=Y&sort=manual&cur_code=010&GfDT=bW53Vlk%3D,M,TOP,http://cdn3-aka.makeshop.co.kr/shopimages/jo112/0060010002113.jpg?1598232431
http://www.mulawear.com/shop/shopdetail.html?branduid=498203&xcode=010&mcode=003&scode=001&type=Y&sort=manual&cur_code=010&GfDT=bmx%2FW1tC,M,TOP,http://cdn3-aka.makeshop.co.kr/shopimages/jo112/0060010002123.jpg?1598232496
http://www.mulawear.com/shop/shopdetail.html?branduid=498134&xcode=010&mcode=004&scode=001&type=Y&sort=manual&cur_code=010&GfDT=am13Vls%3D,M,TOP,http://cdn3-aka.makeshop.co.kr/shopimages/jo112/0060010002073.jpg?1597883647
http://www.mulawear.com/shop/shopdetail.html?branduid=498135&xcode=010&mcode=004&scode=001&type=Y&sort=manual&cur_code=010&GfDT=amp3VlQ%3D,M,TOP,http://cdn3-aka.makeshop.co.kr/shopimages/jo112/0060010002063.jpg?1597884054
http://www.mulawear.com/shop/shopdetail.html?branduid=498132&xcode=010&mcode=004&scode=001&type=Y&sort=manual&cur_code=010&GfDT=bmp3VlU%3D,M,TOP,http://cdn3-aka.makeshop.co.kr/shopimages/jo112/0060010002093.jpg?1597883478
http://www.mulawear.com/shop/shopdetail.html?branduid=498133&xcode=010&mcode=004&scode=001&type=Y&sort=manual&cur_code=010&GfDT=aGl3WVw%3D,M,TOP,http://cdn3-aka.makeshop.co.kr/shopimages/jo112/0060010002083.jpg?1597883559
http://www.mulawear.com/shop/shopdetail.html?branduid=498138&xcode=010&mcode=004&scode=001&type=Y&sort=manual&cur_code=010&GfDT=bmt1W1RF,M,TOP,http://cdn3-aka.makeshop.co.kr/shopimages/jo112/0060010002033.jpg?1597897021
http://www.mulawear.com/shop/shopdetail.html?branduid=498139&xcode=010&mcode=004&scode=001&type=Y&sort=manual&cur_code=010&GfDT=Z253WV4%3D,M,TOP,http://cdn3-aka.makeshop.co.kr/shopimages/jo112/0060010002023.jpg?1597883190
http://www.mulawear.com/shop/shopdetail.html?branduid=498136&xcode=010&mcode=004&scode=001&type=Y&sort=manual&cur_code=010&GfDT=aWV1Ug%3D%3D,M,TOP,http://cdn3-aka.makeshop.co.kr/shopimages/jo112/0060010002053.jpg?1597883030
http://www.mulawear.com/shop/shopdetail.html?branduid=498137&xcode=010&mcode=004&scode=001&type=Y&sort=manual&cur_code=010&GfDT=bW53WVg%3D,M,TOP,http://cdn3-aka.makeshop.co.kr/shopimages/jo112/0060010002043.jpg?1597883082
http://www.mulawear.com/shop/shopdetail.html?branduid=498099&xcode=010&mcode=004&scode=001&type=Y&sort=manual&cur_code=010&GfDT=bmx1W1RB,M,TOP,http://cdn3-aka.makeshop.co.kr/shopimages/jo112/0060010001943.jpg?1597037238
http://www.mulawear.com/shop/shopdetail.html?branduid=498097&xcode=010&mcode=004&scode=001&type=Y&sort=manual&cur_code=010&GfDT=bml1W1RC,M,TOP,http://cdn3-aka.makeshop.co.kr/shopimages/jo112/0060010001963.jpg?1597037155
http://www.mulawear.com/shop/shopdetail.html?branduid=498098&xcode=010&mcode=004&scode=001&type=Y&sort=manual&cur_code=010&GfDT=aGt3WVs%3D,M,TOP,http://cdn3-aka.makeshop.co.kr/shopimages/jo112/0060010001953.jpg?1597037418
http://www.mulawear.com/shop/shopdetail.html?branduid=498093&xcode=010&mcode=001&scode=001&type=Y&sort=manual&cur_code=010&GfDT=b2V1WQ%3D%3D,M,TOP,http://cdn3-aka.makeshop.co.kr/shopimages/jo112/0060010001903.jpg?1597192562
http://www.mulawear.com/shop/shopdetail.html?branduid=498094&xcode=010&mcode=001&scode=001&type=Y&sort=manual&cur_code=010&GfDT=Zmx3WVU%3D,M,TOP,http://cdn3-aka.makeshop.co.kr/shopimages/jo112/0060010001893.jpg?1597192481
http://www.mulawear.com/shop/shopdetail.html?branduid=498095&xcode=010&mcode=001&scode=001&type=Y&sort=manual&cur_code=010&GfDT=bmp5W1VE,M,TOP,http://cdn3-aka.makeshop.co.kr/shopimages/jo112/0060010001883.jpg?1597037533
http://www.mulawear.com/shop/shopdetail.html?branduid=498096&xcode=010&mcode=001&scode=001&type=Y&sort=manual&cur_code=010&GfDT=bGV0UA%3D%3D,M,TOP,http://cdn3-aka.makeshop.co.kr/shopimages/jo112/0060010001873.jpg?1597037486
http://www.mulawear.com/shop/shopdetail.html?branduid=498111&xcode=010&mcode=004&scode=001&type=Y&sort=manual&cur_code=010&GfDT=bWp3WF4%3D,M,TOP,http://cdn3-aka.makeshop.co.kr/shopimages/jo112/0060010001853.jpg?1597035353
http://www.mulawear.com/shop/shopdetail.html?branduid=498110&xcode=010&mcode=004&scode=001&type=Y&sort=manual&cur_code=010&GfDT=bmp3WF8%3D,M,TOP,http://cdn3-aka.makeshop.co.kr/shopimages/jo112/0060010001863.jpg?1597035287
http://www.mulawear.com/shop/shopdetail.html?branduid=498108&xcode=010&mcode=004&scode=001&type=Y&sort=manual&cur_code=010&GfDT=Z2d3WFg%3D,M,TOP,http://cdn3-aka.makeshop.co.kr/shopimages/jo112/0060010001833.jpg?1597035623
http://www.mulawear.com/shop/shopdetail.html?branduid=498107&xcode=010&mcode=004&scode=001&type=Y&sort=manual&cur_code=010&GfDT=bm9%2FW1VB,M,TOP,http://cdn3-aka.makeshop.co.kr/shopimages/jo112/0060010001823.jpg?1597035481
http://www.mulawear.com/shop/shopdetail.html?branduid=498109&xcode=010&mcode=004&scode=001&type=Y&sort=manual&cur_code=010&GfDT=bWV0Vw%3D%3D,M,TOP,http://cdn3-aka.makeshop.co.kr/shopimages/jo112/0060010001843.jpg?1597035532
http://www.mulawear.com/shop/shopdetail.html?branduid=497817&xcode=010&mcode=004&scode=001&type=Y&sort=manual&cur_code=010&GfDT=aGV0Vg%3D%3D,M,TOP,http://cdn3-aka.makeshop.co.kr/shopimages/jo112/0060010001813.jpg?1596003549
http://www.mulawear.com/shop/shopdetail.html?branduid=497818&xcode=010&mcode=004&scode=001&type=Y&sort=manual&cur_code=010&GfDT=amx3WFQ%3D,M,TOP,http://cdn3-aka.makeshop.co.kr/shopimages/jo112/0060010001803.jpg?1596003441
http://www.mulawear.com/shop/shopdetail.html?branduid=497819&xcode=010&mcode=004&scode=001&type=Y&sort=manual&cur_code=010&GfDT=aWp3WFU%3D,M,TOP,http://cdn3-aka.makeshop.co.kr/shopimages/jo112/0060010001793.jpg?1596003487
http://www.mulawear.com/shop/shopdetail.html?branduid=497821&xcode=010&mcode=004&scode=001&type=Y&sort=manual&cur_code=010&GfDT=bW53UQ%3D%3D,M,TOP,http://cdn3-aka.makeshop.co.kr/shopimages/jo112/0060010001773.jpg?1596003076
http://www.mulawear.com/shop/shopdetail.html?branduid=497822&xcode=010&mcode=004&scode=001&type=Y&sort=manual&cur_code=010&GfDT=Z2l3UA%3D%3D,M,TOP,http://cdn3-aka.makeshop.co.kr/shopimages/jo112/0060010001763.jpg?1596002417
http://www.mulawear.com/shop/shopdetail.html?branduid=497820&xcode=010&mcode=004&scode=001&type=Y&sort=manual&cur_code=010&GfDT=bmt7W14%3D,M,TOP,http://cdn3-aka.makeshop.co.kr/shopimages/jo112/0060010001783.jpg?1596002494
http://www.mulawear.com/shop/shopdetail.html?branduid=497826&xcode=010&mcode=004&scode=001&type=Y&sort=manual&cur_code=010&GfDT=amd3Ug%3D%3D,M,TOP,http://cdn3-aka.makeshop.co.kr/shopimages/jo112/0060010001723.jpg?1596436143
http://www.mulawear.com/shop/shopdetail.html?branduid=497827&xcode=010&mcode=004&scode=001&type=Y&sort=manual&cur_code=010&GfDT=bWh3VQ%3D%3D,M,TOP,http://cdn3-aka.makeshop.co.kr/shopimages/jo112/0060010001713.jpg?1596001116
http://www.mulawear.com/shop/shopdetail.html?branduid=497828&xcode=010&mcode=004&scode=001&type=Y&sort=manual&cur_code=010&GfDT=amZ3VA%3D%3D,M,TOP,http://cdn3-aka.makeshop.co.kr/shopimages/jo112/0060010001703.jpg?1596001233
http://www.mulawear.com/shop/shopdetail.html?branduid=497815&xcode=010&mcode=001&scode=001&type=Y&sort=manual&cur_code=010&GfDT=bml%2FW1o%3D,M,TOP,http://cdn3-aka.makeshop.co.kr/shopimages/jo112/0060010001693.jpg?1596003777
http://www.mulawear.com/shop/shopdetail.html?branduid=497816&xcode=010&mcode=001&scode=001&type=Y&sort=manual&cur_code=010&GfDT=aWZ3Vg%3D%3D,M,TOP,http://cdn3-aka.makeshop.co.kr/shopimages/jo112/0060010001683.jpg?1596003704
http://www.mulawear.com/shop/shopdetail.html?branduid=497813&xcode=010&mcode=001&scode=001&type=Y&sort=manual&cur_code=010&GfDT=aWd3WQ%3D%3D,M,TOP,http://cdn3-aka.makeshop.co.kr/shopimages/jo112/0060010001673.jpg?1596004033
http://www.mulawear.com/shop/shopdetail.html?branduid=497814&xcode=010&mcode=001&scode=001&type=Y&sort=manual&cur_code=010&GfDT=a2t3WA%3D%3D,M,TOP,http://cdn3-aka.makeshop.co.kr/shopimages/jo112/0060010001663.jpg?1596004103
http://www.mulawear.com/shop/shopdetail.html?branduid=497702&xcode=010&mcode=004&scode=001&type=Y&sort=manual&cur_code=010&GfDT=bml9W11E,M,TOP,http://cdn3-aka.makeshop.co.kr/shopimages/jo112/0060010001583.jpg?1593415248
http://www.mulawear.com/shop/shopdetail.html?branduid=497698&xcode=010&mcode=004&scode=001&type=Y&sort=manual&cur_code=010&GfDT=bWh3UF0%3D,M,TOP,http://cdn3-aka.makeshop.co.kr/shopimages/jo112/0060010001623.jpg?1593415620
http://www.mulawear.com/shop/shopdetail.html?branduid=497699&xcode=010&mcode=004&scode=001&type=Y&sort=manual&cur_code=010&GfDT=bmt%2BW11G,M,TOP,http://cdn3-aka.makeshop.co.kr/shopimages/jo112/0060010001613.jpg?1593415668
http://www.mulawear.com/shop/shopdetail.html?branduid=497703&xcode=010&mcode=004&scode=001&type=Y&sort=manual&cur_code=010&GfDT=Z2p3UF8%3D,M,TOP,http://cdn3-aka.makeshop.co.kr/shopimages/jo112/0060010001573.jpg?1593415436
http://www.mulawear.com/shop/shopdetail.html?branduid=497700&xcode=010&mcode=004&scode=001&type=Y&sort=manual&cur_code=010&GfDT=bmx9W11A,M,TOP,http://cdn3-aka.makeshop.co.kr/shopimages/jo112/0060010001603.jpg?1593415562
http://www.mulawear.com/shop/shopdetail.html?branduid=497701&xcode=010&mcode=004&scode=001&type=Y&sort=manual&cur_code=010&GfDT=bml5W11B,M,TOP,http://cdn3-aka.makeshop.co.kr/shopimages/jo112/0060010001593.jpg?1593415183
http://www.mulawear.com/shop/shopdetail.html?branduid=497697&xcode=010&mcode=004&scode=001&type=Y&sort=manual&cur_code=010&GfDT=bm58W11C,M,TOP,http://cdn3-aka.makeshop.co.kr/shopimages/jo112/0060010001633.jpg?1593415789
http://www.mulawear.com/shop/shopdetail.html?branduid=497695&xcode=010&mcode=004&scode=001&type=Y&sort=manual&cur_code=010&GfDT=bml8W11D,M,TOP,http://cdn3-aka.makeshop.co.kr/shopimages/jo112/0060010001653.jpg?1593415840
http://www.mulawear.com/shop/shopdetail.html?branduid=497696&xcode=010&mcode=004&scode=001&type=Y&sort=manual&cur_code=010&GfDT=bmt%2FW11M,M,TOP,http://cdn3-aka.makeshop.co.kr/shopimages/jo112/0060010001643.jpg?1593415733
http://www.mulawear.com/shop/shopdetail.html?branduid=497040&xcode=010&mcode=001&scode=001&type=Y&sort=manual&cur_code=010&GfDT=Z2x3UFU%3D,M,TOP,http://cdn3-aka.makeshop.co.kr/shopimages/jo112/0060010000693.jpg?1591157622
http://www.mulawear.com/shop/shopdetail.html?branduid=497026&xcode=010&mcode=001&scode=001&type=Y&sort=manual&cur_code=010&GfDT=Zm13U1w%3D,M,TOP,http://cdn3-aka.makeshop.co.kr/shopimages/jo112/0060010000533.jpg?1592531431
http://www.mulawear.com/shop/shopdetail.html?branduid=497023&xcode=010&mcode=001&scode=001&type=Y&sort=manual&cur_code=010&GfDT=bm16W15F,M,TOP,http://cdn3-aka.makeshop.co.kr/shopimages/jo112/0060010000593.jpg?1592531342
http://www.mulawear.com/shop/shopdetail.html?branduid=497047&xcode=010&mcode=001&scode=001&type=Y&sort=manual&cur_code=010&GfDT=bWV%2FUw%3D%3D,M,TOP,http://cdn3-aka.makeshop.co.kr/shopimages/jo112/0060010000643.jpg?1592531867
http://www.mulawear.com/shop/shopdetail.html?branduid=497038&xcode=010&mcode=001&scode=001&type=Y&sort=manual&cur_code=010&GfDT=bGx3U18%3D,M,TOP,http://cdn3-aka.makeshop.co.kr/shopimages/jo112/0060010000683.jpg?1591157768
http://www.mulawear.com/shop/shopdetail.html?branduid=497050&xcode=010&mcode=001&scode=001&type=Y&sort=manual&cur_code=010&GfDT=amd3U1g%3D,M,TOP,http://cdn3-aka.makeshop.co.kr/shopimages/jo112/0060010000733.jpg?1591157951
http://www.mulawear.com/shop/shopdetail.html?branduid=497025&xcode=010&mcode=001&scode=001&type=Y&sort=manual&cur_code=010&GfDT=Zml3U1k%3D,M,TOP,http://cdn3-aka.makeshop.co.kr/shopimages/jo112/0060010000543.jpg?1592531497
http://www.mulawear.com/shop/shopdetail.html?branduid=497021&xcode=010&mcode=001&scode=001&type=Y&sort=manual&cur_code=010&GfDT=bmp%2BW15C,M,TOP,http://cdn3-aka.makeshop.co.kr/shopimages/jo112/0060010000583.jpg?1591157374
http://www.mulawear.com/shop/shopdetail.html?branduid=497037&xcode=010&mcode=001&scode=001&type=Y&sort=manual&cur_code=010&GfDT=bmp5W15D,M,TOP,http://cdn3-aka.makeshop.co.kr/shopimages/jo112/0060010000623.jpg?1591157823
http://www.mulawear.com/shop/shopdetail.html?branduid=497041&xcode=010&mcode=001&scode=001&type=Y&sort=manual&cur_code=010&GfDT=aWd3U1Q%3D,M,TOP,http://cdn3-aka.makeshop.co.kr/shopimages/jo112/0060010000673.jpg?1592531788
http://www.mulawear.com/shop/shopdetail.html?branduid=497053&xcode=010&mcode=001&scode=001&type=Y&sort=manual&cur_code=010&GfDT=bml0W15N,M,TOP,http://cdn3-aka.makeshop.co.kr/shopimages/jo112/0060010000723.jpg?1591158047
http://www.mulawear.com/shop/shopdetail.html?branduid=497017&xcode=010&mcode=001&scode=001&type=Y&sort=manual&cur_code=010&GfDT=aWx3Ulw%3D,M,TOP,http://cdn3-aka.makeshop.co.kr/shopimages/jo112/0060010000523.jpg?1591157158
http://www.mulawear.com/shop/shopdetail.html?branduid=497034&xcode=010&mcode=001&scode=001&type=Y&sort=manual&cur_code=010&GfDT=Z2Z3Ul0%3D,M,TOP,http://cdn3-aka.makeshop.co.kr/shopimages/jo112/0060010000613.jpg?1591756293
http://www.mulawear.com/shop/shopdetail.html?branduid=497045&xcode=010&mcode=001&scode=001&type=Y&sort=manual&cur_code=010&GfDT=bGt3Ul4%3D,M,TOP,http://cdn3-aka.makeshop.co.kr/shopimages/jo112/0060010000663.jpg?1592531713
http://www.mulawear.com/shop/shopdetail.html?branduid=497056&xcode=010&mcode=001&scode=001&type=Y&sort=manual&cur_code=010&GfDT=bGl3Ul8%3D,M,TOP,http://cdn3-aka.makeshop.co.kr/shopimages/jo112/0060010000713.jpg?1592532056
http://www.mulawear.com/shop/shopdetail.html?branduid=497360&xcode=010&mcode=003&scode=001&type=Y&sort=manual&cur_code=010&GfDT=bm99W19A,M,TOP,http://cdn3-aka.makeshop.co.kr/shopimages/jo112/0060010001553.jpg?1586226157
http://www.mulawear.com/shop/shopdetail.html?branduid=497361&xcode=010&mcode=003&scode=001&type=Y&sort=manual&cur_code=010&GfDT=aW53Ulk%3D,M,TOP,http://cdn3-aka.makeshop.co.kr/shopimages/jo112/0060010001543.jpg?1586226262
http://www.mulawear.com/shop/shopdetail.html?branduid=497362&xcode=010&mcode=003&scode=001&type=Y&sort=manual&cur_code=010&GfDT=Zmp3Ulo%3D,M,TOP,http://cdn3-aka.makeshop.co.kr/shopimages/jo112/0060010001533.jpg?1586226319
http://www.mulawear.com/shop/shopdetail.html?branduid=497481&xcode=010&mcode=002&scode=001&type=Y&sort=manual&cur_code=010&GfDT=Z2Z3Uls%3D,M,TOP,http://cdn3-aka.makeshop.co.kr/shopimages/jo112/0060010001523.jpg?1586225867
http://www.mulawear.com/shop/shopdetail.html?branduid=497483&xcode=010&mcode=002&scode=001&type=Y&sort=manual&cur_code=010&GfDT=Z213UlQ%3D,M,TOP,http://cdn3-aka.makeshop.co.kr/shopimages/jo112/0060010001513.jpg?1586225940
http://www.mulawear.com/shop/shopdetail.html?branduid=497482&xcode=010&mcode=002&scode=001&type=Y&sort=manual&cur_code=010&GfDT=bml%2BW19N,M,TOP,http://cdn3-aka.makeshop.co.kr/shopimages/jo112/0060010001503.jpg?1586225755
http://www.mulawear.com/shop/shopdetail.html?branduid=497484&xcode=010&mcode=002&scode=001&type=Y&sort=manual&cur_code=010&GfDT=Z2l3VVw%3D,M,TOP,http://cdn3-aka.makeshop.co.kr/shopimages/jo112/0060010001493.jpg?1586226029
http://www.mulawear.com/shop/shopdetail.html?branduid=497477&xcode=010&mcode=004&scode=001&type=Y&sort=manual&cur_code=010&GfDT=aWZ3VV0%3D,M,TOP,http://cdn3-aka.makeshop.co.kr/shopimages/jo112/0060010001483.jpg?1586225241
http://www.mulawear.com/shop/shopdetail.html?branduid=497478&xcode=010&mcode=004&scode=001&type=Y&sort=manual&cur_code=010&GfDT=bmt%2FW1hG,M,TOP,http://cdn3-aka.makeshop.co.kr/shopimages/jo112/0060010001473.jpg?1586239856
http://www.mulawear.com/shop/shopdetail.html?branduid=497479&xcode=010&mcode=004&scode=001&type=Y&sort=manual&cur_code=010&GfDT=aml3VV8%3D,M,TOP,http://cdn3-aka.makeshop.co.kr/shopimages/jo112/0060010001463.jpg?1585873469
http://www.mulawear.com/shop/shopdetail.html?branduid=497480&xcode=010&mcode=004&scode=001&type=Y&sort=manual&cur_code=010&GfDT=bmp5W1hA,M,TOP,http://cdn3-aka.makeshop.co.kr/shopimages/jo112/0060010001453.jpg?1585873334
http://www.mulawear.com/shop/shopdetail.html?branduid=497497&xcode=010&mcode=004&scode=001&type=Y&sort=manual&cur_code=010&GfDT=am13VVk%3D,M,TOP,http://cdn3-aka.makeshop.co.kr/shopimages/jo112/0060010001383.jpg?1585546229
http://www.mulawear.com/shop/shopdetail.html?branduid=497499&xcode=010&mcode=004&scode=001&type=Y&sort=manual&cur_code=010&GfDT=bmh%2FW1hC,M,TOP,http://cdn3-aka.makeshop.co.kr/shopimages/jo112/0060010001363.jpg?1585544922
http://www.mulawear.com/shop/shopdetail.html?branduid=497500&xcode=010&mcode=004&scode=001&type=Y&sort=manual&cur_code=010&GfDT=Zm13VVs%3D,M,TOP,http://cdn3-aka.makeshop.co.kr/shopimages/jo112/0060010001353.jpg?1591156910
http://www.mulawear.com/shop/shopdetail.html?branduid=497491&xcode=010&mcode=002&scode=001&type=Y&sort=manual&cur_code=010&GfDT=bml4W1hM,M,TOP,http://cdn3-aka.makeshop.co.kr/shopimages/jo112/0060010001313.jpg?1585546655
http://www.mulawear.com/shop/shopdetail.html?branduid=497492&xcode=010&mcode=002&scode=001&type=Y&sort=manual&cur_code=010&GfDT=Zmx3VVU%3D,M,TOP,http://cdn3-aka.makeshop.co.kr/shopimages/jo112/0060010001303.jpg?1585546609
http://www.mulawear.com/shop/shopdetail.html?branduid=497493&xcode=010&mcode=002&scode=001&type=Y&sort=manual&cur_code=010&GfDT=bm16W1lE,M,TOP,http://cdn3-aka.makeshop.co.kr/shopimages/jo112/0060010001293.jpg?1585546519
http://www.mulawear.com/shop/shopdetail.html?branduid=497488&xcode=010&mcode=002&scode=001&type=Y&sort=manual&cur_code=010&GfDT=Z2t3VF0%3D,M,TOP,http://cdn3-aka.makeshop.co.kr/shopimages/jo112/0060010001283.jpg?1585724168
http://www.mulawear.com/shop/shopdetail.html?branduid=497489&xcode=010&mcode=002&scode=001&type=Y&sort=manual&cur_code=010&GfDT=a2h3VF4%3D,M,TOP,http://cdn3-aka.makeshop.co.kr/shopimages/jo112/0060010001273.jpg?1585546991
http://www.mulawear.com/shop/shopdetail.html?branduid=497490&xcode=010&mcode=002&scode=001&type=Y&sort=manual&cur_code=010&GfDT=bmx9W1lH,M,TOP,http://cdn3-aka.makeshop.co.kr/shopimages/jo112/0060010001263.jpg?1585546722
http://www.mulawear.com/shop/shopdetail.html?branduid=497473&xcode=010&mcode=003&scode=001&type=Y&sort=manual&cur_code=010&GfDT=aWZ3VFg%3D,M,TOP,http://cdn3-aka.makeshop.co.kr/shopimages/jo112/0060010001253.jpg?1585547760
http://www.mulawear.com/shop/shopdetail.html?branduid=497474&xcode=010&mcode=003&scode=001&type=Y&sort=manual&cur_code=010&GfDT=amh3VFk%3D,M,TOP,http://cdn3-aka.makeshop.co.kr/shopimages/jo112/0060010001243.jpg?1585547725
http://www.mulawear.com/shop/shopdetail.html?branduid=497475&xcode=010&mcode=003&scode=001&type=Y&sort=manual&cur_code=010&GfDT=amV4Vw%3D%3D,M,TOP,http://cdn3-aka.makeshop.co.kr/shopimages/jo112/0060010001233.jpg?1585547658
http://www.mulawear.com/shop/shopdetail.html?branduid=497476&xcode=010&mcode=003&scode=001&type=Y&sort=manual&cur_code=010&GfDT=a2Z3VFs%3D,M,TOP,http://cdn3-aka.makeshop.co.kr/shopimages/jo112/0060010001223.jpg?1585547621
http://www.mulawear.com/shop/shopdetail.html?branduid=497471&xcode=010&mcode=003&scode=001&type=Y&sort=manual&cur_code=010&GfDT=bGZ3VFQ%3D,M,TOP,http://cdn3-aka.makeshop.co.kr/shopimages/jo112/0060010001213.jpg?1585547899
http://www.mulawear.com/shop/shopdetail.html?branduid=497472&xcode=010&mcode=003&scode=001&type=Y&sort=manual&cur_code=010&GfDT=aGt3VFU%3D,M,TOP,http://cdn3-aka.makeshop.co.kr/shopimages/jo112/0060010001203.jpg?1585547856
http://www.mulawear.com/shop/shopdetail.html?branduid=497468&xcode=010&mcode=003&scode=001&type=Y&sort=manual&cur_code=010&GfDT=a2p3V1w%3D,M,TOP,http://cdn3-aka.makeshop.co.kr/shopimages/jo112/0060010001193.jpg?1585724289
http://www.mulawear.com/shop/shopdetail.html?branduid=497469&xcode=010&mcode=003&scode=001&type=Y&sort=manual&cur_code=010&GfDT=bm9%2FW1pF,M,TOP,http://cdn3-aka.makeshop.co.kr/shopimages/jo112/0060010001183.jpg?1585548698
http://www.mulawear.com/shop/shopdetail.html?branduid=497470&xcode=010&mcode=003&scode=001&type=Y&sort=manual&cur_code=010&GfDT=bm54W1pG,M,TOP,http://cdn3-aka.makeshop.co.kr/shopimages/jo112/0060010001173.jpg?1585548655
http://www.mulawear.com/shop/shopdetail.html?branduid=497466&xcode=010&mcode=003&scode=001&type=Y&sort=manual&cur_code=010&GfDT=aGZ3V18%3D,M,TOP,http://cdn3-aka.makeshop.co.kr/shopimages/jo112/0060010001163.jpg?1585548882
http://www.mulawear.com/shop/shopdetail.html?branduid=497467&xcode=010&mcode=003&scode=001&type=Y&sort=manual&cur_code=010&GfDT=Zm53V1g%3D,M,TOP,http://cdn3-aka.makeshop.co.kr/shopimages/jo112/0060010001153.jpg?1585548842
http://www.mulawear.com/shop/shopdetail.html?branduid=497464&xcode=010&mcode=003&scode=001&type=Y&sort=manual&cur_code=010&GfDT=bml6W1pB,M,TOP,http://cdn3-aka.makeshop.co.kr/shopimages/jo112/0060010001143.jpg?1585549049
http://www.mulawear.com/shop/shopdetail.html?branduid=497465&xcode=010&mcode=003&scode=001&type=Y&sort=manual&cur_code=010&GfDT=Zm13V1o%3D,M,TOP,http://cdn3-aka.makeshop.co.kr/shopimages/jo112/0060010001133.jpg?1585548960
http://www.mulawear.com/shop/shopdetail.html?branduid=497118&xcode=010&mcode=005&scode=011&type=Y&sort=manual&cur_code=010&GfDT=bmx1W1pD,M,TOP,http://cdn3-aka.makeshop.co.kr/shopimages/jo112/0060010000993.jpg?1576547434
http://www.mulawear.com/shop/shopdetail.html?branduid=497120&xcode=010&mcode=005&scode=006&type=Y&sort=manual&cur_code=010&GfDT=Z2t3V1Q%3D,M,TOP,http://cdn3-aka.makeshop.co.kr/shopimages/jo112/0060010001013.jpg?1576547669
http://www.mulawear.com/shop/shopdetail.html?branduid=497117&xcode=010&mcode=005&scode=011&type=Y&sort=manual&cur_code=010&GfDT=bmV7WA%3D%3D,M,TOP,http://cdn3-aka.makeshop.co.kr/shopimages/jo112/0060010000983.jpg?1576546927
http://www.mulawear.com/shop/shopdetail.html?branduid=497130&xcode=010&mcode=004&scode=001&type=Y&sort=manual&cur_code=010&GfDT=Z253Vlw%3D,M,TOP,http://cdn3-aka.makeshop.co.kr/shopimages/jo112/0060010001113.jpg?1577084263
http://www.mulawear.com/shop/shopdetail.html?branduid=497128&xcode=010&mcode=004&scode=001&type=Y&sort=manual&cur_code=010&GfDT=bm1%2FW1tF,M,TOP,http://cdn3-aka.makeshop.co.kr/shopimages/jo112/0060010001093.jpg?1577084467
http://www.mulawear.com/shop/shopdetail.html?branduid=497126&xcode=010&mcode=002&scode=001&type=Y&sort=manual&cur_code=010&GfDT=bWx3Vl4%3D,M,TOP,http://cdn3-aka.makeshop.co.kr/shopimages/jo112/0060010001073.jpg?1577084684
http://www.mulawear.com/shop/shopdetail.html?branduid=498143&xcode=010&mcode=003&scode=001&type=Y&sort=manual&cur_code=010&GfDT=am93Vl8%3D,M,TOP,http://cdn3-aka.makeshop.co.kr/shopimages/jo112/0060010001983.jpg?1597883276
http://www.mulawear.com/shop/shopdetail.html?branduid=498144&xcode=010&mcode=003&scode=001&type=Y&sort=manual&cur_code=010&GfDT=amV6VQ%3D%3D,M,TOP,http://cdn3-aka.makeshop.co.kr/shopimages/jo112/0060010001973.jpg?1597883393
http://www.mulawear.com/shop/shopdetail.html?branduid=497027&xcode=010&mcode=001&scode=001&type=Y&sort=manual&cur_code=010&GfDT=a2V6VA%3D%3D,M,TOP,http://cdn3-aka.makeshop.co.kr/shopimages/jo112/0060010000603.jpg?1591756174
http://www.mulawear.com/shop/shopdetail.html?branduid=497044&xcode=010&mcode=001&scode=001&type=Y&sort=manual&cur_code=010&GfDT=bm9%2FW1tC,M,TOP,http://cdn3-aka.makeshop.co.kr/shopimages/jo112/0060010000653.jpg?1591157470
http://www.mulawear.com/shop/shopdetail.html?branduid=497125&xcode=010&mcode=002&scode=001&type=Y&sort=manual&cur_code=010&GfDT=bm10W1tD,M,TOP,http://cdn3-aka.makeshop.co.kr/shopimages/jo112/0060010001063.jpg?1577084944
http://www.mulawear.com/shop/shopdetail.html?branduid=497124&xcode=010&mcode=002&scode=001&type=Y&sort=manual&cur_code=010&GfDT=a2Z3VlQ%3D,M,TOP,http://cdn3-aka.makeshop.co.kr/shopimages/jo112/0060010001053.jpg?1577084998
http://www.mulawear.com/shop/shopdetail.html?branduid=497123&xcode=010&mcode=004&scode=001&type=Y&sort=manual&cur_code=010&GfDT=Zmt3VlU%3D,M,TOP,http://cdn3-aka.makeshop.co.kr/shopimages/jo112/0060010001043.jpg?1576549310
http://www.mulawear.com/shop/shopdetail.html?branduid=497122&xcode=010&mcode=004&scode=001&type=Y&sort=manual&cur_code=010&GfDT=a2Z3WVw%3D,M,TOP,http://cdn3-aka.makeshop.co.kr/shopimages/jo112/0060010001033.jpg?1576549104
http://www.mulawear.com/shop/shopdetail.html?branduid=497121&xcode=010&mcode=004&scode=001&type=Y&sort=manual&cur_code=010&GfDT=bGV1UA%3D%3D,M,TOP,http://cdn3-aka.makeshop.co.kr/shopimages/jo112/0060010001023.jpg?1576548552
http://www.mulawear.com/shop/shopdetail.html?branduid=497119&xcode=010&mcode=004&scode=001&type=Y&sort=manual&cur_code=010&GfDT=bmx9W1RG,M,TOP,http://cdn3-aka.makeshop.co.kr/shopimages/jo112/0060010001003.jpg?1576547925
http://www.mulawear.com/shop/shopdetail.html?branduid=497074&xcode=010&mcode=004&scode=001&type=Y&sort=manual&cur_code=010&GfDT=a2d3WV8%3D,M,TOP,http://cdn3-aka.makeshop.co.kr/shopimages/jo112/0060010000863.jpg?1575937819
http://www.mulawear.com/shop/shopdetail.html?branduid=497069&xcode=010&mcode=004&scode=001&type=Y&sort=manual&cur_code=010&GfDT=Z2p3WVg%3D,M,TOP,http://cdn3-aka.makeshop.co.kr/shopimages/jo112/0060010000853.jpg?1575939696
http://www.mulawear.com/shop/shopdetail.html?branduid=497075&xcode=010&mcode=004&scode=001&type=Y&sort=manual&cur_code=010&GfDT=bWh3WVk%3D,M,TOP,http://cdn3-aka.makeshop.co.kr/shopimages/jo112/0060010000843.jpg?1575937801
http://www.mulawear.com/shop/shopdetail.html?branduid=497077&xcode=010&mcode=004&scode=001&type=Y&sort=manual&cur_code=010&GfDT=bm94W1RC,M,TOP,http://cdn3-aka.makeshop.co.kr/shopimages/jo112/0060010000823.jpg?1578013308
http://www.mulawear.com/shop/shopdetail.html?branduid=497076&xcode=010&mcode=004&scode=001&type=Y&sort=manual&cur_code=010&GfDT=Zm53WVs%3D,M,TOP,http://cdn3-aka.makeshop.co.kr/shopimages/jo112/0060010000813.jpg?1575937740
http://www.mulawear.com/shop/shopdetail.html?branduid=497059&xcode=010&mcode=004&scode=001&type=Y&sort=manual&cur_code=010&GfDT=bWd3WVQ%3D,M,TOP,http://cdn3-aka.makeshop.co.kr/shopimages/jo112/0060010000793.jpg?1591151914
http://www.mulawear.com/shop/shopdetail.html?branduid=497060&xcode=010&mcode=004&scode=001&type=Y&sort=manual&cur_code=010&GfDT=Zml3WVU%3D,M,TOP,http://cdn3-aka.makeshop.co.kr/shopimages/jo112/0060010000783.jpg?1591151703
http://www.mulawear.com/shop/shopdetail.html?branduid=497063&xcode=010&mcode=004&scode=001&type=Y&sort=manual&cur_code=010&GfDT=bm56W1VE,M,TOP,http://cdn3-aka.makeshop.co.kr/shopimages/jo112/0060010000773.jpg?1575939558
http://www.mulawear.com/shop/shopdetail.html?branduid=497065&xcode=010&mcode=004&scode=001&type=Y&sort=manual&cur_code=010&GfDT=aGt3WF0%3D,M,TOP,http://cdn3-aka.makeshop.co.kr/shopimages/jo112/0060010000763.jpg?1575939539
http://www.mulawear.com/shop/shopdetail.html?branduid=497068&xcode=010&mcode=004&scode=001&type=Y&sort=manual&cur_code=010&GfDT=bmp8W1VG,M,TOP,http://cdn3-aka.makeshop.co.kr/shopimages/jo112/0060010000753.jpg?1575939493
http://www.mulawear.com/shop/shopdetail.html?branduid=497051&xcode=010&mcode=004&scode=001&type=Y&sort=manual&cur_code=010&GfDT=bm53WF8%3D,M,TOP,http://cdn3-aka.makeshop.co.kr/shopimages/jo112/0060010000743.jpg?1591152294
http://www.mulawear.com/shop/shopdetail.html?branduid=497058&xcode=010&mcode=004&scode=001&type=Y&sort=manual&cur_code=010&GfDT=bm94W1VA,M,TOP,http://cdn3-aka.makeshop.co.kr/shopimages/jo112/0060010000703.jpg?1591151616
http://www.mulawear.com/shop/shopdetail.html?branduid=497028&xcode=010&mcode=001&scode=001&type=Y&sort=manual&cur_code=010&GfDT=bW53WFk%3D,M,TOP,http://cdn3-aka.makeshop.co.kr/shopimages/jo112/0060010000633.jpg?1591756370
http://www.mulawear.com/shop/shopdetail.html?branduid=497020&xcode=010&mcode=004&scode=001&type=Y&sort=manual&cur_code=010&GfDT=aWV0Vw%3D%3D,M,TOP,http://cdn3-aka.makeshop.co.kr/shopimages/jo112/0060010000573.jpg?1591152367
http://www.mulawear.com/shop/shopdetail.html?branduid=497024&xcode=010&mcode=004&scode=001&type=Y&sort=manual&cur_code=010&GfDT=bmp9W1VD,M,TOP,http://cdn3-aka.makeshop.co.kr/shopimages/jo112/0060010000553.jpg?1591152158
http://www.mulawear.com/shop/shopdetail.html?branduid=497131&xcode=010&mcode=004&scode=001&type=Y&sort=manual&cur_code=010&GfDT=bmp0W1VM,M,TOP,http://cdn3-aka.makeshop.co.kr/shopimages/jo112/0060010001123.jpg?1577084176
http://www.mulawear.com/shop/shopdetail.html?branduid=497129&xcode=010&mcode=004&scode=001&type=Y&sort=manual&cur_code=010&GfDT=a213WFU%3D,M,TOP,http://cdn3-aka.makeshop.co.kr/shopimages/jo112/0060010001103.jpg?1577084308
http://www.mulawear.com/shop/shopdetail.html?branduid=497498&xcode=010&mcode=004&scode=001&type=Y&sort=manual&cur_code=010&GfDT=bmx1W1w%3D,M,TOP,http://cdn3-aka.makeshop.co.kr/shopimages/jo112/0060010001373.jpg?1585546182
