http://www.mulawear.com/shop/shopdetail.html?branduid=498396&xcode=009&mcode=004&scode=001&type=Y&sort=manual&cur_code=009&GfDT=aWp3UQ%3D%3D,W,BOTTOM,http://cdn3-aka.makeshop.co.kr/shopimages/jo112/0180030012993.jpg?1600329141
http://www.mulawear.com/shop/shopdetail.html?branduid=498397&xcode=009&mcode=004&scode=001&type=Y&sort=manual&cur_code=009&GfDT=bm90W10%3D,W,BOTTOM,http://cdn3-aka.makeshop.co.kr/shopimages/jo112/0180030012983.jpg?1600329206
http://www.mulawear.com/shop/shopdetail.html?branduid=498352&xcode=009&mcode=005&scode=014&type=Y&sort=manual&cur_code=009&GfDT=bm17W14%3D,W,BOTTOM,http://cdn3-aka.makeshop.co.kr/shopimages/jo112/0180010002713.jpg?1600058595
http://www.mulawear.com/shop/shopdetail.html?branduid=498353&xcode=009&mcode=005&scode=004&type=Y&sort=manual&cur_code=009&GfDT=bWl3Ug%3D%3D,W,BOTTOM,http://cdn3-aka.makeshop.co.kr/shopimages/jo112/0180010002703.jpg?1600058678
http://www.mulawear.com/shop/shopdetail.html?branduid=498354&xcode=009&mcode=005&scode=007&type=Y&sort=manual&cur_code=009&GfDT=bmp3VQ%3D%3D,W,BOTTOM,http://cdn3-aka.makeshop.co.kr/shopimages/jo112/0180010002693.jpg?1600058716
http://www.mulawear.com/shop/shopdetail.html?branduid=498355&xcode=009&mcode=005&scode=008&type=Y&sort=manual&cur_code=009&GfDT=ZmV4,W,BOTTOM,http://cdn3-aka.makeshop.co.kr/shopimages/jo112/0180010002683.jpg?1600058361
http://www.mulawear.com/shop/shopdetail.html?branduid=498342&xcode=009&mcode=003&scode=001&type=Y&sort=manual&cur_code=009&GfDT=bG13Vw%3D%3D,W,BOTTOM,http://cdn3-aka.makeshop.co.kr/shopimages/jo112/0180040003683.jpg?1599789924
http://www.mulawear.com/shop/shopdetail.html?branduid=498343&xcode=009&mcode=003&scode=001&type=Y&sort=manual&cur_code=009&GfDT=bmp8W1s%3D,W,BOTTOM,http://cdn3-aka.makeshop.co.kr/shopimages/jo112/0180040003673.jpg?1599790031
http://www.mulawear.com/shop/shopdetail.html?branduid=498307&xcode=009&mcode=003&scode=001&type=Y&sort=manual&cur_code=009&GfDT=amp3WQ%3D%3D,W,BOTTOM,http://cdn3-aka.makeshop.co.kr/shopimages/jo112/0180040003653.jpg?1599094564
http://www.mulawear.com/shop/shopdetail.html?branduid=498306&xcode=009&mcode=003&scode=001&type=Y&sort=manual&cur_code=009&GfDT=bG13WA%3D%3D,W,BOTTOM,http://cdn3-aka.makeshop.co.kr/shopimages/jo112/0180040003663.jpg?1599094646
http://www.mulawear.com/shop/shopdetail.html?branduid=498057&xcode=009&mcode=003&scode=001&type=Y&sort=manual&cur_code=009&GfDT=bm97W11E,W,BOTTOM,http://cdn3-aka.makeshop.co.kr/shopimages/jo112/0180040003533.jpg?1597125530
http://www.mulawear.com/shop/shopdetail.html?branduid=498056&xcode=009&mcode=003&scode=001&type=Y&sort=manual&cur_code=009&GfDT=aWd3UF0%3D,W,BOTTOM,http://cdn3-aka.makeshop.co.kr/shopimages/jo112/0180040003543.jpg?1597125585
http://www.mulawear.com/shop/shopdetail.html?branduid=498172&xcode=009&mcode=003&scode=001&type=Y&sort=manual&cur_code=009&GfDT=aWZ3UF4%3D,W,BOTTOM,http://cdn3-aka.makeshop.co.kr/shopimages/jo112/0180040003563.jpg?1597305462
http://www.mulawear.com/shop/shopdetail.html?branduid=498171&xcode=009&mcode=003&scode=001&type=Y&sort=manual&cur_code=009&GfDT=bm5%2BW11H,W,BOTTOM,http://cdn3-aka.makeshop.co.kr/shopimages/jo112/0180040003573.jpg?1597728296
http://www.mulawear.com/shop/shopdetail.html?branduid=498170&xcode=009&mcode=003&scode=001&type=Y&sort=manual&cur_code=009&GfDT=aGZ3UFg%3D,W,BOTTOM,http://cdn3-aka.makeshop.co.kr/shopimages/jo112/0180040003583.jpg?1597305553
http://www.mulawear.com/shop/shopdetail.html?branduid=498060&xcode=009&mcode=003&scode=001&type=Y&sort=manual&cur_code=009&GfDT=bm53UFk%3D,W,BOTTOM,http://cdn3-aka.makeshop.co.kr/shopimages/jo112/0180040003503.jpg?1597125089
http://www.mulawear.com/shop/shopdetail.html?branduid=498062&xcode=009&mcode=003&scode=001&type=Y&sort=manual&cur_code=009&GfDT=aGd3UFo%3D,W,BOTTOM,http://cdn3-aka.makeshop.co.kr/shopimages/jo112/0180040003483.jpg?1597124194
http://www.mulawear.com/shop/shopdetail.html?branduid=498061&xcode=009&mcode=003&scode=001&type=Y&sort=manual&cur_code=009&GfDT=b2V8Vg%3D%3D,W,BOTTOM,http://cdn3-aka.makeshop.co.kr/shopimages/jo112/0180040003493.jpg?1597125023
http://www.mulawear.com/shop/shopdetail.html?branduid=498058&xcode=009&mcode=003&scode=001&type=Y&sort=manual&cur_code=009&GfDT=aWh3UFQ%3D,W,BOTTOM,http://cdn3-aka.makeshop.co.kr/shopimages/jo112/0180040003523.jpg?1597125225
http://www.mulawear.com/shop/shopdetail.html?branduid=498059&xcode=009&mcode=003&scode=001&type=Y&sort=manual&cur_code=009&GfDT=bmx%2BW11N,W,BOTTOM,http://cdn3-aka.makeshop.co.kr/shopimages/jo112/0180040003513.jpg?1597125179
http://www.mulawear.com/shop/shopdetail.html?branduid=498166&xcode=009&mcode=004&scode=001&type=Y&sort=manual&cur_code=009&GfDT=bm1%2FW15E,W,BOTTOM,http://cdn3-aka.makeshop.co.kr/shopimages/jo112/0180030012723.jpg?1597307129
http://www.mulawear.com/shop/shopdetail.html?branduid=498167&xcode=009&mcode=004&scode=001&type=Y&sort=manual&cur_code=009&GfDT=bmx1W15F,W,BOTTOM,http://cdn3-aka.makeshop.co.kr/shopimages/jo112/0180030012713.jpg?1597307174
http://www.mulawear.com/shop/shopdetail.html?branduid=498055&xcode=009&mcode=003&scode=001&type=Y&sort=manual&cur_code=009&GfDT=amV%2FUw%3D%3D,W,BOTTOM,http://cdn3-aka.makeshop.co.kr/shopimages/jo112/0180040003453.jpg?1597034494
http://www.mulawear.com/shop/shopdetail.html?branduid=498054&xcode=009&mcode=003&scode=001&type=Y&sort=manual&cur_code=009&GfDT=amZ3U18%3D,W,BOTTOM,http://cdn3-aka.makeshop.co.kr/shopimages/jo112/0180040003463.jpg?1597034424
http://www.mulawear.com/shop/shopdetail.html?branduid=498053&xcode=009&mcode=003&scode=001&type=Y&sort=manual&cur_code=009&GfDT=bml7W15A,W,BOTTOM,http://cdn3-aka.makeshop.co.kr/shopimages/jo112/0180040003473.jpg?1597034555
http://www.mulawear.com/shop/shopdetail.html?branduid=497830&xcode=009&mcode=001&scode=001&type=Y&sort=manual&cur_code=009&GfDT=bm99W15B,W,BOTTOM,http://cdn3-aka.makeshop.co.kr/shopimages/jo112/0180010002573.jpg?1596435300
http://www.mulawear.com/shop/shopdetail.html?branduid=497831&xcode=009&mcode=001&scode=001&type=Y&sort=manual&cur_code=009&GfDT=bWV%2FVw%3D%3D,W,BOTTOM,http://cdn3-aka.makeshop.co.kr/shopimages/jo112/0180010002563.jpg?1596435160
http://www.mulawear.com/shop/shopdetail.html?branduid=497829&xcode=009&mcode=001&scode=001&type=Y&sort=manual&cur_code=009&GfDT=bW53U1s%3D,W,BOTTOM,http://cdn3-aka.makeshop.co.kr/shopimages/jo112/0180010002583.jpg?1596435215
http://www.mulawear.com/shop/shopdetail.html?branduid=498234&xcode=009&mcode=003&scode=001&type=Y&sort=manual&cur_code=009&GfDT=amp3U1Q%3D,W,BOTTOM,http://cdn3-aka.makeshop.co.kr/shopimages/jo112/0180040003603.jpg?1598234334
http://www.mulawear.com/shop/shopdetail.html?branduid=498233&xcode=009&mcode=003&scode=001&type=Y&sort=manual&cur_code=009&GfDT=bmZ3U1U%3D,W,BOTTOM,http://cdn3-aka.makeshop.co.kr/shopimages/jo112/0180040003613.jpg?1598234931
http://www.mulawear.com/shop/shopdetail.html?branduid=498235&xcode=009&mcode=003&scode=001&type=Y&sort=manual&cur_code=009&GfDT=bmt%2BW19E,W,BOTTOM,http://cdn3-aka.makeshop.co.kr/shopimages/jo112/0180040003593.jpg?1598495813
http://www.mulawear.com/shop/shopdetail.html?branduid=498147&xcode=009&mcode=001&scode=001&type=Y&sort=manual&cur_code=009&GfDT=aG13Ul0%3D,W,BOTTOM,http://cdn3-aka.makeshop.co.kr/shopimages/jo112/0180010002673.jpg?1597302978
http://www.mulawear.com/shop/shopdetail.html?branduid=498148&xcode=009&mcode=001&scode=001&type=Y&sort=manual&cur_code=009&GfDT=bm11W19G,W,BOTTOM,http://cdn3-aka.makeshop.co.kr/shopimages/jo112/0180010002663.jpg?1597302732
http://www.mulawear.com/shop/shopdetail.html?branduid=498149&xcode=009&mcode=001&scode=001&type=Y&sort=manual&cur_code=009&GfDT=a2d3Ul8%3D,W,BOTTOM,http://cdn3-aka.makeshop.co.kr/shopimages/jo112/0180010002653.jpg?1597303034
http://www.mulawear.com/shop/shopdetail.html?branduid=498173&xcode=009&mcode=005&scode=013&type=Y&sort=manual&cur_code=009&GfDT=am93Ulg%3D,W,BOTTOM,http://cdn3-aka.makeshop.co.kr/shopimages/jo112/0180010002643.jpg?1597714395
http://www.mulawear.com/shop/shopdetail.html?branduid=498174&xcode=009&mcode=005&scode=008&type=Y&sort=manual&cur_code=009&GfDT=Zmp3Ulk%3D,W,BOTTOM,http://cdn3-aka.makeshop.co.kr/shopimages/jo112/0180010002633.jpg?1597714611
http://www.mulawear.com/shop/shopdetail.html?branduid=498052&xcode=009&mcode=003&scode=001&type=Y&sort=manual&cur_code=009&GfDT=amh3Ulo%3D,W,BOTTOM,http://cdn3-aka.makeshop.co.kr/shopimages/jo112/0180040003553.jpg?1597280937
http://www.mulawear.com/shop/shopdetail.html?branduid=498051&xcode=009&mcode=003&scode=001&type=Y&sort=manual&cur_code=009&GfDT=Z2x3Uls%3D,W,BOTTOM,http://cdn3-aka.makeshop.co.kr/shopimages/jo112/0180040003443.jpg?1597034713
http://www.mulawear.com/shop/shopdetail.html?branduid=498027&xcode=009&mcode=005&scode=004&type=Y&sort=manual&cur_code=009&GfDT=bWp3UlQ%3D,W,BOTTOM,http://cdn3-aka.makeshop.co.kr/shopimages/jo112/0180010002623.jpg?1598838400
http://www.mulawear.com/shop/shopdetail.html?branduid=498028&xcode=009&mcode=005&scode=008&type=Y&sort=manual&cur_code=009&GfDT=aWp3UlU%3D,W,BOTTOM,http://cdn3-aka.makeshop.co.kr/shopimages/jo112/0180010002613.jpg?1598838368
http://www.mulawear.com/shop/shopdetail.html?branduid=498064&xcode=009&mcode=001&scode=001&type=Y&sort=manual&cur_code=009&GfDT=aWh3VVw%3D,W,BOTTOM,http://cdn3-aka.makeshop.co.kr/shopimages/jo112/0180010002593.jpg?1597035098
http://www.mulawear.com/shop/shopdetail.html?branduid=498063&xcode=009&mcode=001&scode=001&type=Y&sort=manual&cur_code=009&GfDT=bmx8W1hF,W,BOTTOM,http://cdn3-aka.makeshop.co.kr/shopimages/jo112/0180010002603.jpg?1597035048
http://www.mulawear.com/shop/shopdetail.html?branduid=497444&xcode=009&mcode=001&scode=001&type=Y&sort=manual&cur_code=009&GfDT=Z2p3VV4%3D,W,BOTTOM,http://cdn3-aka.makeshop.co.kr/shopimages/jo112/0180010002303.jpg?1590388978
http://www.mulawear.com/shop/shopdetail.html?branduid=497520&xcode=009&mcode=001&scode=001&type=Y&sort=manual&cur_code=009&GfDT=bmx7W1hH,W,BOTTOM,http://cdn3-aka.makeshop.co.kr/shopimages/jo112/0180010002273.jpg?1590392378
http://www.mulawear.com/shop/shopdetail.html?branduid=497521&xcode=009&mcode=001&scode=001&type=Y&sort=manual&cur_code=009&GfDT=bWt3VVg%3D,W,BOTTOM,http://cdn3-aka.makeshop.co.kr/shopimages/jo112/0180010002263.jpg?1590392322
http://www.mulawear.com/shop/shopdetail.html?branduid=497522&xcode=009&mcode=001&scode=001&type=Y&sort=manual&cur_code=009&GfDT=bml5W1hB,W,BOTTOM,http://cdn3-aka.makeshop.co.kr/shopimages/jo112/0180010002473.jpg?1590392217
http://www.mulawear.com/shop/shopdetail.html?branduid=497431&xcode=009&mcode=004&scode=001&type=Y&sort=manual&cur_code=009&GfDT=ZmZ3VVo%3D,W,BOTTOM,http://cdn3-aka.makeshop.co.kr/shopimages/jo112/0180030011293.jpg?1584512312
http://www.mulawear.com/shop/shopdetail.html?branduid=497432&xcode=009&mcode=004&scode=001&type=Y&sort=manual&cur_code=009&GfDT=amt3VVs%3D,W,BOTTOM,http://cdn3-aka.makeshop.co.kr/shopimages/jo112/0180030012233.jpg?1584512333
http://www.mulawear.com/shop/shopdetail.html?branduid=497515&xcode=009&mcode=001&scode=001&type=Y&sort=manual&cur_code=009&GfDT=bm57W1hM,W,BOTTOM,http://cdn3-aka.makeshop.co.kr/shopimages/jo112/0180010002243.jpg?1586825394
http://www.mulawear.com/shop/shopdetail.html?branduid=497516&xcode=009&mcode=001&scode=001&type=Y&sort=manual&cur_code=009&GfDT=bml7W1hN,W,BOTTOM,http://cdn3-aka.makeshop.co.kr/shopimages/jo112/0180010002353.jpg?1586825329
http://www.mulawear.com/shop/shopdetail.html?branduid=497211&xcode=009&mcode=005&scode=008&type=Y&sort=manual&cur_code=009&GfDT=bmt3VFw%3D,W,BOTTOM,http://cdn3-aka.makeshop.co.kr/shopimages/jo112/0180010002213.jpg?1586825733
http://www.mulawear.com/shop/shopdetail.html?branduid=497212&xcode=009&mcode=005&scode=004&type=Y&sort=manual&cur_code=009&GfDT=aWp3VF0%3D,W,BOTTOM,http://cdn3-aka.makeshop.co.kr/shopimages/jo112/0180010002203.jpg?1586825825
http://www.mulawear.com/shop/shopdetail.html?branduid=497213&xcode=009&mcode=005&scode=015&type=Y&sort=manual&cur_code=009&GfDT=Z2t3VF4%3D,W,BOTTOM,http://cdn3-aka.makeshop.co.kr/shopimages/jo112/0180010002513.jpg?1586825902
http://www.mulawear.com/shop/shopdetail.html?branduid=497214&xcode=009&mcode=005&scode=005&type=Y&sort=manual&cur_code=009&GfDT=bmt5W1lH,W,BOTTOM,http://cdn3-aka.makeshop.co.kr/shopimages/jo112/0180010002413.jpg?1586825987
http://www.mulawear.com/shop/shopdetail.html?branduid=497618&xcode=009&mcode=004&scode=001&type=Y&sort=manual&cur_code=009&GfDT=bm15W1lA,W,BOTTOM,http://cdn3-aka.makeshop.co.kr/shopimages/jo112/0180030011803.jpg?1589181482
http://www.mulawear.com/shop/shopdetail.html?branduid=497619&xcode=009&mcode=004&scode=001&type=Y&sort=manual&cur_code=009&GfDT=aGh3VFk%3D,W,BOTTOM,http://cdn3-aka.makeshop.co.kr/shopimages/jo112/0180030011793.jpg?1589181649
http://www.mulawear.com/shop/shopdetail.html?branduid=497620&xcode=009&mcode=004&scode=001&type=Y&sort=manual&cur_code=009&GfDT=bWx3VFo%3D,W,BOTTOM,http://cdn3-aka.makeshop.co.kr/shopimages/jo112/0180030012333.jpg?1589181577
http://www.mulawear.com/shop/shopdetail.html?branduid=497621&xcode=009&mcode=004&scode=001&type=Y&sort=manual&cur_code=009&GfDT=aGZ3VFs%3D,W,BOTTOM,http://cdn3-aka.makeshop.co.kr/shopimages/jo112/0180030011773.jpg?1589181778
http://www.mulawear.com/shop/shopdetail.html?branduid=497622&xcode=009&mcode=004&scode=001&type=Y&sort=manual&cur_code=009&GfDT=am93VFQ%3D,W,BOTTOM,http://cdn3-aka.makeshop.co.kr/shopimages/jo112/0180030011763.jpg?1589181143
http://www.mulawear.com/shop/shopdetail.html?branduid=497600&xcode=009&mcode=001&scode=001&type=Y&sort=manual&cur_code=009&GfDT=aGZ3VFU%3D,W,BOTTOM,http://cdn3-aka.makeshop.co.kr/shopimages/jo112/0180010002173.jpg?1588571321
http://www.mulawear.com/shop/shopdetail.html?branduid=497601&xcode=009&mcode=001&scode=001&type=Y&sort=manual&cur_code=009&GfDT=am93V1w%3D,W,BOTTOM,http://cdn3-aka.makeshop.co.kr/shopimages/jo112/0180010002163.jpg?1588570683
http://www.mulawear.com/shop/shopdetail.html?branduid=497602&xcode=009&mcode=001&scode=001&type=Y&sort=manual&cur_code=009&GfDT=bW93V10%3D,W,BOTTOM,http://cdn3-aka.makeshop.co.kr/shopimages/jo112/0180010002313.jpg?1588570751
http://www.mulawear.com/shop/shopdetail.html?branduid=497260&xcode=009&mcode=005&scode=015&type=Y&sort=manual&cur_code=009&GfDT=bm9%2BW1pG,W,BOTTOM,http://cdn3-aka.makeshop.co.kr/shopimages/jo112/0180010001943.jpg?1582701481
http://www.mulawear.com/shop/shopdetail.html?branduid=497400&xcode=009&mcode=005&scode=007&type=Y&sort=manual&cur_code=009&GfDT=bmx9W1pH,W,BOTTOM,http://cdn3-aka.makeshop.co.kr/shopimages/jo112/0180010002053.jpg?1585197278
http://www.mulawear.com/shop/shopdetail.html?branduid=497401&xcode=009&mcode=005&scode=008&type=Y&sort=manual&cur_code=009&GfDT=aWZ3V1g%3D,W,BOTTOM,http://cdn3-aka.makeshop.co.kr/shopimages/jo112/0180010002043.jpg?1585636783
http://www.mulawear.com/shop/shopdetail.html?branduid=497220&xcode=009&mcode=005&scode=013&type=Y&sort=manual&cur_code=009&GfDT=bmp5W1pB,W,BOTTOM,http://cdn3-aka.makeshop.co.kr/shopimages/jo112/0180010001983.jpg?1583391667
http://www.mulawear.com/shop/shopdetail.html?branduid=497221&xcode=009&mcode=005&scode=011&type=Y&sort=manual&cur_code=009&GfDT=amx3V1o%3D,W,BOTTOM,http://cdn3-aka.makeshop.co.kr/shopimages/jo112/0180010001973.jpg?1583391726
http://www.mulawear.com/shop/shopdetail.html?branduid=497314&xcode=009&mcode=004&scode=001&type=Y&sort=manual&cur_code=009&GfDT=aGd3V1s%3D,W,BOTTOM,http://cdn3-aka.makeshop.co.kr/shopimages/jo112/0180030010863.jpg?1582698149
http://www.mulawear.com/shop/shopdetail.html?branduid=497313&xcode=009&mcode=004&scode=001&type=Y&sort=manual&cur_code=009&GfDT=bml3V1Q%3D,W,BOTTOM,http://cdn3-aka.makeshop.co.kr/shopimages/jo112/0180020006383.jpg?1582698589
http://www.mulawear.com/shop/shopdetail.html?branduid=497312&xcode=009&mcode=004&scode=001&type=Y&sort=manual&cur_code=009&GfDT=aGd3V1U%3D,W,BOTTOM,http://cdn3-aka.makeshop.co.kr/shopimages/jo112/0180020006393.jpg?1582698440
http://www.mulawear.com/shop/shopdetail.html?branduid=497334&xcode=009&mcode=004&scode=001&type=Y&sort=manual&cur_code=009&GfDT=bmt%2BW1tE,W,BOTTOM,http://cdn3-aka.makeshop.co.kr/shopimages/jo112/0180030012243.jpg?1582705858
http://www.mulawear.com/shop/shopdetail.html?branduid=497161&xcode=009&mcode=004&scode=001&type=Y&sort=manual&cur_code=009&GfDT=Z2x3Vl0%3D,W,BOTTOM,http://cdn3-aka.makeshop.co.kr/shopimages/jo112/0180020006523.jpg?1582763058
http://www.mulawear.com/shop/shopdetail.html?branduid=497160&xcode=009&mcode=004&scode=001&type=Y&sort=manual&cur_code=009&GfDT=bml%2FW1tG,W,BOTTOM,http://cdn3-aka.makeshop.co.kr/shopimages/jo112/0180020006413.jpg?1582697303
http://www.mulawear.com/shop/shopdetail.html?branduid=497159&xcode=009&mcode=004&scode=001&type=Y&sort=manual&cur_code=009&GfDT=Z2V6Ug%3D%3D,W,BOTTOM,http://cdn3-aka.makeshop.co.kr/shopimages/jo112/0180020006423.jpg?1581060175
http://www.mulawear.com/shop/shopdetail.html?branduid=497158&xcode=009&mcode=004&scode=001&type=Y&sort=manual&cur_code=009&GfDT=a2h3Vlg%3D,W,BOTTOM,http://cdn3-aka.makeshop.co.kr/shopimages/jo112/0180020006433.jpg?1585802921
http://www.mulawear.com/shop/shopdetail.html?branduid=497182&xcode=009&mcode=004&scode=001&type=Y&sort=manual&cur_code=009&GfDT=bmx1W1tB,W,BOTTOM,http://cdn3-aka.makeshop.co.kr/shopimages/jo112/0180020006453.jpg?1581061127
http://www.mulawear.com/shop/shopdetail.html?branduid=497153&xcode=009&mcode=004&scode=001&type=Y&sort=manual&cur_code=009&GfDT=bmh%2FW1tC,W,BOTTOM,http://cdn3-aka.makeshop.co.kr/shopimages/jo112/0180020006463.jpg?1584607679
http://www.mulawear.com/shop/shopdetail.html?branduid=497183&xcode=009&mcode=004&scode=001&type=Y&sort=manual&cur_code=009&GfDT=Zmd3Vls%3D,W,BOTTOM,http://cdn3-aka.makeshop.co.kr/shopimages/jo112/0180020006513.jpg?1583305592
http://www.mulawear.com/shop/shopdetail.html?branduid=497311&xcode=009&mcode=004&scode=001&type=Y&sort=manual&cur_code=009&GfDT=bmZ3VlQ%3D,W,BOTTOM,http://cdn3-aka.makeshop.co.kr/shopimages/jo112/0180020006533.jpg?1582698983
http://www.mulawear.com/shop/shopdetail.html?branduid=497310&xcode=009&mcode=004&scode=001&type=Y&sort=manual&cur_code=009&GfDT=bm57W1tN,W,BOTTOM,http://cdn3-aka.makeshop.co.kr/shopimages/jo112/0180010001903.jpg?1582699139
http://www.mulawear.com/shop/shopdetail.html?branduid=497309&xcode=009&mcode=004&scode=001&type=Y&sort=manual&cur_code=009&GfDT=Zm13WVw%3D,W,BOTTOM,http://cdn3-aka.makeshop.co.kr/shopimages/jo112/0180010001913.jpg?1582765587
http://www.mulawear.com/shop/shopdetail.html?branduid=497582&xcode=009&mcode=005&scode=008&type=Y&sort=manual&cur_code=009&GfDT=bmp1W1RF,W,BOTTOM,http://cdn3-aka.makeshop.co.kr/shopimages/jo112/0180010002133.jpg?1587014524
http://www.mulawear.com/shop/shopdetail.html?branduid=497408&xcode=009&mcode=003&scode=001&type=Y&sort=manual&cur_code=009&GfDT=bmx%2BW1RG,W,BOTTOM,http://cdn3-aka.makeshop.co.kr/shopimages/jo112/0180040003383.jpg?1584515040
http://www.mulawear.com/shop/shopdetail.html?branduid=497504&xcode=009&mcode=003&scode=001&type=Y&sort=manual&cur_code=009&GfDT=bm11W1RH,W,BOTTOM,http://cdn3-aka.makeshop.co.kr/shopimages/jo112/0180040003363.jpg?1585727367
http://www.mulawear.com/shop/shopdetail.html?branduid=497505&xcode=009&mcode=003&scode=001&type=Y&sort=manual&cur_code=009&GfDT=bm10W1RA,W,BOTTOM,http://cdn3-aka.makeshop.co.kr/shopimages/jo112/0180040003353.jpg?1585727225
http://www.mulawear.com/shop/shopdetail.html?branduid=497436&xcode=009&mcode=003&scode=001&type=Y&sort=manual&cur_code=009&GfDT=Z2p3WVk%3D,W,BOTTOM,http://cdn3-aka.makeshop.co.kr/shopimages/jo112/0180040003323.jpg?1585027149
http://www.mulawear.com/shop/shopdetail.html?branduid=497393&xcode=009&mcode=005&scode=008&type=Y&sort=manual&cur_code=009&GfDT=bmp6W1RC,W,BOTTOM,http://cdn3-aka.makeshop.co.kr/shopimages/jo112/0180010002503.jpg?1585027754
http://www.mulawear.com/shop/shopdetail.html?branduid=497394&xcode=009&mcode=005&scode=004&type=Y&sort=manual&cur_code=009&GfDT=bm94W1RD,W,BOTTOM,http://cdn3-aka.makeshop.co.kr/shopimages/jo112/0180010002373.jpg?1585027981
http://www.mulawear.com/shop/shopdetail.html?branduid=497395&xcode=009&mcode=005&scode=007&type=Y&sort=manual&cur_code=009&GfDT=bm57W1RM,W,BOTTOM,http://cdn3-aka.makeshop.co.kr/shopimages/jo112/0180010002103.jpg?1585028034
http://www.mulawear.com/shop/shopdetail.html?branduid=497396&xcode=009&mcode=005&scode=008&type=Y&sort=manual&cur_code=009&GfDT=bml9W1RN,W,BOTTOM,http://cdn3-aka.makeshop.co.kr/shopimages/jo112/0180010002093.jpg?1585028073
http://www.mulawear.com/shop/shopdetail.html?branduid=497398&xcode=009&mcode=001&scode=001&type=Y&sort=manual&cur_code=009&GfDT=bmx7W1VE,W,BOTTOM,http://cdn3-aka.makeshop.co.kr/shopimages/jo112/0180010002493.jpg?1585028312
http://www.mulawear.com/shop/shopdetail.html?branduid=497426&xcode=009&mcode=001&scode=001&type=Y&sort=manual&cur_code=009&GfDT=bml7W1VF,W,BOTTOM,http://cdn3-aka.makeshop.co.kr/shopimages/jo112/0180010002483.jpg?1584517511
http://www.mulawear.com/shop/shopdetail.html?branduid=497273&xcode=009&mcode=004&scode=001&type=Y&sort=manual&cur_code=009&GfDT=aGV0Uw%3D%3D,W,BOTTOM,http://cdn3-aka.makeshop.co.kr/shopimages/jo112/0180030011103.jpg?1583481033
http://www.mulawear.com/shop/shopdetail.html?branduid=497274&xcode=009&mcode=004&scode=001&type=Y&sort=manual&cur_code=009&GfDT=aWl3WF8%3D,W,BOTTOM,http://cdn3-aka.makeshop.co.kr/shopimages/jo112/0180030011093.jpg?1585802671
http://www.mulawear.com/shop/shopdetail.html?branduid=497275&xcode=009&mcode=004&scode=001&type=Y&sort=manual&cur_code=009&GfDT=bm1%2BW1VA,W,BOTTOM,http://cdn3-aka.makeshop.co.kr/shopimages/jo112/0180030011083.jpg?1585802698
http://www.mulawear.com/shop/shopdetail.html?branduid=497276&xcode=009&mcode=004&scode=001&type=Y&sort=manual&cur_code=009&GfDT=bWd3WFk%3D,W,BOTTOM,http://cdn3-aka.makeshop.co.kr/shopimages/jo112/0180030011073.jpg?1583480892
http://www.mulawear.com/shop/shopdetail.html?branduid=497277&xcode=009&mcode=004&scode=001&type=Y&sort=manual&cur_code=009&GfDT=bmh%2FW1VC,W,BOTTOM,http://cdn3-aka.makeshop.co.kr/shopimages/jo112/0180030012313.jpg?1586328643
http://www.mulawear.com/shop/shopdetail.html?branduid=497278&xcode=009&mcode=004&scode=001&type=Y&sort=manual&cur_code=009&GfDT=bm11W1VD,W,BOTTOM,http://cdn3-aka.makeshop.co.kr/shopimages/jo112/0180030011053.jpg?1586328672
http://www.mulawear.com/shop/shopdetail.html?branduid=497279&xcode=009&mcode=004&scode=001&type=Y&sort=manual&cur_code=009&GfDT=amZ3WFQ%3D,W,BOTTOM,http://cdn3-aka.makeshop.co.kr/shopimages/jo112/0180030011043.jpg?1586328703
http://www.mulawear.com/shop/shopdetail.html?branduid=497280&xcode=009&mcode=004&scode=001&type=Y&sort=manual&cur_code=009&GfDT=bmt9W1VN,W,BOTTOM,http://cdn3-aka.makeshop.co.kr/shopimages/jo112/0180030011033.jpg?1584072989
http://www.mulawear.com/shop/shopdetail.html?branduid=497281&xcode=009&mcode=004&scode=001&type=Y&sort=manual&cur_code=009&GfDT=aml3UQ%3D%3D,W,BOTTOM,http://cdn3-aka.makeshop.co.kr/shopimages/jo112/0180030011023.jpg?1586328737
http://www.mulawear.com/shop/shopdetail.html?branduid=497282&xcode=009&mcode=004&scode=001&type=Y&sort=manual&cur_code=009&GfDT=bmh3UA%3D%3D,W,BOTTOM,http://cdn3-aka.makeshop.co.kr/shopimages/jo112/0180030012303.jpg?1586328764
http://www.mulawear.com/shop/shopdetail.html?branduid=497355&xcode=009&mcode=005&scode=004&type=Y&sort=manual&cur_code=009&GfDT=bm55W14%3D,W,BOTTOM,http://cdn3-aka.makeshop.co.kr/shopimages/jo112/0180010002003.jpg?1583721097
http://www.mulawear.com/shop/shopdetail.html?branduid=497356&xcode=009&mcode=005&scode=008&type=Y&sort=manual&cur_code=009&GfDT=Z293Ug%3D%3D,W,BOTTOM,http://cdn3-aka.makeshop.co.kr/shopimages/jo112/0180010001993.jpg?1583720121
http://www.mulawear.com/shop/shopdetail.html?branduid=497354&xcode=009&mcode=005&scode=005&type=Y&sort=manual&cur_code=009&GfDT=b2V5,W,BOTTOM,http://cdn3-aka.makeshop.co.kr/shopimages/jo112/0180010002393.jpg?1583722460
http://www.mulawear.com/shop/shopdetail.html?branduid=497266&xcode=009&mcode=004&scode=001&type=Y&sort=manual&cur_code=009&GfDT=bmx5W1k%3D,W,BOTTOM,http://cdn3-aka.makeshop.co.kr/shopimages/jo112/0180030011373.jpg?1584607531
http://www.mulawear.com/shop/shopdetail.html?branduid=497267&xcode=009&mcode=004&scode=001&type=Y&sort=manual&cur_code=009&GfDT=bm1%2FW1o%3D,W,BOTTOM,http://cdn3-aka.makeshop.co.kr/shopimages/jo112/0180030011363.jpg?1584607779
http://www.mulawear.com/shop/shopdetail.html?branduid=497268&xcode=009&mcode=004&scode=001&type=Y&sort=manual&cur_code=009&GfDT=bG93Vg%3D%3D,W,BOTTOM,http://cdn3-aka.makeshop.co.kr/shopimages/jo112/0180030011353.jpg?1585101674
http://www.mulawear.com/shop/shopdetail.html?branduid=497269&xcode=009&mcode=004&scode=001&type=Y&sort=manual&cur_code=009&GfDT=bG13WQ%3D%3D,W,BOTTOM,http://cdn3-aka.makeshop.co.kr/shopimages/jo112/0180030012323.jpg?1584607829
http://www.mulawear.com/shop/shopdetail.html?branduid=497284&xcode=009&mcode=004&scode=001&type=Y&sort=manual&cur_code=009&GfDT=aWh3WA%3D%3D,W,BOTTOM,http://cdn3-aka.makeshop.co.kr/shopimages/jo112/0180030012173.jpg?1584607283
http://www.mulawear.com/shop/shopdetail.html?branduid=497283&xcode=009&mcode=004&scode=001&type=Y&sort=manual&cur_code=009&GfDT=bmt8W11E,W,BOTTOM,http://cdn3-aka.makeshop.co.kr/shopimages/jo112/0180030011333.jpg?1586332465
http://www.mulawear.com/shop/shopdetail.html?branduid=497285&xcode=009&mcode=004&scode=001&type=Y&sort=manual&cur_code=009&GfDT=bmt5W11F,W,BOTTOM,http://cdn3-aka.makeshop.co.kr/shopimages/jo112/0180030011313.jpg?1584607352
http://www.mulawear.com/shop/shopdetail.html?branduid=497286&xcode=009&mcode=004&scode=001&type=Y&sort=manual&cur_code=009&GfDT=bmp%2BW11G,W,BOTTOM,http://cdn3-aka.makeshop.co.kr/shopimages/jo112/0180030012293.jpg?1584607475
http://www.mulawear.com/shop/shopdetail.html?branduid=497216&xcode=009&mcode=003&scode=001&type=Y&sort=manual&cur_code=009&GfDT=ZmZ3UF8%3D,W,BOTTOM,http://cdn3-aka.makeshop.co.kr/shopimages/jo112/0180040003423.jpg?1581056950
http://www.mulawear.com/shop/shopdetail.html?branduid=497253&xcode=009&mcode=003&scode=001&type=Y&sort=manual&cur_code=009&GfDT=Z2l3UFg%3D,W,BOTTOM,http://cdn3-aka.makeshop.co.kr/shopimages/jo112/0180040003293.jpg?1583487505
http://www.mulawear.com/shop/shopdetail.html?branduid=497254&xcode=009&mcode=003&scode=001&type=Y&sort=manual&cur_code=009&GfDT=bmp%2FW11B,W,BOTTOM,http://cdn3-aka.makeshop.co.kr/shopimages/jo112/0180040003413.jpg?1583886228
http://www.mulawear.com/shop/shopdetail.html?branduid=497172&xcode=009&mcode=004&scode=001&type=Y&sort=manual&cur_code=009&GfDT=bmx1W11C,W,BOTTOM,http://cdn3-aka.makeshop.co.kr/shopimages/jo112/0180030010983.jpg?1583392068
http://www.mulawear.com/shop/shopdetail.html?branduid=497173&xcode=009&mcode=004&scode=001&type=Y&sort=manual&cur_code=009&GfDT=Zmh3UFs%3D,W,BOTTOM,http://cdn3-aka.makeshop.co.kr/shopimages/jo112/0180030010973.jpg?1581059116
http://www.mulawear.com/shop/shopdetail.html?branduid=497174&xcode=009&mcode=004&scode=001&type=Y&sort=manual&cur_code=009&GfDT=a2p3UFQ%3D,W,BOTTOM,http://cdn3-aka.makeshop.co.kr/shopimages/jo112/0180030010963.jpg?1585729433
http://www.mulawear.com/shop/shopdetail.html?branduid=497175&xcode=009&mcode=004&scode=001&type=Y&sort=manual&cur_code=009&GfDT=bmp4W11N,W,BOTTOM,http://cdn3-aka.makeshop.co.kr/shopimages/jo112/0180030010953.jpg?1581058410
http://www.mulawear.com/shop/shopdetail.html?branduid=497176&xcode=009&mcode=004&scode=001&type=Y&sort=manual&cur_code=009&GfDT=aWp3U1w%3D,W,BOTTOM,http://cdn3-aka.makeshop.co.kr/shopimages/jo112/0180030010943.jpg?1581058319
http://www.mulawear.com/shop/shopdetail.html?branduid=497177&xcode=009&mcode=004&scode=001&type=Y&sort=manual&cur_code=009&GfDT=bml8W15F,W,BOTTOM,http://cdn3-aka.makeshop.co.kr/shopimages/jo112/0180030012283.jpg?1581058241
http://www.mulawear.com/shop/shopdetail.html?branduid=497292&xcode=009&mcode=004&scode=001&type=Y&sort=manual&cur_code=009&GfDT=bml9W15G,W,BOTTOM,http://cdn3-aka.makeshop.co.kr/shopimages/jo112/0180030012273.jpg?1584073538
http://www.mulawear.com/shop/shopdetail.html?branduid=497291&xcode=009&mcode=004&scode=001&type=Y&sort=manual&cur_code=009&GfDT=bmp3U18%3D,W,BOTTOM,http://cdn3-aka.makeshop.co.kr/shopimages/jo112/0180030010883.jpg?1584073522
http://www.mulawear.com/shop/shopdetail.html?branduid=497290&xcode=009&mcode=004&scode=001&type=Y&sort=manual&cur_code=009&GfDT=a2t3U1g%3D,W,BOTTOM,http://cdn3-aka.makeshop.co.kr/shopimages/jo112/0180030010893.jpg?1584073344
http://www.mulawear.com/shop/shopdetail.html?branduid=497289&xcode=009&mcode=004&scode=001&type=Y&sort=manual&cur_code=009&GfDT=aWp3U1k%3D,W,BOTTOM,http://cdn3-aka.makeshop.co.kr/shopimages/jo112/0180030010903.jpg?1584073326
http://www.mulawear.com/shop/shopdetail.html?branduid=497288&xcode=009&mcode=004&scode=001&type=Y&sort=manual&cur_code=009&GfDT=aWZ3U1o%3D,W,BOTTOM,http://cdn3-aka.makeshop.co.kr/shopimages/jo112/0180030010913.jpg?1584073308
http://www.mulawear.com/shop/shopdetail.html?branduid=497287&xcode=009&mcode=004&scode=001&type=Y&sort=manual&cur_code=009&GfDT=Zml3U1s%3D,W,BOTTOM,http://cdn3-aka.makeshop.co.kr/shopimages/jo112/0180030010923.jpg?1584073291
http://www.mulawear.com/shop/shopdetail.html?branduid=498326&xcode=009&mcode=004&scode=001&type=Y&sort=manual&cur_code=009&GfDT=bmp9W15M,W,BOTTOM,http://cdn3-aka.makeshop.co.kr/shopimages/jo112/0180030012873.jpg?1599119864
http://www.mulawear.com/shop/shopdetail.html?branduid=498327&xcode=009&mcode=004&scode=001&type=Y&sort=manual&cur_code=009&GfDT=bGd3U1U%3D,W,BOTTOM,http://cdn3-aka.makeshop.co.kr/shopimages/jo112/0180030012863.jpg?1599119639
http://www.mulawear.com/shop/shopdetail.html?branduid=498328&xcode=009&mcode=004&scode=001&type=Y&sort=manual&cur_code=009&GfDT=bmt7W19E,W,BOTTOM,http://cdn3-aka.makeshop.co.kr/shopimages/jo112/0180030012853.jpg?1599120022
http://www.mulawear.com/shop/shopdetail.html?branduid=498329&xcode=009&mcode=004&scode=001&type=Y&sort=manual&cur_code=009&GfDT=bmp1W19F,W,BOTTOM,http://cdn3-aka.makeshop.co.kr/shopimages/jo112/0180030012843.jpg?1599120081
http://www.mulawear.com/shop/shopdetail.html?branduid=498330&xcode=009&mcode=004&scode=001&type=Y&sort=manual&cur_code=009&GfDT=amp3Ul4%3D,W,BOTTOM,http://cdn3-aka.makeshop.co.kr/shopimages/jo112/0180030012833.jpg?1599120181
http://www.mulawear.com/shop/shopdetail.html?branduid=498331&xcode=009&mcode=004&scode=001&type=Y&sort=manual&cur_code=009&GfDT=bGZ3Ul8%3D,W,BOTTOM,http://cdn3-aka.makeshop.co.kr/shopimages/jo112/0180030012823.jpg?1599120138
http://www.mulawear.com/shop/shopdetail.html?branduid=498253&xcode=009&mcode=004&scode=001&type=Y&sort=manual&cur_code=009&GfDT=bmh3Ulg%3D,W,BOTTOM,http://cdn3-aka.makeshop.co.kr/shopimages/jo112/0180030012803.jpg?1598496137
http://www.mulawear.com/shop/shopdetail.html?branduid=498252&xcode=009&mcode=004&scode=001&type=Y&sort=manual&cur_code=009&GfDT=aGV%2BVA%3D%3D,W,BOTTOM,http://cdn3-aka.makeshop.co.kr/shopimages/jo112/0180030012813.jpg?1598496227
http://www.mulawear.com/shop/shopdetail.html?branduid=498255&xcode=009&mcode=002&scode=&type=Y&sort=manual&cur_code=009&GfDT=b2V%2BVw%3D%3D,W,BOTTOM,http://cdn3-aka.makeshop.co.kr/shopimages/jo112/0180030012783.jpg?1598496061
http://www.mulawear.com/shop/shopdetail.html?branduid=498254&xcode=009&mcode=002&scode=&type=Y&sort=manual&cur_code=009&GfDT=bmx0W19D,W,BOTTOM,http://cdn3-aka.makeshop.co.kr/shopimages/jo112/0180030012793.jpg?1598495953
http://www.mulawear.com/shop/shopdetail.html?branduid=497705&xcode=009&mcode=004&scode=002&type=Y&sort=manual&cur_code=009&GfDT=bGh3UlQ%3D,W,BOTTOM,http://cdn3-aka.makeshop.co.kr/shopimages/jo112/0180030012143.jpg?1593414848
http://www.mulawear.com/shop/shopdetail.html?branduid=497598&xcode=009&mcode=004&scode=002&type=Y&sort=manual&cur_code=009&GfDT=bGx3UlU%3D,W,BOTTOM,http://cdn3-aka.makeshop.co.kr/shopimages/jo112/0180030011723.jpg?1588148135
http://www.mulawear.com/shop/shopdetail.html?branduid=497597&xcode=009&mcode=004&scode=002&type=Y&sort=manual&cur_code=009&GfDT=bGx3VVw%3D,W,BOTTOM,http://cdn3-aka.makeshop.co.kr/shopimages/jo112/0180030011733.jpg?1588148220
http://www.mulawear.com/shop/shopdetail.html?branduid=497707&xcode=009&mcode=004&scode=002&type=Y&sort=manual&cur_code=009&GfDT=bmx8W1hF,W,BOTTOM,http://cdn3-aka.makeshop.co.kr/shopimages/jo112/0180030012163.jpg?1593414999
http://www.mulawear.com/shop/shopdetail.html?branduid=497706&xcode=009&mcode=004&scode=002&type=Y&sort=manual&cur_code=009&GfDT=bm10W1hG,W,BOTTOM,http://cdn3-aka.makeshop.co.kr/shopimages/jo112/0180030012123.jpg?1593415043
http://www.mulawear.com/shop/shopdetail.html?branduid=498201&xcode=009&mcode=004&scode=001&type=Y&sort=manual&cur_code=009&GfDT=bmx0W1hH,W,BOTTOM,http://cdn3-aka.makeshop.co.kr/shopimages/jo112/0180030012743.jpg?1597825164
http://www.mulawear.com/shop/shopdetail.html?branduid=498202&xcode=009&mcode=004&scode=001&type=Y&sort=manual&cur_code=009&GfDT=amh3VVg%3D,W,BOTTOM,http://cdn3-aka.makeshop.co.kr/shopimages/jo112/0180030012733.jpg?1597825117
http://www.mulawear.com/shop/shopdetail.html?branduid=498199&xcode=009&mcode=004&scode=001&type=Y&sort=manual&cur_code=009&GfDT=bml1W1hB,W,BOTTOM,http://cdn3-aka.makeshop.co.kr/shopimages/jo112/0180030012763.jpg?1597824735
http://www.mulawear.com/shop/shopdetail.html?branduid=498200&xcode=009&mcode=004&scode=001&type=Y&sort=manual&cur_code=009&GfDT=bm51W1hC,W,BOTTOM,http://cdn3-aka.makeshop.co.kr/shopimages/jo112/0180030012753.jpg?1597824906
http://www.mulawear.com/shop/shopdetail.html?branduid=498123&xcode=009&mcode=004&scode=001&type=Y&sort=manual&cur_code=009&GfDT=bmt6W1hD,W,BOTTOM,http://cdn3-aka.makeshop.co.kr/shopimages/jo112/0180030012703.jpg?1597278399
http://www.mulawear.com/shop/shopdetail.html?branduid=498114&xcode=009&mcode=004&scode=001&type=Y&sort=manual&cur_code=009&GfDT=a2t3VVQ%3D,W,BOTTOM,http://cdn3-aka.makeshop.co.kr/shopimages/jo112/0180030012613.jpg?1596518570
http://www.mulawear.com/shop/shopdetail.html?branduid=498113&xcode=009&mcode=004&scode=001&type=Y&sort=manual&cur_code=009&GfDT=bm54W1hN,W,BOTTOM,http://cdn3-aka.makeshop.co.kr/shopimages/jo112/0180030012603.jpg?1596518516
http://www.mulawear.com/shop/shopdetail.html?branduid=498024&xcode=009&mcode=004&scode=001&type=Y&sort=manual&cur_code=009&GfDT=bm10W1lE,W,BOTTOM,http://cdn3-aka.makeshop.co.kr/shopimages/jo112/0180030012583.jpg?1595915006
http://www.mulawear.com/shop/shopdetail.html?branduid=498025&xcode=009&mcode=004&scode=001&type=Y&sort=manual&cur_code=009&GfDT=bm90W1lF,W,BOTTOM,http://cdn3-aka.makeshop.co.kr/shopimages/jo112/0180030012573.jpg?1595914945
http://www.mulawear.com/shop/shopdetail.html?branduid=498026&xcode=009&mcode=004&scode=001&type=Y&sort=manual&cur_code=009&GfDT=bm9%2BW1lG,W,BOTTOM,http://cdn3-aka.makeshop.co.kr/shopimages/jo112/0180030012563.jpg?1597216279
http://www.mulawear.com/shop/shopdetail.html?branduid=497808&xcode=009&mcode=004&scode=001&type=Y&sort=manual&cur_code=009&GfDT=aWZ3VF8%3D,W,BOTTOM,http://cdn3-aka.makeshop.co.kr/shopimages/jo112/0180030012523.jpg?1595314108
http://www.mulawear.com/shop/shopdetail.html?branduid=497809&xcode=009&mcode=004&scode=001&type=Y&sort=manual&cur_code=009&GfDT=aGh3VFg%3D,W,BOTTOM,http://cdn3-aka.makeshop.co.kr/shopimages/jo112/0180030012513.jpg?1595314039
http://www.mulawear.com/shop/shopdetail.html?branduid=497807&xcode=009&mcode=004&scode=001&type=Y&sort=manual&cur_code=009&GfDT=bmt6W1lB,W,BOTTOM,http://cdn3-aka.makeshop.co.kr/shopimages/jo112/0180030012533.jpg?1595314281
http://www.mulawear.com/shop/shopdetail.html?branduid=497806&xcode=009&mcode=004&scode=001&type=Y&sort=manual&cur_code=009&GfDT=bmx5W1lC,W,BOTTOM,http://cdn3-aka.makeshop.co.kr/shopimages/jo112/0180030012543.jpg?1595314365
http://www.mulawear.com/shop/shopdetail.html?branduid=497810&xcode=009&mcode=004&scode=001&type=Y&sort=manual&cur_code=009&GfDT=bmt7W1lD,W,BOTTOM,http://cdn3-aka.makeshop.co.kr/shopimages/jo112/0180030012503.jpg?1595314200
http://www.mulawear.com/shop/shopdetail.html?branduid=497811&xcode=009&mcode=004&scode=001&type=Y&sort=manual&cur_code=009&GfDT=aG93VFQ%3D,W,BOTTOM,http://cdn3-aka.makeshop.co.kr/shopimages/jo112/0180030012493.jpg?1595313982
http://www.mulawear.com/shop/shopdetail.html?branduid=497788&xcode=009&mcode=004&scode=001&type=Y&sort=manual&cur_code=009&GfDT=aWx3VFU%3D,W,BOTTOM,http://cdn3-aka.makeshop.co.kr/shopimages/jo112/0180030012453.jpg?1594632137
http://www.mulawear.com/shop/shopdetail.html?branduid=497789&xcode=009&mcode=004&scode=001&type=Y&sort=manual&cur_code=009&GfDT=bm53V1w%3D,W,BOTTOM,http://cdn3-aka.makeshop.co.kr/shopimages/jo112/0180030012443.jpg?1594631914
http://www.mulawear.com/shop/shopdetail.html?branduid=497596&xcode=009&mcode=004&scode=002&type=Y&sort=manual&cur_code=009&GfDT=a2x3V10%3D,W,BOTTOM,http://cdn3-aka.makeshop.co.kr/shopimages/jo112/0180030011743.jpg?1588570434
http://www.mulawear.com/shop/shopdetail.html?branduid=497790&xcode=009&mcode=004&scode=001&type=Y&sort=manual&cur_code=009&GfDT=a2d3V14%3D,W,BOTTOM,http://cdn3-aka.makeshop.co.kr/shopimages/jo112/0180030012433.jpg?1594631829
http://www.mulawear.com/shop/shopdetail.html?branduid=497734&xcode=009&mcode=004&scode=001&type=Y&sort=manual&cur_code=009&GfDT=bmd3V18%3D,W,BOTTOM,http://cdn3-aka.makeshop.co.kr/shopimages/jo112/0180030012463.jpg?1594186902
http://www.mulawear.com/shop/shopdetail.html?branduid=497733&xcode=009&mcode=004&scode=001&type=Y&sort=manual&cur_code=009&GfDT=Z213V1g%3D,W,BOTTOM,http://cdn3-aka.makeshop.co.kr/shopimages/jo112/0180030012473.jpg?1594186851
http://www.mulawear.com/shop/shopdetail.html?branduid=497732&xcode=009&mcode=004&scode=001&type=Y&sort=manual&cur_code=009&GfDT=aWp3V1k%3D,W,BOTTOM,http://cdn3-aka.makeshop.co.kr/shopimages/jo112/0180030012423.jpg?1594186984
http://www.mulawear.com/shop/shopdetail.html?branduid=497735&xcode=009&mcode=004&scode=001&type=Y&sort=manual&cur_code=009&GfDT=bWl3V1o%3D,W,BOTTOM,http://cdn3-aka.makeshop.co.kr/shopimages/jo112/0180030012413.jpg?1594170723
http://www.mulawear.com/shop/shopdetail.html?branduid=497736&xcode=009&mcode=004&scode=001&type=Y&sort=manual&cur_code=009&GfDT=bGp3V1s%3D,W,BOTTOM,http://cdn3-aka.makeshop.co.kr/shopimages/jo112/0180030012403.jpg?1594170670
http://www.mulawear.com/shop/shopdetail.html?branduid=497687&xcode=009&mcode=004&scode=001&type=Y&sort=manual&cur_code=009&GfDT=bmp6W1pM,W,BOTTOM,http://cdn3-aka.makeshop.co.kr/shopimages/jo112/0180030012113.jpg?1592960525
http://www.mulawear.com/shop/shopdetail.html?branduid=497688&xcode=009&mcode=004&scode=001&type=Y&sort=manual&cur_code=009&GfDT=bmp3V1U%3D,W,BOTTOM,http://cdn3-aka.makeshop.co.kr/shopimages/jo112/0180030012103.jpg?1592873126
http://www.mulawear.com/shop/shopdetail.html?branduid=497691&xcode=009&mcode=004&scode=001&type=Y&sort=manual&cur_code=009&GfDT=aWd3Vlw%3D,W,BOTTOM,http://cdn3-aka.makeshop.co.kr/shopimages/jo112/0180030012073.jpg?1592873019
http://www.mulawear.com/shop/shopdetail.html?branduid=497692&xcode=009&mcode=004&scode=001&type=Y&sort=manual&cur_code=009&GfDT=bmh3Vl0%3D,W,BOTTOM,http://cdn3-aka.makeshop.co.kr/shopimages/jo112/0180030012063.jpg?1592872988
http://www.mulawear.com/shop/shopdetail.html?branduid=497674&xcode=009&mcode=004&scode=001&type=Y&sort=manual&cur_code=009&GfDT=bmt7W1tG,W,BOTTOM,http://cdn3-aka.makeshop.co.kr/shopimages/jo112/0180030012043.jpg?1592203757
http://www.mulawear.com/shop/shopdetail.html?branduid=497673&xcode=009&mcode=004&scode=001&type=Y&sort=manual&cur_code=009&GfDT=bWt3Vl8%3D,W,BOTTOM,http://cdn3-aka.makeshop.co.kr/shopimages/jo112/0180030012053.jpg?1592203666
http://www.mulawear.com/shop/shopdetail.html?branduid=497677&xcode=009&mcode=004&scode=001&type=Y&sort=manual&cur_code=009&GfDT=bm91W1tA,W,BOTTOM,http://cdn3-aka.makeshop.co.kr/shopimages/jo112/0180030012023.jpg?1592203523
http://www.mulawear.com/shop/shopdetail.html?branduid=497678&xcode=009&mcode=004&scode=001&type=Y&sort=manual&cur_code=009&GfDT=bmp4W1tB,W,BOTTOM,http://cdn3-aka.makeshop.co.kr/shopimages/jo112/0180030012013.jpg?1592203591
http://www.mulawear.com/shop/shopdetail.html?branduid=497656&xcode=009&mcode=004&scode=001&type=Y&sort=manual&cur_code=009&GfDT=bmt5W1tC,W,BOTTOM,http://cdn3-aka.makeshop.co.kr/shopimages/jo112/0180030012003.jpg?1591838438
http://www.mulawear.com/shop/shopdetail.html?branduid=497657&xcode=009&mcode=004&scode=001&type=Y&sort=manual&cur_code=009&GfDT=amx3Vls%3D,W,BOTTOM,http://cdn3-aka.makeshop.co.kr/shopimages/jo112/0180030011993.jpg?1591838503
http://www.mulawear.com/shop/shopdetail.html?branduid=497659&xcode=009&mcode=004&scode=001&type=Y&sort=manual&cur_code=009&GfDT=bm10W1tM,W,BOTTOM,http://cdn3-aka.makeshop.co.kr/shopimages/jo112/0180030011973.jpg?1591838697
http://www.mulawear.com/shop/shopdetail.html?branduid=497658&xcode=009&mcode=004&scode=001&type=Y&sort=manual&cur_code=009&GfDT=bmp3VlU%3D,W,BOTTOM,http://cdn3-aka.makeshop.co.kr/shopimages/jo112/0180030011983.jpg?1591838628
http://www.mulawear.com/shop/shopdetail.html?branduid=497652&xcode=009&mcode=004&scode=001&type=Y&sort=manual&cur_code=009&GfDT=bm19W1RE,W,BOTTOM,http://cdn3-aka.makeshop.co.kr/shopimages/jo112/0180030011953.jpg?1591073917
http://www.mulawear.com/shop/shopdetail.html?branduid=497653&xcode=009&mcode=004&scode=001&type=Y&sort=manual&cur_code=009&GfDT=bGd3WV0%3D,W,BOTTOM,http://cdn3-aka.makeshop.co.kr/shopimages/jo112/0180030011963.jpg?1591073835
http://www.mulawear.com/shop/shopdetail.html?branduid=497654&xcode=009&mcode=004&scode=001&type=Y&sort=manual&cur_code=009&GfDT=aGh3WV4%3D,W,BOTTOM,http://cdn3-aka.makeshop.co.kr/shopimages/jo112/0180020006503.jpg?1591073424
http://www.mulawear.com/shop/shopdetail.html?branduid=497655&xcode=009&mcode=004&scode=001&type=Y&sort=manual&cur_code=009&GfDT=am93WV8%3D,W,BOTTOM,http://cdn3-aka.makeshop.co.kr/shopimages/jo112/0180020006493.jpg?1591073476
http://www.mulawear.com/shop/shopdetail.html?branduid=497649&xcode=009&mcode=004&scode=001&type=Y&sort=manual&cur_code=009&GfDT=bm96W1RA,W,BOTTOM,http://cdn3-aka.makeshop.co.kr/shopimages/jo112/0180030011893.jpg?1590391978
http://www.mulawear.com/shop/shopdetail.html?branduid=497647&xcode=009&mcode=004&scode=001&type=Y&sort=manual&cur_code=009&GfDT=bmp5W1RB,W,BOTTOM,http://cdn3-aka.makeshop.co.kr/shopimages/jo112/0180030011913.jpg?1590391674
http://www.mulawear.com/shop/shopdetail.html?branduid=497646&xcode=009&mcode=004&scode=001&type=Y&sort=manual&cur_code=009&GfDT=bWp3WVo%3D,W,BOTTOM,http://cdn3-aka.makeshop.co.kr/shopimages/jo112/0180030011923.jpg?1590391884
http://www.mulawear.com/shop/shopdetail.html?branduid=497648&xcode=009&mcode=004&scode=001&type=Y&sort=manual&cur_code=009&GfDT=bW93WVs%3D,W,BOTTOM,http://cdn3-aka.makeshop.co.kr/shopimages/jo112/0180030011903.jpg?1590391746
http://www.mulawear.com/shop/shopdetail.html?branduid=497641&xcode=009&mcode=004&scode=001&type=Y&sort=manual&cur_code=009&GfDT=aGZ3WVQ%3D,W,BOTTOM,http://cdn3-aka.makeshop.co.kr/shopimages/jo112/0180030011883.jpg?1589783709
http://www.mulawear.com/shop/shopdetail.html?branduid=497642&xcode=009&mcode=004&scode=001&type=Y&sort=manual&cur_code=009&GfDT=Zmp3WVU%3D,W,BOTTOM,http://cdn3-aka.makeshop.co.kr/shopimages/jo112/0180030011873.jpg?1589783645
http://www.mulawear.com/shop/shopdetail.html?branduid=497644&xcode=009&mcode=004&scode=001&type=Y&sort=manual&cur_code=009&GfDT=Z2t3WFw%3D,W,BOTTOM,http://cdn3-aka.makeshop.co.kr/shopimages/jo112/0180030011853.jpg?1589783433
http://www.mulawear.com/shop/shopdetail.html?branduid=497643&xcode=009&mcode=004&scode=001&type=Y&sort=manual&cur_code=009&GfDT=Zm53WF0%3D,W,BOTTOM,http://cdn3-aka.makeshop.co.kr/shopimages/jo112/0180030011863.jpg?1589783520
http://www.mulawear.com/shop/shopdetail.html?branduid=497607&xcode=009&mcode=004&scode=001&type=Y&sort=manual&cur_code=009&GfDT=Zm53WF4%3D,W,BOTTOM,http://cdn3-aka.makeshop.co.kr/shopimages/jo112/0180030011843.jpg?1589188296
http://www.mulawear.com/shop/shopdetail.html?branduid=497608&xcode=009&mcode=004&scode=001&type=Y&sort=manual&cur_code=009&GfDT=Z2t3WF8%3D,W,BOTTOM,http://cdn3-aka.makeshop.co.kr/shopimages/jo112/0180030011833.jpg?1589188343
http://www.mulawear.com/shop/shopdetail.html?branduid=497609&xcode=009&mcode=004&scode=001&type=Y&sort=manual&cur_code=009&GfDT=aW53WFg%3D,W,BOTTOM,http://cdn3-aka.makeshop.co.kr/shopimages/jo112/0180030011823.jpg?1589188849
http://www.mulawear.com/shop/shopdetail.html?branduid=497610&xcode=009&mcode=004&scode=001&type=Y&sort=manual&cur_code=009&GfDT=bm14W1VB,W,BOTTOM,http://cdn3-aka.makeshop.co.kr/shopimages/jo112/0180030011813.jpg?1589188904
http://www.mulawear.com/shop/shopdetail.html?branduid=497595&xcode=009&mcode=004&scode=001&type=Y&sort=manual&cur_code=009&GfDT=bmp9W1VC,W,BOTTOM,http://cdn3-aka.makeshop.co.kr/shopimages/jo112/0180030011753.jpg?1589264955
http://www.mulawear.com/shop/shopdetail.html?branduid=497583&xcode=009&mcode=004&scode=001&type=Y&sort=manual&cur_code=009&GfDT=Z2h3WFs%3D,W,BOTTOM,http://cdn3-aka.makeshop.co.kr/shopimages/jo112/0180030011693.jpg?1587950457
http://www.mulawear.com/shop/shopdetail.html?branduid=497584&xcode=009&mcode=004&scode=001&type=Y&sort=manual&cur_code=009&GfDT=bml9W1VM,W,BOTTOM,http://cdn3-aka.makeshop.co.kr/shopimages/jo112/0180030011683.jpg?1587950232
http://www.mulawear.com/shop/shopdetail.html?branduid=497585&xcode=009&mcode=004&scode=001&type=Y&sort=manual&cur_code=009&GfDT=Z2l3WFU%3D,W,BOTTOM,http://cdn3-aka.makeshop.co.kr/shopimages/jo112/0180030011713.jpg?1587950112
http://www.mulawear.com/shop/shopdetail.html?branduid=497586&xcode=009&mcode=004&scode=001&type=Y&sort=manual&cur_code=009&GfDT=bm17W1w%3D,W,BOTTOM,http://cdn3-aka.makeshop.co.kr/shopimages/jo112/0180030011703.jpg?1587950012
http://www.mulawear.com/shop/shopdetail.html?branduid=497570&xcode=009&mcode=004&scode=001&type=Y&sort=manual&cur_code=009&GfDT=a2l3UA%3D%3D,W,BOTTOM,http://cdn3-aka.makeshop.co.kr/shopimages/jo112/0180030011633.jpg?1587015972
http://www.mulawear.com/shop/shopdetail.html?branduid=497569&xcode=009&mcode=004&scode=001&type=Y&sort=manual&cur_code=009&GfDT=bmh%2FW14%3D,W,BOTTOM,http://cdn3-aka.makeshop.co.kr/shopimages/jo112/0180030011643.jpg?1587015894
http://www.mulawear.com/shop/shopdetail.html?branduid=497571&xcode=009&mcode=004&scode=001&type=Y&sort=manual&cur_code=009&GfDT=aGV%2B,W,BOTTOM,http://cdn3-aka.makeshop.co.kr/shopimages/jo112/0180030011673.jpg?1587018875
http://www.mulawear.com/shop/shopdetail.html?branduid=497573&xcode=009&mcode=004&scode=001&type=Y&sort=manual&cur_code=009&GfDT=a253VQ%3D%3D,W,BOTTOM,http://cdn3-aka.makeshop.co.kr/shopimages/jo112/0180030011653.jpg?1587015477
http://www.mulawear.com/shop/shopdetail.html?branduid=497572&xcode=009&mcode=004&scode=001&type=Y&sort=manual&cur_code=009&GfDT=amt3VA%3D%3D,W,BOTTOM,http://cdn3-aka.makeshop.co.kr/shopimages/jo112/0180030011663.jpg?1587015609
http://www.mulawear.com/shop/shopdetail.html?branduid=497565&xcode=009&mcode=004&scode=001&type=Y&sort=manual&cur_code=009&GfDT=bmp9W1o%3D,W,BOTTOM,http://cdn3-aka.makeshop.co.kr/shopimages/jo112/0180030011623.jpg?1586756851
http://www.mulawear.com/shop/shopdetail.html?branduid=497566&xcode=009&mcode=004&scode=001&type=Y&sort=manual&cur_code=009&GfDT=bm59W1s%3D,W,BOTTOM,http://cdn3-aka.makeshop.co.kr/shopimages/jo112/0180030011613.jpg?1586756779
http://www.mulawear.com/shop/shopdetail.html?branduid=497567&xcode=009&mcode=004&scode=001&type=Y&sort=manual&cur_code=009&GfDT=bm95W1Q%3D,W,BOTTOM,http://cdn3-aka.makeshop.co.kr/shopimages/jo112/0180030011603.jpg?1586755401
http://www.mulawear.com/shop/shopdetail.html?branduid=497568&xcode=009&mcode=004&scode=001&type=Y&sort=manual&cur_code=009&GfDT=aWZ3WA%3D%3D,W,BOTTOM,http://cdn3-aka.makeshop.co.kr/shopimages/jo112/0180030011593.jpg?1586755347
http://www.mulawear.com/shop/shopdetail.html?branduid=497548&xcode=009&mcode=004&scode=001&type=Y&sort=manual&cur_code=009&GfDT=bm5%2BW11E,W,BOTTOM,http://cdn3-aka.makeshop.co.kr/shopimages/jo112/0180030011583.jpg?1586232357
http://www.mulawear.com/shop/shopdetail.html?branduid=497549&xcode=009&mcode=004&scode=001&type=Y&sort=manual&cur_code=009&GfDT=bm17W11F,W,BOTTOM,http://cdn3-aka.makeshop.co.kr/shopimages/jo112/0180030011573.jpg?1586228064
http://www.mulawear.com/shop/shopdetail.html?branduid=497550&xcode=009&mcode=004&scode=001&type=Y&sort=manual&cur_code=009&GfDT=bmt1W11G,W,BOTTOM,http://cdn3-aka.makeshop.co.kr/shopimages/jo112/0180030011563.jpg?1586232779
http://www.mulawear.com/shop/shopdetail.html?branduid=497551&xcode=009&mcode=004&scode=001&type=Y&sort=manual&cur_code=009&GfDT=Z2t3UF8%3D,W,BOTTOM,http://cdn3-aka.makeshop.co.kr/shopimages/jo112/0180030011553.jpg?1586232798
http://www.mulawear.com/shop/shopdetail.html?branduid=497439&xcode=009&mcode=004&scode=001&type=Y&sort=manual&cur_code=009&GfDT=am53UFg%3D,W,BOTTOM,http://cdn3-aka.makeshop.co.kr/shopimages/jo112/0180030011493.jpg?1585210558
http://www.mulawear.com/shop/shopdetail.html?branduid=497438&xcode=009&mcode=004&scode=001&type=Y&sort=manual&cur_code=009&GfDT=aW53UFk%3D,W,BOTTOM,http://cdn3-aka.makeshop.co.kr/shopimages/jo112/0180030011503.jpg?1585200919
http://www.mulawear.com/shop/shopdetail.html?branduid=497440&xcode=009&mcode=004&scode=001&type=Y&sort=manual&cur_code=009&GfDT=bmp3UFo%3D,W,BOTTOM,http://cdn3-aka.makeshop.co.kr/shopimages/jo112/0180030011483.jpg?1585199891
http://www.mulawear.com/shop/shopdetail.html?branduid=497441&xcode=009&mcode=004&scode=001&type=Y&sort=manual&cur_code=009&GfDT=bm17W11D,W,BOTTOM,http://cdn3-aka.makeshop.co.kr/shopimages/jo112/0180030011513.jpg?1585206836
http://www.mulawear.com/shop/shopdetail.html?branduid=497442&xcode=009&mcode=004&scode=001&type=Y&sort=manual&cur_code=009&GfDT=bmh3UFQ%3D,W,BOTTOM,http://cdn3-aka.makeshop.co.kr/shopimages/jo112/0180030011463.jpg?1585206966
http://www.mulawear.com/shop/shopdetail.html?branduid=497402&xcode=009&mcode=004&scode=001&type=Y&sort=manual&cur_code=009&GfDT=amh3UFU%3D,W,BOTTOM,http://cdn3-aka.makeshop.co.kr/shopimages/jo112/0180030011443.jpg?1584602714
http://www.mulawear.com/shop/shopdetail.html?branduid=497403&xcode=009&mcode=004&scode=001&type=Y&sort=manual&cur_code=009&GfDT=bGV%2FUQ%3D%3D,W,BOTTOM,http://cdn3-aka.makeshop.co.kr/shopimages/jo112/0180030011433.jpg?1584602742
http://www.mulawear.com/shop/shopdetail.html?branduid=497404&xcode=009&mcode=004&scode=001&type=Y&sort=manual&cur_code=009&GfDT=a2l3U10%3D,W,BOTTOM,http://cdn3-aka.makeshop.co.kr/shopimages/jo112/0180030011423.jpg?1584602760
http://www.mulawear.com/shop/shopdetail.html?branduid=497405&xcode=009&mcode=004&scode=001&type=Y&sort=manual&cur_code=009&GfDT=bm96W15G,W,BOTTOM,http://cdn3-aka.makeshop.co.kr/shopimages/jo112/0180030011413.jpg?1584602776
http://www.mulawear.com/shop/shopdetail.html?branduid=497406&xcode=009&mcode=004&scode=001&type=Y&sort=manual&cur_code=009&GfDT=aGh3U18%3D,W,BOTTOM,http://cdn3-aka.makeshop.co.kr/shopimages/jo112/0180030011403.jpg?1585128637
http://www.mulawear.com/shop/shopdetail.html?branduid=498334&xcode=009&mcode=004&scode=001&type=Y&sort=manual&cur_code=009&GfDT=bm1%2BW15A,W,BOTTOM,http://cdn3-aka.makeshop.co.kr/shopimages/jo112/0180030012923.jpg?1600331117
http://www.mulawear.com/shop/shopdetail.html?branduid=498335&xcode=009&mcode=004&scode=001&type=Y&sort=manual&cur_code=009&GfDT=am13U1k%3D,W,BOTTOM,http://cdn3-aka.makeshop.co.kr/shopimages/jo112/0180030012913.jpg?1600331147
http://www.mulawear.com/shop/shopdetail.html?branduid=498333&xcode=009&mcode=004&scode=001&type=Y&sort=manual&cur_code=009&GfDT=aWV%2FVw%3D%3D,W,BOTTOM,http://cdn3-aka.makeshop.co.kr/shopimages/jo112/0180030012893.jpg?1599634253
http://www.mulawear.com/shop/shopdetail.html?branduid=498332&xcode=009&mcode=004&scode=001&type=Y&sort=manual&cur_code=009&GfDT=Z2x3U1s%3D,W,BOTTOM,http://cdn3-aka.makeshop.co.kr/shopimages/jo112/0180030012903.jpg?1599634313
http://www.mulawear.com/shop/shopdetail.html?branduid=498310&xcode=009&mcode=003&scode=001&type=Y&sort=manual&cur_code=009&GfDT=bml0W15M,W,BOTTOM,http://cdn3-aka.makeshop.co.kr/shopimages/jo112/0180040003623.jpg?1599116086
http://www.mulawear.com/shop/shopdetail.html?branduid=498309&xcode=009&mcode=003&scode=001&type=Y&sort=manual&cur_code=009&GfDT=bmx6W15N,W,BOTTOM,http://cdn3-aka.makeshop.co.kr/shopimages/jo112/0180040003633.jpg?1599116146
http://www.mulawear.com/shop/shopdetail.html?branduid=498308&xcode=009&mcode=003&scode=001&type=Y&sort=manual&cur_code=009&GfDT=bm13Ulw%3D,W,BOTTOM,http://cdn3-aka.makeshop.co.kr/shopimages/jo112/0180040003643.jpg?1599116228
http://www.mulawear.com/shop/shopdetail.html?branduid=497407&xcode=009&mcode=004&scode=001&type=Y&sort=manual&cur_code=009&GfDT=bm1%2BW19F,W,BOTTOM,http://cdn3-aka.makeshop.co.kr/shopimages/jo112/0180030011393.jpg?1585128112
http://www.mulawear.com/shop/shopdetail.html?branduid=497376&xcode=009&mcode=004&scode=001&type=Y&sort=manual&cur_code=009&GfDT=bmx7W19G,W,BOTTOM,http://cdn3-aka.makeshop.co.kr/shopimages/jo112/0180030011203.jpg?1584094677
http://www.mulawear.com/shop/shopdetail.html?branduid=497374&xcode=009&mcode=004&scode=001&type=Y&sort=manual&cur_code=009&GfDT=bmx7W19H,W,BOTTOM,http://cdn3-aka.makeshop.co.kr/shopimages/jo112/0180030011193.jpg?1584094628
http://www.mulawear.com/shop/shopdetail.html?branduid=497375&xcode=009&mcode=004&scode=001&type=Y&sort=manual&cur_code=009&GfDT=bmx9W19A,W,BOTTOM,http://cdn3-aka.makeshop.co.kr/shopimages/jo112/0180030011183.jpg?1584094646
http://www.mulawear.com/shop/shopdetail.html?branduid=497373&xcode=009&mcode=004&scode=001&type=Y&sort=manual&cur_code=009&GfDT=bm10W19B,W,BOTTOM,http://cdn3-aka.makeshop.co.kr/shopimages/jo112/0180030011173.jpg?1584318234
http://www.mulawear.com/shop/shopdetail.html?branduid=496592&xcode=009&mcode=001&scode=001&type=Y&sort=manual&cur_code=009&GfDT=bmd3Ulo%3D,W,BOTTOM,http://cdn3-aka.makeshop.co.kr/shopimages/jo112/0180010002433.jpg?1591166914
http://www.mulawear.com/shop/shopdetail.html?branduid=496827&xcode=009&mcode=001&scode=001&type=Y&sort=manual&cur_code=009&GfDT=aW93Uls%3D,W,BOTTOM,http://cdn3-aka.makeshop.co.kr/shopimages/jo112/0180010002423.jpg?1575853191
http://www.mulawear.com/shop/shopdetail.html?branduid=496826&xcode=009&mcode=001&scode=001&type=Y&sort=manual&cur_code=009&GfDT=aWl3UlQ%3D,W,BOTTOM,http://cdn3-aka.makeshop.co.kr/shopimages/jo112/0180030010603.jpg?1590389674
http://www.mulawear.com/shop/shopdetail.html?branduid=496578&xcode=009&mcode=001&scode=001&type=Y&sort=manual&cur_code=009&GfDT=bm1%2FW19N,W,BOTTOM,http://cdn3-aka.makeshop.co.kr/shopimages/jo112/0180010001743.jpg?1599800009
http://www.mulawear.com/shop/shopdetail.html?branduid=496579&xcode=009&mcode=001&scode=001&type=Y&sort=manual&cur_code=009&GfDT=bm10W1hE,W,BOTTOM,http://cdn3-aka.makeshop.co.kr/shopimages/jo112/0180010001753.jpg?1599800081
http://www.mulawear.com/shop/shopdetail.html?branduid=496581&xcode=009&mcode=001&scode=001&type=Y&sort=manual&cur_code=009&GfDT=aWV5UA%3D%3D,W,BOTTOM,http://cdn3-aka.makeshop.co.kr/shopimages/jo112/0180010001733.jpg?1599799917
http://www.mulawear.com/shop/shopdetail.html?branduid=496596&xcode=009&mcode=001&scode=001&type=Y&sort=manual&cur_code=009&GfDT=bWh3VV4%3D,W,BOTTOM,http://cdn3-aka.makeshop.co.kr/shopimages/jo112/0180010001883.jpg?1591166960
http://www.mulawear.com/shop/shopdetail.html?branduid=496587&xcode=009&mcode=001&scode=001&type=Y&sort=manual&cur_code=009&GfDT=aml3VV8%3D,W,BOTTOM,http://cdn3-aka.makeshop.co.kr/shopimages/jo112/0180010001823.jpg?1591166945
http://www.mulawear.com/shop/shopdetail.html?branduid=496588&xcode=009&mcode=001&scode=001&type=Y&sort=manual&cur_code=009&GfDT=a213VVg%3D,W,BOTTOM,http://cdn3-aka.makeshop.co.kr/shopimages/jo112/0180010001833.jpg?1591166932
http://www.mulawear.com/shop/shopdetail.html?branduid=496590&xcode=009&mcode=001&scode=001&type=Y&sort=manual&cur_code=009&GfDT=bG53VVk%3D,W,BOTTOM,http://cdn3-aka.makeshop.co.kr/shopimages/jo112/0180010001853.jpg?1575853652
http://www.mulawear.com/shop/shopdetail.html?branduid=496589&xcode=009&mcode=001&scode=001&type=Y&sort=manual&cur_code=009&GfDT=bm51W1hC,W,BOTTOM,http://cdn3-aka.makeshop.co.kr/shopimages/jo112/0180010001843.jpg?1575853670
http://www.mulawear.com/shop/shopdetail.html?branduid=496585&xcode=009&mcode=001&scode=001&type=Y&sort=manual&cur_code=009&GfDT=ZmV5Vg%3D%3D,W,BOTTOM,http://cdn3-aka.makeshop.co.kr/shopimages/jo112/0180010002443.jpg?1599799666
http://www.mulawear.com/shop/shopdetail.html?branduid=496594&xcode=009&mcode=001&scode=001&type=Y&sort=manual&cur_code=009&GfDT=bmp6W1hM,W,BOTTOM,http://cdn3-aka.makeshop.co.kr/shopimages/jo112/0180010001873.jpg?1575853577
http://www.mulawear.com/shop/shopdetail.html?branduid=496580&xcode=009&mcode=001&scode=001&type=Y&sort=manual&cur_code=009&GfDT=bmx4W1hN,W,BOTTOM,http://cdn3-aka.makeshop.co.kr/shopimages/jo112/0180010002463.jpg?1599800889
http://www.mulawear.com/shop/shopdetail.html?branduid=496584&xcode=009&mcode=001&scode=001&type=Y&sort=manual&cur_code=009&GfDT=aWl3VFw%3D,W,BOTTOM,http://cdn3-aka.makeshop.co.kr/shopimages/jo112/0180010001793.jpg?1599799590
http://www.mulawear.com/shop/shopdetail.html?branduid=496582&xcode=009&mcode=001&scode=001&type=Y&sort=manual&cur_code=009&GfDT=bml9W1lF,W,BOTTOM,http://cdn3-aka.makeshop.co.kr/shopimages/jo112/0180010002453.jpg?1599799829
http://www.mulawear.com/shop/shopdetail.html?branduid=496586&xcode=009&mcode=001&scode=001&type=Y&sort=manual&cur_code=009&GfDT=bmx%2BW1lG,W,BOTTOM,http://cdn3-aka.makeshop.co.kr/shopimages/jo112/0180010001813.jpg?1596436342
http://www.mulawear.com/shop/shopdetail.html?branduid=496825&xcode=009&mcode=001&scode=001&type=Y&sort=manual&cur_code=009&GfDT=b2V4Ug%3D%3D,W,BOTTOM,http://cdn3-aka.makeshop.co.kr/shopimages/jo112/0180030010593.jpg?1590389775
http://www.mulawear.com/shop/shopdetail.html?branduid=497744&xcode=009&mcode=004&scode=001&type=Y&sort=manual&cur_code=009&GfDT=bmh3VFg%3D,W,BOTTOM,http://cdn3-aka.makeshop.co.kr/shopimages/jo112/0180030012393.jpg?1594168325
http://www.mulawear.com/shop/shopdetail.html?branduid=497745&xcode=009&mcode=004&scode=001&type=Y&sort=manual&cur_code=009&GfDT=bGl3VFk%3D,W,BOTTOM,http://cdn3-aka.makeshop.co.kr/shopimages/jo112/0180030012383.jpg?1594111718
http://www.mulawear.com/shop/shopdetail.html?branduid=497746&xcode=009&mcode=004&scode=001&type=Y&sort=manual&cur_code=009&GfDT=amV4Vw%3D%3D,W,BOTTOM,http://cdn3-aka.makeshop.co.kr/shopimages/jo112/0180030012373.jpg?1594111542
http://www.mulawear.com/shop/shopdetail.html?branduid=497747&xcode=009&mcode=001&scode=001&type=Y&sort=manual&cur_code=009&GfDT=bWx3VFs%3D,W,BOTTOM,http://cdn3-aka.makeshop.co.kr/shopimages/jo112/0180010002553.jpg?1594168623
http://www.mulawear.com/shop/shopdetail.html?branduid=497749&xcode=009&mcode=001&scode=001&type=Y&sort=manual&cur_code=009&GfDT=bm50W1lM,W,BOTTOM,http://cdn3-aka.makeshop.co.kr/shopimages/jo112/0180010002533.jpg?1594112228
http://www.mulawear.com/shop/shopdetail.html?branduid=497748&xcode=009&mcode=001&scode=001&type=Y&sort=manual&cur_code=009&GfDT=bmV4WA%3D%3D,W,BOTTOM,http://cdn3-aka.makeshop.co.kr/shopimages/jo112/0180010002543.jpg?1594168531
http://www.mulawear.com/shop/shopdetail.html?branduid=497750&xcode=009&mcode=001&scode=001&type=Y&sort=manual&cur_code=009&GfDT=bm5%2FW1pE,W,BOTTOM,http://cdn3-aka.makeshop.co.kr/shopimages/jo112/0180010002523.jpg?1594111572
http://www.mulawear.com/shop/shopdetail.html?branduid=497911&xcode=009&mcode=004&scode=001&type=Y&sort=manual&cur_code=009&GfDT=Z2x3V10%3D,W,BOTTOM,http://cdn3-aka.makeshop.co.kr/shopimages/jo112/0180030012633.jpg?1597050754
http://www.mulawear.com/shop/shopdetail.html?branduid=497907&xcode=009&mcode=004&scode=001&type=Y&sort=manual&cur_code=009&GfDT=aGl3V14%3D,W,BOTTOM,http://cdn3-aka.makeshop.co.kr/shopimages/jo112/0180030012673.jpg?1597051647
http://www.mulawear.com/shop/shopdetail.html?branduid=497910&xcode=009&mcode=004&scode=001&type=Y&sort=manual&cur_code=009&GfDT=aGp3V18%3D,W,BOTTOM,http://cdn3-aka.makeshop.co.kr/shopimages/jo112/0180030012643.jpg?1597051247
http://www.mulawear.com/shop/shopdetail.html?branduid=497905&xcode=009&mcode=004&scode=001&type=Y&sort=manual&cur_code=009&GfDT=a2h3V1g%3D,W,BOTTOM,http://cdn3-aka.makeshop.co.kr/shopimages/jo112/0180030012623.jpg?1597051817
http://www.mulawear.com/shop/shopdetail.html?branduid=497906&xcode=009&mcode=004&scode=001&type=Y&sort=manual&cur_code=009&GfDT=bmp0W1pB,W,BOTTOM,http://cdn3-aka.makeshop.co.kr/shopimages/jo112/0180030012683.jpg?1597051715
http://www.mulawear.com/shop/shopdetail.html?branduid=497909&xcode=009&mcode=004&scode=001&type=Y&sort=manual&cur_code=009&GfDT=bmp7W1pC,W,BOTTOM,http://cdn3-aka.makeshop.co.kr/shopimages/jo112/0180030012653.jpg?1597051457
http://www.mulawear.com/shop/shopdetail.html?branduid=497908&xcode=009&mcode=004&scode=001&type=Y&sort=manual&cur_code=009&GfDT=bmh3V1s%3D,W,BOTTOM,http://cdn3-aka.makeshop.co.kr/shopimages/jo112/0180030012663.jpg?1597051557
http://www.mulawear.com/shop/shopdetail.html?branduid=497760&xcode=009&mcode=004&scode=001&type=Y&sort=manual&cur_code=009&GfDT=a2l3V1Q%3D,W,BOTTOM,http://cdn3-aka.makeshop.co.kr/shopimages/jo112/0180030012883.jpg?1594349181
http://www.mulawear.com/shop/shopdetail.html?branduid=497372&xcode=009&mcode=004&scode=001&type=Y&sort=manual&cur_code=009&GfDT=bmV7WA%3D%3D,W,BOTTOM,http://cdn3-aka.makeshop.co.kr/shopimages/jo112/0180030012933.jpg?1596434229
http://www.mulawear.com/shop/shopdetail.html?branduid=496755&xcode=009&mcode=004&scode=001&type=Y&sort=manual&cur_code=009&GfDT=Zm53Vlw%3D,W,BOTTOM,http://cdn3-aka.makeshop.co.kr/shopimages/jo112/0180030012953.jpg?1596434287
http://www.mulawear.com/shop/shopdetail.html?branduid=496757&xcode=009&mcode=004&scode=001&type=Y&sort=manual&cur_code=009&GfDT=bm16W1tF,W,BOTTOM,http://cdn3-aka.makeshop.co.kr/shopimages/jo112/0180030012943.jpg?1596434329
http://www.mulawear.com/shop/shopdetail.html?branduid=496659&xcode=009&mcode=004&scode=001&type=Y&sort=manual&cur_code=009&GfDT=bmx%2FW1tG,W,BOTTOM,http://cdn3-aka.makeshop.co.kr/shopimages/jo112/0180030012973.jpg?1596440116
http://www.mulawear.com/shop/shopdetail.html?branduid=496662&xcode=009&mcode=004&scode=001&type=Y&sort=manual&cur_code=009&GfDT=bm51W1tH,W,BOTTOM,http://cdn3-aka.makeshop.co.kr/shopimages/jo112/0180030012963.jpg?1596440178
http://www.mulawear.com/shop/shopdetail.html?branduid=496974&xcode=009&mcode=003&scode=001&type=Y&sort=manual&cur_code=009&GfDT=bm53Vlg%3D,W,BOTTOM,http://cdn3-aka.makeshop.co.kr/shopimages/jo112/0180040003693.jpg?1596434167
http://www.mulawear.com/shop/shopdetail.html?branduid=495935&xcode=009&mcode=005&scode=009&type=Y&sort=manual&cur_code=009&GfDT=bm16W1tB,W,BOTTOM,http://cdn3-aka.makeshop.co.kr/shopimages/jo112/0180020005943.jpg?1579156720
http://www.mulawear.com/shop/shopdetail.html?branduid=495943&xcode=009&mcode=005&scode=005&type=Y&sort=manual&cur_code=009&GfDT=bmt0W1tC,W,BOTTOM,http://cdn3-aka.makeshop.co.kr/shopimages/jo112/0180020005983.jpg?1579156535
http://www.mulawear.com/shop/shopdetail.html?branduid=495947&xcode=009&mcode=005&scode=003&type=Y&sort=manual&cur_code=009&GfDT=bm10W1tD,W,BOTTOM,http://cdn3-aka.makeshop.co.kr/shopimages/jo112/0180020006003.jpg?1579156463
http://www.mulawear.com/shop/shopdetail.html?branduid=496377&xcode=009&mcode=005&scode=011&type=Y&sort=manual&cur_code=009&GfDT=bmx7W1tM,W,BOTTOM,http://cdn3-aka.makeshop.co.kr/shopimages/jo112/0180020006183.jpg?1575943978
http://www.mulawear.com/shop/shopdetail.html?branduid=496519&xcode=009&mcode=005&scode=001&type=Y&sort=manual&cur_code=009&GfDT=Z2l3VlU%3D,W,BOTTOM,http://cdn3-aka.makeshop.co.kr/shopimages/jo112/0180020006483.jpg?1575943410
http://www.mulawear.com/shop/shopdetail.html?branduid=496515&xcode=009&mcode=005&scode=008&type=Y&sort=manual&cur_code=009&GfDT=a2x3WVw%3D,W,BOTTOM,http://cdn3-aka.makeshop.co.kr/shopimages/jo112/0180020006263.jpg?1575943459
http://www.mulawear.com/shop/shopdetail.html?branduid=496516&xcode=009&mcode=005&scode=011&type=Y&sort=manual&cur_code=009&GfDT=bG93WV0%3D,W,BOTTOM,http://cdn3-aka.makeshop.co.kr/shopimages/jo112/0180020006273.jpg?1590628198
http://www.mulawear.com/shop/shopdetail.html?branduid=496518&xcode=009&mcode=005&scode=009&type=Y&sort=manual&cur_code=009&GfDT=aGx3WV4%3D,W,BOTTOM,http://cdn3-aka.makeshop.co.kr/shopimages/jo112/0180020006293.jpg?1575943427
http://www.mulawear.com/shop/shopdetail.html?branduid=496517&xcode=009&mcode=005&scode=003&type=Y&sort=manual&cur_code=009&GfDT=a2V1Ug%3D%3D,W,BOTTOM,http://cdn3-aka.makeshop.co.kr/shopimages/jo112/0180020006283.jpg?1575943444
http://www.mulawear.com/shop/shopdetail.html?branduid=496498&xcode=009&mcode=005&scode=008&type=Y&sort=manual&cur_code=009&GfDT=bmp4W1RA,W,BOTTOM,http://cdn3-aka.makeshop.co.kr/shopimages/jo112/0180030008973.jpg?1575854678
http://www.mulawear.com/shop/shopdetail.html?branduid=496501&xcode=009&mcode=005&scode=009&type=Y&sort=manual&cur_code=009&GfDT=Zm93WVk%3D,W,BOTTOM,http://cdn3-aka.makeshop.co.kr/shopimages/jo112/0180030009003.jpg?1575855454
http://www.mulawear.com/shop/shopdetail.html?branduid=496502&xcode=009&mcode=005&scode=009&type=Y&sort=manual&cur_code=009&GfDT=bml4W1RC,W,BOTTOM,http://cdn3-aka.makeshop.co.kr/shopimages/jo112/0180030009013.jpg?1575854717
http://www.mulawear.com/shop/shopdetail.html?branduid=496507&xcode=009&mcode=005&scode=009&type=Y&sort=manual&cur_code=009&GfDT=bm5%2FW1RD,W,BOTTOM,http://cdn3-aka.makeshop.co.kr/shopimages/jo112/0180030009063.jpg?1575854790
http://www.mulawear.com/shop/shopdetail.html?branduid=496500&xcode=009&mcode=005&scode=004&type=Y&sort=manual&cur_code=009&GfDT=bm5%2BW1RM,W,BOTTOM,http://cdn3-aka.makeshop.co.kr/shopimages/jo112/0180030008993.jpg?1575855220
http://www.mulawear.com/shop/shopdetail.html?branduid=496504&xcode=009&mcode=005&scode=003&type=Y&sort=manual&cur_code=009&GfDT=aWx3WVU%3D,W,BOTTOM,http://cdn3-aka.makeshop.co.kr/shopimages/jo112/0180030009033.jpg?1575854754
http://www.mulawear.com/shop/shopdetail.html?branduid=496506&xcode=009&mcode=005&scode=011&type=Y&sort=manual&cur_code=009&GfDT=aWl3WFw%3D,W,BOTTOM,http://cdn3-aka.makeshop.co.kr/shopimages/jo112/0180030009053.jpg?1575855241
http://www.mulawear.com/shop/shopdetail.html?branduid=496499&xcode=009&mcode=005&scode=007&type=Y&sort=manual&cur_code=009&GfDT=amx3WF0%3D,W,BOTTOM,http://cdn3-aka.makeshop.co.kr/shopimages/jo112/0180030008983.jpg?1575855205
http://www.mulawear.com/shop/shopdetail.html?branduid=496503&xcode=009&mcode=005&scode=009&type=Y&sort=manual&cur_code=009&GfDT=bmt7W1VG,W,BOTTOM,http://cdn3-aka.makeshop.co.kr/shopimages/jo112/0180030009023.jpg?1575854735
http://www.mulawear.com/shop/shopdetail.html?branduid=496653&xcode=009&mcode=005&scode=003&type=Y&sort=manual&cur_code=009&GfDT=Zmt3WF8%3D,W,BOTTOM,http://cdn3-aka.makeshop.co.kr/shopimages/jo112/0180030010043.jpg?1579158550
http://www.mulawear.com/shop/shopdetail.html?branduid=496015&xcode=009&mcode=006&scode=002&type=Y&sort=manual&cur_code=009&GfDT=Z293WFg%3D,W,BOTTOM,http://cdn3-aka.makeshop.co.kr/shopimages/jo112/0180030007883.jpg?1575944867
http://www.mulawear.com/shop/shopdetail.html?branduid=496013&xcode=009&mcode=005&scode=007&type=Y&sort=manual&cur_code=009&GfDT=bmt4W1VB,W,BOTTOM,http://cdn3-aka.makeshop.co.kr/shopimages/jo112/0180030007873.jpg?1575944177
http://www.mulawear.com/shop/shopdetail.html?branduid=496017&xcode=009&mcode=005&scode=003&type=Y&sort=manual&cur_code=009&GfDT=Z293WFo%3D,W,BOTTOM,http://cdn3-aka.makeshop.co.kr/shopimages/jo112/0180030007893.jpg?1575943220
http://www.mulawear.com/shop/shopdetail.html?branduid=496378&xcode=009&mcode=005&scode=006&type=Y&sort=manual&cur_code=009&GfDT=bml3WFs%3D,W,BOTTOM,http://cdn3-aka.makeshop.co.kr/shopimages/jo112/0180020006193.jpg?1575944039
http://www.mulawear.com/shop/shopdetail.html?branduid=496376&xcode=009&mcode=005&scode=009&type=Y&sort=manual&cur_code=009&GfDT=bm55W1VM,W,BOTTOM,http://cdn3-aka.makeshop.co.kr/shopimages/jo112/0180020006173.jpg?1575943846
http://www.mulawear.com/shop/shopdetail.html?branduid=496375&xcode=009&mcode=005&scode=003&type=Y&sort=manual&cur_code=009&GfDT=bm17W1VN,W,BOTTOM,http://cdn3-aka.makeshop.co.kr/shopimages/jo112/0180020006163.jpg?1575943764
http://www.mulawear.com/shop/shopdetail.html?branduid=496374&xcode=009&mcode=005&scode=004&type=Y&sort=manual&cur_code=009&GfDT=bGd3UQ%3D%3D,W,BOTTOM,http://cdn3-aka.makeshop.co.kr/shopimages/jo112/0180020006153.jpg?1575944176
http://www.mulawear.com/shop/shopdetail.html?branduid=496373&xcode=009&mcode=005&scode=008&type=Y&sort=manual&cur_code=009&GfDT=bWh3UA%3D%3D,W,BOTTOM,http://cdn3-aka.makeshop.co.kr/shopimages/jo112/0180020006143.jpg?1575943541
http://www.mulawear.com/shop/shopdetail.html?branduid=495929&xcode=009&mcode=005&scode=003&type=Y&sort=manual&cur_code=009&GfDT=Zmd3Uw%3D%3D,W,BOTTOM,http://cdn3-aka.makeshop.co.kr/shopimages/jo112/0180020005913.jpg?1579156843
http://www.mulawear.com/shop/shopdetail.html?branduid=496465&xcode=009&mcode=005&scode=008&type=Y&sort=manual&cur_code=009&GfDT=bm58W18%3D,W,BOTTOM,http://cdn3-aka.makeshop.co.kr/shopimages/jo112/0180020006203.jpg?1579166650
http://www.mulawear.com/shop/shopdetail.html?branduid=496466&xcode=009&mcode=005&scode=010&type=Y&sort=manual&cur_code=009&GfDT=bm11W1g%3D,W,BOTTOM,http://cdn3-aka.makeshop.co.kr/shopimages/jo112/0180020006213.jpg?1584332177
http://www.mulawear.com/shop/shopdetail.html?branduid=496467&xcode=009&mcode=005&scode=007&type=Y&sort=manual&cur_code=009&GfDT=bmx6W1k%3D,W,BOTTOM,http://cdn3-aka.makeshop.co.kr/shopimages/jo112/0180020006223.jpg?1579166357
http://www.mulawear.com/shop/shopdetail.html?branduid=496470&xcode=009&mcode=005&scode=005&type=Y&sort=manual&cur_code=009&GfDT=bGt3Vw%3D%3D,W,BOTTOM,http://cdn3-aka.makeshop.co.kr/shopimages/jo112/0180020006253.jpg?1579166336
http://www.mulawear.com/shop/shopdetail.html?branduid=496469&xcode=009&mcode=005&scode=006&type=Y&sort=manual&cur_code=009&GfDT=Zm13Vg%3D%3D,W,BOTTOM,http://cdn3-aka.makeshop.co.kr/shopimages/jo112/0180020006243.jpg?1579166319
http://www.mulawear.com/shop/shopdetail.html?branduid=496468&xcode=009&mcode=005&scode=011&type=Y&sort=manual&cur_code=009&GfDT=bml%2FW1Q%3D,W,BOTTOM,http://cdn3-aka.makeshop.co.kr/shopimages/jo112/0180020006233.jpg?1579166299
http://www.mulawear.com/shop/shopdetail.html?branduid=495963&xcode=009&mcode=005&scode=011&type=Y&sort=manual&cur_code=009&GfDT=bmV0,W,BOTTOM,http://cdn3-aka.makeshop.co.kr/shopimages/jo112/0180030010693.jpg?1575944899
http://www.mulawear.com/shop/shopdetail.html?branduid=496650&xcode=009&mcode=005&scode=009&type=Y&sort=manual&cur_code=009&GfDT=aG93UFw%3D,W,BOTTOM,http://cdn3-aka.makeshop.co.kr/shopimages/jo112/0180030010073.jpg?1579158678
http://www.mulawear.com/shop/shopdetail.html?branduid=496025&xcode=009&mcode=005&scode=010&type=Y&sort=manual&cur_code=009&GfDT=bmh3UF0%3D,W,BOTTOM,http://cdn3-aka.makeshop.co.kr/shopimages/jo112/0180030007933.jpg?1575943575
http://www.mulawear.com/shop/shopdetail.html?branduid=496421&xcode=009&mcode=005&scode=008&type=Y&sort=manual&cur_code=009&GfDT=bmh9W11G,W,BOTTOM,http://cdn3-aka.makeshop.co.kr/shopimages/jo112/0180030008693.jpg?1575856479
http://www.mulawear.com/shop/shopdetail.html?branduid=496011&xcode=009&mcode=005&scode=008&type=Y&sort=manual&cur_code=009&GfDT=amV8Ug%3D%3D,W,BOTTOM,http://cdn3-aka.makeshop.co.kr/shopimages/jo112/0180030007863.jpg?1575944255
http://www.mulawear.com/shop/shopdetail.html?branduid=496033&xcode=009&mcode=005&scode=003&type=Y&sort=manual&cur_code=009&GfDT=bmp9W11A,W,BOTTOM,http://cdn3-aka.makeshop.co.kr/shopimages/jo112/0180030007973.jpg?1575942857
http://www.mulawear.com/shop/shopdetail.html?branduid=496021&xcode=009&mcode=005&scode=005&type=Y&sort=manual&cur_code=009&GfDT=bmp6W11B,W,BOTTOM,http://cdn3-aka.makeshop.co.kr/shopimages/jo112/0180030007913.jpg?1575943683
http://www.mulawear.com/shop/shopdetail.html?branduid=496031&xcode=009&mcode=005&scode=001&type=Y&sort=manual&cur_code=009&GfDT=bm13UFo%3D,W,BOTTOM,http://cdn3-aka.makeshop.co.kr/shopimages/jo112/0180030007963.jpg?1575944032
http://www.mulawear.com/shop/shopdetail.html?branduid=496424&xcode=009&mcode=005&scode=003&type=Y&sort=manual&cur_code=009&GfDT=bml0W11D,W,BOTTOM,http://cdn3-aka.makeshop.co.kr/shopimages/jo112/0180030008713.jpg?1579164477
http://www.mulawear.com/shop/shopdetail.html?branduid=495961&xcode=009&mcode=005&scode=002&type=Y&sort=manual&cur_code=009&GfDT=aGh3UFQ%3D,W,BOTTOM,http://cdn3-aka.makeshop.co.kr/shopimages/jo112/0180030007653.jpg?1575944882
http://www.mulawear.com/shop/shopdetail.html?branduid=496027&xcode=009&mcode=005&scode=009&type=Y&sort=manual&cur_code=009&GfDT=aWV8WA%3D%3D,W,BOTTOM,http://cdn3-aka.makeshop.co.kr/shopimages/jo112/0180030007943.jpg?1575943477
http://www.mulawear.com/shop/shopdetail.html?branduid=496652&xcode=009&mcode=005&scode=009&type=Y&sort=manual&cur_code=009&GfDT=Z293U1w%3D,W,BOTTOM,http://cdn3-aka.makeshop.co.kr/shopimages/jo112/0180030010053.jpg?1579158733
http://www.mulawear.com/shop/shopdetail.html?branduid=496654&xcode=009&mcode=005&scode=001&type=Y&sort=manual&cur_code=009&GfDT=bml7W15F,W,BOTTOM,http://cdn3-aka.makeshop.co.kr/shopimages/jo112/0180030010033.jpg?1579158568
http://www.mulawear.com/shop/shopdetail.html?branduid=495955&xcode=009&mcode=006&scode=003&type=Y&sort=manual&cur_code=009&GfDT=a2h3U14%3D,W,BOTTOM,http://cdn3-aka.makeshop.co.kr/shopimages/jo112/0180030007623.jpg?1575944975
http://www.mulawear.com/shop/shopdetail.html?branduid=495951&xcode=009&mcode=005&scode=008&type=Y&sort=manual&cur_code=009&GfDT=bm9%2FW15H,W,BOTTOM,http://cdn3-aka.makeshop.co.kr/shopimages/jo112/0180030007603.jpg?1575944956
http://www.mulawear.com/shop/shopdetail.html?branduid=496399&xcode=009&mcode=005&scode=012&type=Y&sort=manual&cur_code=009&GfDT=aG93U1g%3D,W,BOTTOM,http://cdn3-aka.makeshop.co.kr/shopimages/jo112/0180030008633.jpg?1579165734
http://www.mulawear.com/shop/shopdetail.html?branduid=495957&xcode=009&mcode=005&scode=009&type=Y&sort=manual&cur_code=009&GfDT=a2d3U1k%3D,W,BOTTOM,http://cdn3-aka.makeshop.co.kr/shopimages/jo112/0180030007633.jpg?1575944918
http://www.mulawear.com/shop/shopdetail.html?branduid=496029&xcode=009&mcode=005&scode=005&type=Y&sort=manual&cur_code=009&GfDT=bG13U1o%3D,W,BOTTOM,http://cdn3-aka.makeshop.co.kr/shopimages/jo112/0180030007953.jpg?1575943071
http://www.mulawear.com/shop/shopdetail.html?branduid=495959&xcode=009&mcode=005&scode=005&type=Y&sort=manual&cur_code=009&GfDT=b2V%2FVg%3D%3D,W,BOTTOM,http://cdn3-aka.makeshop.co.kr/shopimages/jo112/0180030007643.jpg?1575944865
http://www.mulawear.com/shop/shopdetail.html?branduid=496396&xcode=009&mcode=005&scode=012&type=Y&sort=manual&cur_code=009&GfDT=Z2p3U1Q%3D,W,BOTTOM,http://cdn3-aka.makeshop.co.kr/shopimages/jo112/0180030008603.jpg?1579160639
http://www.mulawear.com/shop/shopdetail.html?branduid=496656&xcode=009&mcode=005&scode=009&type=Y&sort=manual&cur_code=009&GfDT=a2h3U1U%3D,W,BOTTOM,http://cdn3-aka.makeshop.co.kr/shopimages/jo112/0180030010013.jpg?1579158617
http://www.mulawear.com/shop/shopdetail.html?branduid=497581&xcode=009&mcode=005&scode=007&type=Y&sort=manual&cur_code=009&GfDT=bm13Ulw%3D,W,BOTTOM,http://cdn3-aka.makeshop.co.kr/shopimages/jo112/0180010002323.jpg?1587014597
http://www.mulawear.com/shop/shopdetail.html?branduid=497222&xcode=009&mcode=005&scode=008&type=Y&sort=manual&cur_code=009&GfDT=bm1%2BW19F,W,BOTTOM,http://cdn3-aka.makeshop.co.kr/shopimages/jo112/0180010002403.jpg?1583391713
http://www.mulawear.com/shop/shopdetail.html?branduid=497397&xcode=009&mcode=001&scode=001&type=Y&sort=manual&cur_code=009&GfDT=bWl3Ul4%3D,W,BOTTOM,http://cdn3-aka.makeshop.co.kr/shopimages/jo112/0180010002083.jpg?1585028267
http://www.mulawear.com/shop/shopdetail.html?branduid=497259&xcode=009&mcode=005&scode=009&type=Y&sort=manual&cur_code=009&GfDT=bm59W19H,W,BOTTOM,http://cdn3-aka.makeshop.co.kr/shopimages/jo112/0180010001953.jpg?1582701529
http://www.mulawear.com/shop/shopdetail.html?branduid=497249&xcode=009&mcode=003&scode=001&type=Y&sort=manual&cur_code=009&GfDT=bmt3Ulg%3D,W,BOTTOM,http://cdn3-aka.makeshop.co.kr/shopimages/jo112/0180040003403.jpg?1585790175
http://www.mulawear.com/shop/shopdetail.html?branduid=498122&xcode=009&mcode=004&scode=001&type=Y&sort=manual&cur_code=009&GfDT=bmp4W19B,W,BOTTOM,http://cdn3-aka.makeshop.co.kr/shopimages/jo112/0180030012693.jpg?1597278238
http://www.mulawear.com/shop/shopdetail.html?branduid=496583&xcode=009&mcode=001&scode=001&type=Y&sort=manual&cur_code=009&GfDT=bWl3Ulo%3D,W,BOTTOM,http://cdn3-aka.makeshop.co.kr/shopimages/jo112/0180010001783.jpg?1599799473
http://www.mulawear.com/shop/shopdetail.html?branduid=497517&xcode=009&mcode=001&scode=001&type=Y&sort=manual&cur_code=009&GfDT=a2d3Uls%3D,W,BOTTOM,http://cdn3-aka.makeshop.co.kr/shopimages/jo112/0180010002223.jpg?1586825251
http://www.mulawear.com/shop/shopdetail.html?branduid=497427&xcode=009&mcode=001&scode=001&type=Y&sort=manual&cur_code=009&GfDT=bWl3UlQ%3D,W,BOTTOM,http://cdn3-aka.makeshop.co.kr/shopimages/jo112/0180010002023.jpg?1584517561
http://www.mulawear.com/shop/shopdetail.html?branduid=497434&xcode=009&mcode=003&scode=001&type=Y&sort=manual&cur_code=009&GfDT=bmp3UlU%3D,W,BOTTOM,http://cdn3-aka.makeshop.co.kr/shopimages/jo112/0180040003343.jpg?1585026739
http://www.mulawear.com/shop/shopdetail.html?branduid=497399&xcode=009&mcode=001&scode=001&type=Y&sort=manual&cur_code=009&GfDT=bmV5UQ%3D%3D,W,BOTTOM,http://cdn3-aka.makeshop.co.kr/shopimages/jo112/0180010002063.jpg?1585028350
http://www.mulawear.com/shop/shopdetail.html?branduid=497433&xcode=009&mcode=004&scode=001&type=Y&sort=manual&cur_code=009&GfDT=a2d3VV0%3D,W,BOTTOM,http://cdn3-aka.makeshop.co.kr/shopimages/jo112/0180030011273.jpg?1584512292
http://www.mulawear.com/shop/shopdetail.html?branduid=497252&xcode=009&mcode=003&scode=001&type=Y&sort=manual&cur_code=009&GfDT=bGx3VV4%3D,W,BOTTOM,http://cdn3-aka.makeshop.co.kr/shopimages/jo112/0180040003263.jpg?1584002257
http://www.mulawear.com/shop/shopdetail.html?branduid=497255&xcode=009&mcode=003&scode=001&type=Y&sort=manual&cur_code=009&GfDT=bmh8W1hH,W,BOTTOM,http://cdn3-aka.makeshop.co.kr/shopimages/jo112/0180040003273.jpg?1586236528
http://www.mulawear.com/shop/shopdetail.html?branduid=497409&xcode=009&mcode=003&scode=001&type=Y&sort=manual&cur_code=009&GfDT=amt3VVg%3D,W,BOTTOM,http://cdn3-aka.makeshop.co.kr/shopimages/jo112/0180040003373.jpg?1585901015
http://www.mulawear.com/shop/shopdetail.html?branduid=497247&xcode=009&mcode=003&scode=001&type=Y&sort=manual&cur_code=009&GfDT=bmx4W1hB,W,BOTTOM,http://cdn3-aka.makeshop.co.kr/shopimages/jo112/0180040003253.jpg?1585789988
http://www.mulawear.com/shop/shopdetail.html?branduid=497215&xcode=009&mcode=003&scode=001&type=Y&sort=manual&cur_code=009&GfDT=bm96W1hC,W,BOTTOM,http://cdn3-aka.makeshop.co.kr/shopimages/jo112/0180040003213.jpg?1582876860
http://www.mulawear.com/shop/shopdetail.html?branduid=497435&xcode=009&mcode=003&scode=001&type=Y&sort=manual&cur_code=009&GfDT=aWl3VVs%3D,W,BOTTOM,http://cdn3-aka.makeshop.co.kr/shopimages/jo112/0180040003333.jpg?1585027054
http://www.mulawear.com/shop/shopdetail.html?branduid=497437&xcode=009&mcode=003&scode=001&type=Y&sort=manual&cur_code=009&GfDT=Z2x3VVQ%3D,W,BOTTOM,http://cdn3-aka.makeshop.co.kr/shopimages/jo112/0180040003313.jpg?1585027201
http://www.mulawear.com/shop/shopdetail.html?branduid=497261&xcode=009&mcode=005&scode=004&type=Y&sort=manual&cur_code=009&GfDT=bm53VVU%3D,W,BOTTOM,http://cdn3-aka.makeshop.co.kr/shopimages/jo112/0180010001933.jpg?1582701384
http://www.mulawear.com/shop/shopdetail.html?branduid=497262&xcode=009&mcode=005&scode=008&type=Y&sort=manual&cur_code=009&GfDT=aG13VFw%3D,W,BOTTOM,http://cdn3-aka.makeshop.co.kr/shopimages/jo112/0180010001923.jpg?1582701302
http://www.mulawear.com/shop/shopdetail.html?branduid=497248&xcode=009&mcode=003&scode=001&type=Y&sort=manual&cur_code=009&GfDT=bml5W1lF,W,BOTTOM,http://cdn3-aka.makeshop.co.kr/shopimages/jo112/0180040003243.jpg?1586332685
