,0,1,2,3,4,5
0,fila,man,bottom,https://www.fila.co.kr/product/view.asp?ProductNo=40137,79000,https://assets.styleship.com/fila/data/productimages/a/4/FS2FPC4B03X_MKH.jpg
0,fila,man,bottom,https://www.fila.co.kr/product/view.asp?ProductNo=40121,79000,https://assets.styleship.com/fila/data/productimages/a/4/FS2FPC4B04X_BEG.jpg
0,fila,man,bottom,https://www.fila.co.kr/product/view.asp?ProductNo=40106,79000,https://assets.styleship.com/fila/data/productimages/a/4/FS2FPC4B03X_BLK.jpg
0,fila,man,bottom,https://www.fila.co.kr/product/view.asp?ProductNo=40105,79000,https://assets.styleship.com/fila/data/productimages/a/4/FS2FPC4B04X_BLK.jpg
0,fila,man,bottom,https://www.fila.co.kr/product/view.asp?ProductNo=39704,69000,https://assets.styleship.com/fila/data/productimages/a/4/FS2WPC3E01X_BLK.jpg
0,fila,man,bottom,https://www.fila.co.kr/product/view.asp?ProductNo=39639,69000,https://assets.styleship.com/fila/data/productimages/a/4/FS2FPC3010X_DKH.jpg
0,fila,man,bottom,https://www.fila.co.kr/product/view.asp?ProductNo=39637,69000,https://assets.styleship.com/fila/data/productimages/a/4/FS2FPC3010X_BLK.jpg
0,fila,man,bottom,https://www.fila.co.kr/product/view.asp?ProductNo=39635,69000,https://assets.styleship.com/fila/data/productimages/a/4/FS2FPC3010X_CRM.jpg
0,fila,man,bottom,https://www.fila.co.kr/product/view.asp?ProductNo=39634,69000,https://assets.styleship.com/fila/data/productimages/a/4/FS2FPC3226X_SBE.jpg
0,fila,man,bottom,https://www.fila.co.kr/product/view.asp?ProductNo=39621,69000,https://assets.styleship.com/fila/data/productimages/a/4/FS2FPC3226X_CAN.jpg
0,fila,man,bottom,https://www.fila.co.kr/product/view.asp?ProductNo=39603,69000,https://assets.styleship.com/fila/data/productimages/a/4/FS2FPC3107X_OWH.jpg
0,fila,man,bottom,https://www.fila.co.kr/product/view.asp?ProductNo=39601,69000,https://assets.styleship.com/fila/data/productimages/a/4/FS2FPC3107X_BLK.jpg
0,fila,man,bottom,https://www.fila.co.kr/product/view.asp?ProductNo=39598,79000,https://assets.styleship.com/fila/data/productimages/a/4/FS2FPC3106X_BLK.jpg
0,fila,man,bottom,https://www.fila.co.kr/product/view.asp?ProductNo=39597,59000,https://assets.styleship.com/fila/data/productimages/a/4/FS2FPC3108X_LML.jpg
0,fila,man,bottom,https://www.fila.co.kr/product/view.asp?ProductNo=39589,79000,https://assets.styleship.com/fila/data/productimages/a/4/FS2FPC3106X_INA.jpg
0,fila,man,bottom,https://www.fila.co.kr/product/view.asp?ProductNo=39580,59000,https://assets.styleship.com/fila/data/productimages/a/4/FS2FPC3108X_BLK.jpg
0,fila,man,bottom,https://www.fila.co.kr/product/view.asp?ProductNo=39336,59000,https://assets.styleship.com/fila/data/productimages/a/4/FS2FPC4201M_BLK.jpg
0,fila,man,bottom,https://www.fila.co.kr/product/view.asp?ProductNo=39192,59000,https://assets.styleship.com/fila/data/productimages/a/4/FS2FPC3009X_INA.jpg
0,fila,man,bottom,https://www.fila.co.kr/product/view.asp?ProductNo=39191,49000,https://assets.styleship.com/fila/data/productimages/a/4/FS2FPC3101X_LML.jpg
0,fila,man,bottom,https://www.fila.co.kr/product/view.asp?ProductNo=39190,49000,https://assets.styleship.com/fila/data/productimages/a/4/FS2FPC3102X_LML.jpg
0,fila,man,bottom,https://www.fila.co.kr/product/view.asp?ProductNo=39188,59000,https://assets.styleship.com/fila/data/productimages/a/4/FS2FPC3009X_OWH.jpg
0,fila,man,bottom,https://www.fila.co.kr/product/view.asp?ProductNo=39187,49000,https://assets.styleship.com/fila/data/productimages/a/4/FS2FPC3102X_BLK.jpg
0,fila,man,bottom,https://www.fila.co.kr/product/view.asp?ProductNo=39185,59000,https://assets.styleship.com/fila/data/productimages/a/4/FS2FPC3009X_BLK.jpg
0,fila,man,bottom,https://www.fila.co.kr/product/view.asp?ProductNo=39184,49000,https://assets.styleship.com/fila/data/productimages/a/4/FS2FPC3101X_BLK.jpg
0,fila,man,bottom,https://www.fila.co.kr/product/view.asp?ProductNo=39183,49000,https://assets.styleship.com/fila/data/productimages/a/4/FS2FPC3102X_DNA.jpg
0,fila,man,bottom,https://www.fila.co.kr/product/view.asp?ProductNo=38215,59000,https://assets.styleship.com/fila/data/productimages/a/4/FS2FPC2204X_EPK.jpg
0,fila,man,bottom,https://www.fila.co.kr/product/view.asp?ProductNo=38165,59000,https://assets.styleship.com/fila/data/productimages/a/4/FS2FPC2204X_OWH.jpg
0,fila,man,bottom,https://www.fila.co.kr/product/view.asp?ProductNo=38162,69000,https://assets.styleship.com/fila/data/productimages/a/4/FS2FPC2205X_INA.jpg
0,fila,man,bottom,https://www.fila.co.kr/product/view.asp?ProductNo=38159,59000,https://assets.styleship.com/fila/data/productimages/a/4/FS2FPC2204X_BLK.jpg
0,fila,man,bottom,https://www.fila.co.kr/product/view.asp?ProductNo=38093,69000,https://assets.styleship.com/fila/data/productimages/a/4/FS2FPC1110X_FGR.jpg
0,fila,man,bottom,https://www.fila.co.kr/product/view.asp?ProductNo=38088,69000,https://assets.styleship.com/fila/data/productimages/a/4/FS2FPC1110X_BLK.jpg
0,fila,man,bottom,https://www.fila.co.kr/product/view.asp?ProductNo=37822,59000,https://assets.styleship.com/fila/data/productimages/a/4/FS2FPC2203X_INA.jpg
0,fila,man,bottom,https://www.fila.co.kr/product/view.asp?ProductNo=37374,69000,https://assets.styleship.com/fila/data/productimages/a/4/FS2FPC1121X_INA.jpg
0,fila,man,bottom,https://www.fila.co.kr/product/view.asp?ProductNo=37234,69000,https://assets.styleship.com/fila/data/productimages/a/4/FS2FPC2206X_INA.jpg
0,fila,man,bottom,https://www.fila.co.kr/product/view.asp?ProductNo=37215,69000,https://assets.styleship.com/fila/data/productimages/a/4/FS2FPC1120X_INA.jpg
0,fila,man,bottom,https://www.fila.co.kr/product/view.asp?ProductNo=37212,69000,https://assets.styleship.com/fila/data/productimages/a/4/FS2FPC1120X_OWH.jpg
0,fila,man,bottom,https://www.fila.co.kr/product/view.asp?ProductNo=37210,69000,https://assets.styleship.com/fila/data/productimages/a/4/FS2FPC1120X_BLK.jpg
0,fila,man,bottom,https://www.fila.co.kr/product/view.asp?ProductNo=36736,49000,https://assets.styleship.com/fila/data/productimages/a/4/FS2FPC1107X_BLK.jpg
0,fila,man,bottom,https://www.fila.co.kr/product/view.asp?ProductNo=36734,59000,https://assets.styleship.com/fila/data/productimages/a/4/FS2FPC2201M_BLK.jpg
0,fila,man,bottom,https://www.fila.co.kr/product/view.asp?ProductNo=36724,49000,https://assets.styleship.com/fila/data/productimages/a/4/FS2FPC1107X_INA.jpg
0,fila,man,bottom,https://www.fila.co.kr/product/view.asp?ProductNo=36706,49000,https://assets.styleship.com/fila/data/productimages/a/4/FS2FPC2202M_BLK.jpg
0,fila,man,bottom,https://www.fila.co.kr/product/view.asp?ProductNo=36465,49000,https://assets.styleship.com/fila/data/productimages/a/4/FS2FPC1101X_LML.jpg
0,fila,man,bottom,https://www.fila.co.kr/product/view.asp?ProductNo=36459,59000,https://assets.styleship.com/fila/data/productimages/a/4/FS2FPC1111X_OWH.jpg
0,fila,man,bottom,https://www.fila.co.kr/product/view.asp?ProductNo=36436,59000,https://assets.styleship.com/fila/data/productimages/a/4/FS2FPC1111X_BLK.jpg
0,fila,man,bottom,https://www.fila.co.kr/product/view.asp?ProductNo=36418,49000,https://assets.styleship.com/fila/data/productimages/a/4/FS2FPC1101X_BLK.jpg
0,fila,man,bottom,https://www.fila.co.kr/product/view.asp?ProductNo=36415,49000,https://assets.styleship.com/fila/data/productimages/a/4/FS2FPC1102X_INA.jpg
0,fila,man,bottom,https://www.fila.co.kr/product/view.asp?ProductNo=36413,49000,https://assets.styleship.com/fila/data/productimages/a/4/FS2FPC1102X_ROR.jpg
0,fila,man,bottom,https://www.fila.co.kr/product/view.asp?ProductNo=36411,59000,https://assets.styleship.com/fila/data/productimages/a/4/FS2FPC1111X_INA.jpg
0,fila,man,bottom,https://www.fila.co.kr/product/view.asp?ProductNo=36350,79000,https://assets.styleship.com/fila/data/productimages/a/4/FS2WPC2201M_BLK.jpg
0,fila,man,bottom,https://www.fila.co.kr/product/view.asp?ProductNo=36340,89000,https://assets.styleship.com/fila/data/productimages/a/4/FS2WPC1201X_BLK.jpg
0,fila,man,bottom,https://www.fila.co.kr/product/view.asp?ProductNo=36284,69000,https://assets.styleship.com/fila/data/productimages/a/4/FS2FPC1301M_INA.jpg
0,fila,man,bottom,https://www.fila.co.kr/product/view.asp?ProductNo=36272,69000,https://assets.styleship.com/fila/data/productimages/a/4/FS2FPC1113X_LGY.jpg
0,fila,man,bottom,https://www.fila.co.kr/product/view.asp?ProductNo=36269,69000,https://assets.styleship.com/fila/data/productimages/a/4/FS2FPC1301M_OWH.jpg
0,fila,man,bottom,https://www.fila.co.kr/product/view.asp?ProductNo=36257,69000,https://assets.styleship.com/fila/data/productimages/a/4/FS2FPC1113X_OWH.jpg
0,fila,man,bottom,https://www.fila.co.kr/product/view.asp?ProductNo=36244,69000,https://assets.styleship.com/fila/data/productimages/a/4/FS2FPC1113X_INA.jpg
0,fila,man,bottom,https://www.fila.co.kr/product/view.asp?ProductNo=36169,69000,https://assets.styleship.com/fila/data/productimages/a/4/FS2FPC1103X_INA.jpg
0,fila,man,bottom,https://www.fila.co.kr/product/view.asp?ProductNo=36165,69000,https://assets.styleship.com/fila/data/productimages/a/4/FS2FPC1103X_OWH.jpg
0,fila,man,bottom,https://www.fila.co.kr/product/view.asp?ProductNo=36149,79000,https://assets.styleship.com/fila/data/productimages/a/4/FS2FPC1106X_BLK.jpg
0,fila,man,bottom,https://www.fila.co.kr/product/view.asp?ProductNo=36148,59000,https://assets.styleship.com/fila/data/productimages/a/4/FS2FPC1114X_BLK.jpg
0,fila,man,bottom,https://www.fila.co.kr/product/view.asp?ProductNo=36136,79000,https://assets.styleship.com/fila/data/productimages/a/4/FS2FPC1106X_INA.jpg
0,fila,man,bottom,https://www.fila.co.kr/product/view.asp?ProductNo=36124,69000,https://assets.styleship.com/fila/data/productimages/a/4/FS2FPC1112X_BLK.jpg
0,fila,man,bottom,https://www.fila.co.kr/product/view.asp?ProductNo=36109,69000,https://assets.styleship.com/fila/data/productimages/a/4/FS2FPC1105X_INA.jpg
0,fila,man,bottom,https://www.fila.co.kr/product/view.asp?ProductNo=36078,49000,https://assets.styleship.com/fila/data/productimages/a/4/FS2FPC1201X_BLK.jpg
0,fila,man,bottom,https://www.fila.co.kr/product/view.asp?ProductNo=36077,49000,https://assets.styleship.com/fila/data/productimages/a/4/FS2FPC1202X_BLK.jpg
0,fila,man,bottom,https://www.fila.co.kr/product/view.asp?ProductNo=36062,49000,https://assets.styleship.com/fila/data/productimages/a/4/FS2FPC1201X_INA.jpg
0,fila,man,bottom,https://www.fila.co.kr/product/view.asp?ProductNo=36055,69000,https://assets.styleship.com/fila/data/productimages/a/4/FS2FPC1104X_INA.jpg
0,fila,man,bottom,https://www.fila.co.kr/product/view.asp?ProductNo=36047,49000,https://assets.styleship.com/fila/data/productimages/a/4/FS2FPC1201X_VAA.jpg
0,fila,man,bottom,https://www.fila.co.kr/product/view.asp?ProductNo=39915,79000,https://assets.styleship.com/fila/data/productimages/a/4/FS2FPC4202M_INA.jpg
0,fila,man,bottom,https://www.fila.co.kr/product/view.asp?ProductNo=39902,79000,https://assets.styleship.com/fila/data/productimages/a/4/FS2FPC4202M_BLK.jpg
0,fila,man,bottom,https://www.fila.co.kr/product/view.asp?ProductNo=39901,59000,https://assets.styleship.com/fila/data/productimages/a/4/FS2FPC4102X_BLK.jpg
0,fila,man,bottom,https://www.fila.co.kr/product/view.asp?ProductNo=39776,49000,https://assets.styleship.com/fila/data/productimages/a/4/FS2FPC4101X_LML.jpg
0,fila,man,bottom,https://www.fila.co.kr/product/view.asp?ProductNo=39752,49000,https://assets.styleship.com/fila/data/productimages/a/4/FS2FPC4101X_BLK.jpg
0,fila,man,bottom,https://www.fila.co.kr/product/view.asp?ProductNo=39644,79000,https://assets.styleship.com/fila/data/productimages/a/4/FS2FPC4103X_DRD.jpg
0,fila,man,bottom,https://www.fila.co.kr/product/view.asp?ProductNo=39641,79000,https://assets.styleship.com/fila/data/productimages/a/4/FS2FPC4103X_ICG.jpg
0,fila,man,bottom,https://www.fila.co.kr/product/view.asp?ProductNo=36722,59000,https://assets.styleship.com/fila/data/productimages/a/4/FS2FPC2201M_INA.jpg
0,fila,man,bottom,https://www.fila.co.kr/product/view.asp?ProductNo=36463,49000,https://assets.styleship.com/fila/data/productimages/a/4/FS2FPC1102X_LML.jpg
0,fila,man,bottom,https://www.fila.co.kr/product/view.asp?ProductNo=36461,59000,https://assets.styleship.com/fila/data/productimages/a/4/FS2FPC1108X_INA.jpg
0,fila,man,bottom,https://www.fila.co.kr/product/view.asp?ProductNo=36440,49000,https://assets.styleship.com/fila/data/productimages/a/4/FS2FPC1102X_BLK.jpg
0,fila,man,bottom,https://www.fila.co.kr/product/view.asp?ProductNo=36438,49000,https://assets.styleship.com/fila/data/productimages/a/4/FS2FPC1102X_NBE.jpg
0,fila,man,bottom,https://www.fila.co.kr/product/view.asp?ProductNo=36242,59000,https://assets.styleship.com/fila/data/productimages/a/4/FS2FPC1114X_OWH.jpg
0,fila,man,bottom,https://www.fila.co.kr/product/view.asp?ProductNo=38540,59000,https://assets.styleship.com/fila/data/productimages/a/4/FS2TRC2T02M_YEW.jpg
0,fila,man,bottom,https://www.fila.co.kr/product/view.asp?ProductNo=38179,49000,https://assets.styleship.com/fila/data/productimages/a/4/FS2TRC2302M_INA.jpg
0,fila,man,bottom,https://www.fila.co.kr/product/view.asp?ProductNo=38033,59000,https://assets.styleship.com/fila/data/productimages/a/4/FS2TRC2A01M_BLK.jpg
0,fila,man,bottom,https://www.fila.co.kr/product/view.asp?ProductNo=38032,59000,https://assets.styleship.com/fila/data/productimages/a/4/FS2TRC2A02M_YEW.jpg
0,fila,man,bottom,https://www.fila.co.kr/product/view.asp?ProductNo=38031,59000,https://assets.styleship.com/fila/data/productimages/a/4/FS2TRC2A01M_PBL.jpg
0,fila,man,bottom,https://www.fila.co.kr/product/view.asp?ProductNo=37826,49000,https://assets.styleship.com/fila/data/productimages/a/4/FS2TRC2301M_INA.jpg
0,fila,man,bottom,https://www.fila.co.kr/product/view.asp?ProductNo=37824,49000,https://assets.styleship.com/fila/data/productimages/a/4/FS2TRC2301M_OWH.jpg
0,fila,man,bottom,https://www.fila.co.kr/product/view.asp?ProductNo=37821,55000,https://assets.styleship.com/fila/data/productimages/a/4/FS2TRC2206X_INA.jpg
0,fila,man,bottom,https://www.fila.co.kr/product/view.asp?ProductNo=37818,55000,https://assets.styleship.com/fila/data/productimages/a/4/FS2TRC2206X_ORE.jpg
0,fila,man,bottom,https://www.fila.co.kr/product/view.asp?ProductNo=37802,45000,https://assets.styleship.com/fila/data/productimages/a/4/FS2TRC2132X_NBE.jpg
0,fila,man,bottom,https://www.fila.co.kr/product/view.asp?ProductNo=37801,39000,https://assets.styleship.com/fila/data/productimages/a/4/FS2TRC2133X_LBE.jpg
0,fila,man,bottom,https://www.fila.co.kr/product/view.asp?ProductNo=37800,45000,https://assets.styleship.com/fila/data/productimages/a/4/FS2TRC2105X_BLK.jpg
0,fila,man,bottom,https://www.fila.co.kr/product/view.asp?ProductNo=37798,45000,https://assets.styleship.com/fila/data/productimages/a/4/FS2TRC2132X_NGR.jpg
0,fila,man,bottom,https://www.fila.co.kr/product/view.asp?ProductNo=37493,49000,https://assets.styleship.com/fila/data/productimages/a/4/FS2TRC2104X_OWH.jpg
0,fila,man,bottom,https://www.fila.co.kr/product/view.asp?ProductNo=37491,49000,https://assets.styleship.com/fila/data/productimages/a/4/FS2TRC2104X_BLK.jpg
0,fila,man,bottom,https://www.fila.co.kr/product/view.asp?ProductNo=37236,45000,https://assets.styleship.com/fila/data/productimages/a/4/FS2TRC2204X_BLK.jpg
0,fila,man,bottom,https://www.fila.co.kr/product/view.asp?ProductNo=37232,45000,https://assets.styleship.com/fila/data/productimages/a/4/FS2TRC2201X_BLK.jpg
0,fila,man,bottom,https://www.fila.co.kr/product/view.asp?ProductNo=37231,45000,https://assets.styleship.com/fila/data/productimages/a/4/FS2TRC2204X_MMA.jpg
0,fila,man,bottom,https://www.fila.co.kr/product/view.asp?ProductNo=37230,45000,https://assets.styleship.com/fila/data/productimages/a/4/FS2TRC2201X_INA.jpg
0,fila,man,bottom,https://www.fila.co.kr/product/view.asp?ProductNo=36963,49000,https://assets.styleship.com/fila/data/productimages/a/4/FE2TRC5301X_BLK.jpg
0,fila,man,bottom,https://www.fila.co.kr/product/view.asp?ProductNo=36960,49000,https://assets.styleship.com/fila/data/productimages/a/4/FE2TRC5131X_DGY.jpg
0,fila,man,bottom,https://www.fila.co.kr/product/view.asp?ProductNo=36840,49000,https://assets.styleship.com/fila/data/productimages/a/4/FS2TRC2207X_NAY.jpg
0,fila,man,bottom,https://www.fila.co.kr/product/view.asp?ProductNo=36828,59000,https://assets.styleship.com/fila/data/productimages/a/4/FS2TRC2136X_INA.jpg
0,fila,man,bottom,https://www.fila.co.kr/product/view.asp?ProductNo=36820,49000,https://assets.styleship.com/fila/data/productimages/a/4/FS2TRC2103X_PBL.jpg
0,fila,man,bottom,https://www.fila.co.kr/product/view.asp?ProductNo=36819,49000,https://assets.styleship.com/fila/data/productimages/a/4/FS2TRC2135X_DOV.jpg
0,fila,man,bottom,https://www.fila.co.kr/product/view.asp?ProductNo=36818,49000,https://assets.styleship.com/fila/data/productimages/a/4/FS2TRC2103X_LBE.jpg
0,fila,man,bottom,https://www.fila.co.kr/product/view.asp?ProductNo=36817,49000,https://assets.styleship.com/fila/data/productimages/a/4/FS2TRC2135X_INA.jpg
0,fila,man,bottom,https://www.fila.co.kr/product/view.asp?ProductNo=36816,49000,https://assets.styleship.com/fila/data/productimages/a/4/FS2TRC2103X_OWH.jpg
0,fila,man,bottom,https://www.fila.co.kr/product/view.asp?ProductNo=36815,49000,https://assets.styleship.com/fila/data/productimages/a/4/FS2TRC2135X_LKH.jpg
0,fila,man,bottom,https://www.fila.co.kr/product/view.asp?ProductNo=36813,39000,https://assets.styleship.com/fila/data/productimages/a/4/FS2TRC2202M_BLK.jpg
0,fila,man,bottom,https://www.fila.co.kr/product/view.asp?ProductNo=36810,39000,https://assets.styleship.com/fila/data/productimages/a/4/FS2TRC2202M_PBL.jpg
0,fila,man,bottom,https://www.fila.co.kr/product/view.asp?ProductNo=36807,49000,https://assets.styleship.com/fila/data/productimages/a/4/FS2TRC2134X_DRD.jpg
0,fila,man,bottom,https://www.fila.co.kr/product/view.asp?ProductNo=36805,49000,https://assets.styleship.com/fila/data/productimages/a/4/FS2TRC2134X_YEW.jpg
0,fila,man,bottom,https://www.fila.co.kr/product/view.asp?ProductNo=36751,49000,https://assets.styleship.com/fila/data/productimages/a/4/FE2TRC5121X_LBE.jpg
0,fila,man,bottom,https://www.fila.co.kr/product/view.asp?ProductNo=36742,49000,https://assets.styleship.com/fila/data/productimages/a/4/FE2TRC5121X_BLK.jpg
0,fila,man,bottom,https://www.fila.co.kr/product/view.asp?ProductNo=36344,49000,https://assets.styleship.com/fila/data/productimages/a/4/FS2TRC2101X_INA.jpg
0,fila,man,bottom,https://www.fila.co.kr/product/view.asp?ProductNo=36342,49000,https://assets.styleship.com/fila/data/productimages/a/4/FS2TRC2101X_VAA.jpg
0,fila,man,bottom,https://www.fila.co.kr/product/view.asp?ProductNo=36335,49000,https://assets.styleship.com/fila/data/productimages/a/4/FS2TRC2101X_LML.jpg
0,fila,man,bottom,https://www.fila.co.kr/product/view.asp?ProductNo=36329,49000,https://assets.styleship.com/fila/data/productimages/a/4/FS2TRC2101X_BLK.jpg
0,fila,man,bottom,https://www.fila.co.kr/product/view.asp?ProductNo=36327,49000,https://assets.styleship.com/fila/data/productimages/a/4/FS2TRC2101X_SAN.jpg
0,fila,man,bottom,https://www.fila.co.kr/product/view.asp?ProductNo=38034,59000,https://assets.styleship.com/fila/data/productimages/a/4/FS2TRC2A02M_INA.jpg
0,fila,man,bottom,https://www.fila.co.kr/product/view.asp?ProductNo=37805,45000,https://assets.styleship.com/fila/data/productimages/a/4/FS2TRC2132X_BLK.jpg
0,fila,man,bottom,https://www.fila.co.kr/product/view.asp?ProductNo=37804,39000,https://assets.styleship.com/fila/data/productimages/a/4/FS2TRC2133X_BLK.jpg
0,fila,man,bottom,https://www.fila.co.kr/product/view.asp?ProductNo=37803,39000,https://assets.styleship.com/fila/data/productimages/a/4/FS2TRC2131X_LBE.jpg
0,fila,man,bottom,https://www.fila.co.kr/product/view.asp?ProductNo=37799,39000,https://assets.styleship.com/fila/data/productimages/a/4/FS2TRC2131X_SAN.jpg
0,fila,man,bottom,https://www.fila.co.kr/product/view.asp?ProductNo=37797,39000,https://assets.styleship.com/fila/data/productimages/a/4/FS2TRC2131X_BLK.jpg
