,0,1,2,3
0,nike,https://www.nike.com//kr/ko_kr/t/women/ap/women-training/CV3657-555/vxmx40/as-w-nk-indy-luxe-lace-bra,"49,000 원",https://static-breeze.nike.co.kr/kr/ko_kr/cmsstatic/product/CV3657-555/b7e18de4-1969-4dd5-8b7d-1d3414e385e5_primary.jpg?browse
1,nike,https://www.nike.com//kr/ko_kr/t/women/ap/women-training/CJ5876-564/eqyc18/as-nike-indy-seamless-bra,"45,000 원",https://static-breeze.nike.co.kr/kr/ko_kr/cmsstatic/product/CJ5876-564/6b62d6f8-e1bd-49f3-a9c0-0c5047e8b5f8_primary.jpg?browse
2,nike,https://www.nike.com//kr/ko_kr/t/women/ap/women-training/CT3792-010/hxhh19/as-w-nk-swoosh-icnclsh-shmr,"49,000 원",https://static-breeze.nike.co.kr/kr/ko_kr/cmsstatic/product/CT3792-010/42939070-732a-4dd0-bd12-039852dbe8b1_primary.jpg?browse
3,nike,https://www.nike.com//kr/ko_kr/t/women/ap/women-training/BQ0973-010/xksh84/nike-swoosh-plus-size-bra,"35,000 원",https://static-breeze.nike.co.kr/kr/ko_kr/cmsstatic/product/BQ0973-010/3264e413-d54c-405a-a2a0-37447e953d57_primary.jpg?browse
4,nike,https://www.nike.com//kr/ko_kr/t/women/ap/women-training/CT3494-010/jviw20/as-w-nk-swsh-bd-icnclsh-m-aop,"45,000 원",https://static-breeze.nike.co.kr/kr/ko_kr/cmsstatic/product/CT3494-010/95dfa674-2401-476a-8c84-a33e6514cde2_primary.jpg?browse
5,nike,https://www.nike.com//kr/ko_kr/t/women/ap/women-training/CT3784-010/axym36/as-w-nk-indy-icnclsh-shimmer,"45,000 원",https://static-breeze.nike.co.kr/kr/ko_kr/cmsstatic/product/CT3784-010/1b7fba7b-9216-4519-a2e8-a95ab4efec4e_primary.jpg?browse
6,nike,https://www.nike.com//kr/ko_kr/t/women/ap/women-training/AQ0141-564/morp94/as-nike-indy-luxe-bra,"59,000 원",https://static-breeze.nike.co.kr/kr/ko_kr/cmsstatic/product/AQ0141-564/704e125b-a01c-4282-b259-275a843a925c_primary.jpg?browse
7,nike,https://www.nike.com//kr/ko_kr/t/women/ap/women-training/CV3657-397/hros55/as-w-nk-indy-luxe-lace-bra,"49,000 원",https://static-breeze.nike.co.kr/kr/ko_kr/cmsstatic/product/CV3657-397/8de76bb1-ac63-4376-a746-8a81acc6bc3f_primary.jpg?browse
8,nike,https://www.nike.com//kr/ko_kr/t/women/ap/women-training/CV3657-010/qgim44/as-w-nk-indy-luxe-lace-bra,"49,000 원",https://static-breeze.nike.co.kr/kr/ko_kr/cmsstatic/product/CV3657-010/5eebc7c7-67d6-4924-9a1f-101334067d3e_primary.jpg?browse
9,nike,https://www.nike.com//kr/ko_kr/t/women/ap/women-training/CT3792-750/ntko18/as-w-nk-swoosh-icnclsh-shmr,"49,000 원",https://static-breeze.nike.co.kr/kr/ko_kr/cmsstatic/product/CT3792-750/343597e2-998a-4b2f-9a24-a08fc21d313b_primary.jpg?browse
10,nike,https://www.nike.com//kr/ko_kr/t/women/ap/women-training/CU7388-663/gqft25/as-nike-indy-ultrabreathe,"65,000 원",https://static-breeze.nike.co.kr/kr/ko_kr/cmsstatic/product/CU7388-663/aeeedb9a-8d5a-44ae-acba-0adeefa81a9d_primary.jpg?browse
11,nike,https://www.nike.com//kr/ko_kr/t/women/ap/women-training/CU7373-433/ehcs12/as-nike-swoosh-icnclsh-bra-prt,"45,000 원",https://static-breeze.nike.co.kr/kr/ko_kr/cmsstatic/product/CU7373-433/4984e7f2-130e-460f-9f88-3e3eeca1b436_primary.jpg?browse
12,nike,https://www.nike.com//kr/ko_kr/t/women/ap/women-training/CT3765-516/ufqr95/as-w-nk-indy-pro-cn-long-line,"55,000 원",https://static-breeze.nike.co.kr/kr/ko_kr/cmsstatic/product/CT3765-516/0566149d-ab49-4438-861a-14dae3c77ca2_primary.jpg?browse
13,nike,https://www.nike.com//kr/ko_kr/t/women/ap/women-training/CU7369-010/xpot72/as-nike-swoosh-nk-air-bra-prt,"49,000 원",https://static-breeze.nike.co.kr/kr/ko_kr/cmsstatic/product/CU7369-010/94d46a17-3768-4ba4-a57a-a6a3d58cd065_primary.jpg?browse
14,nike,https://www.nike.com//kr/ko_kr/t/women/ap/women-training/AQ0141-681/iudb87/as-nike-indy-luxe-bra,"59,000 원",https://static-breeze.nike.co.kr/kr/ko_kr/cmsstatic/product/AQ0141-681/bd3ad66a-5e2b-41cc-be09-a15db45fa34f_primary.jpg?browse
15,nike,https://www.nike.com//kr/ko_kr/t/women/ap/women-training/CT3788-010/oxif95/as-nike-swoosh-band-icnclsh-b,"45,000 원",https://static-breeze.nike.co.kr/kr/ko_kr/cmsstatic/product/CT3788-010/e623c15d-8cb9-4095-bdb9-c8165732ed6d_primary.jpg?browse
16,nike,https://www.nike.com//kr/ko_kr/t/women/ap/women-training/CT3788-434/dpcz67/as-nike-swoosh-band-icnclsh-b,"45,000 원",https://static-breeze.nike.co.kr/kr/ko_kr/cmsstatic/product/CT3788-434/362561a1-5111-45a5-aafa-ae01b0579d01_primary.jpg?browse
17,nike,https://www.nike.com//kr/ko_kr/t/women/ap/women-training/BV3644-684/djaf26/as-nike-swoosh-futura-bra,"39,000 원",https://static-breeze.nike.co.kr/kr/ko_kr/cmsstatic/product/BV3644-684/10809ed0-427b-44ff-9dc8-0e474e7a2e0d_primary.jpg?browse
18,nike,https://www.nike.com//kr/ko_kr/t/women/ap/women-training/CU7509-010/kjlv11/as-nike-alpha-ultrabreathe-bra,"79,000 원",https://static-breeze.nike.co.kr/kr/ko_kr/cmsstatic/product/CU7509-010/34f49d79-6ecc-4393-8dfa-59dcea5b11cf_primary.jpg?browse
19,nike,https://www.nike.com//kr/ko_kr/t/women/ap/women-training/CU7388-010/wpvo76/as-nike-indy-ultrabreathe,"65,000 원",https://static-breeze.nike.co.kr/kr/ko_kr/cmsstatic/product/CU7388-010/d721b3de-cb3a-4806-ba89-5b357689fb41_primary.jpg?browse
20,nike,https://www.nike.com//kr/ko_kr/t/women/ap/women-training/CU7509-663/bfeq46/as-nike-alpha-ultrabreathe-bra,"79,000 원",https://static-breeze.nike.co.kr/kr/ko_kr/cmsstatic/product/CU7509-663/199f4f45-cf4f-4116-b18f-b00756723a5a_primary.jpg?browse
21,nike,https://www.nike.com//kr/ko_kr/t/women/ap/women-training/BV3644-011/phws36/as-nike-swoosh-futura-bra,"39,000 원",https://static-breeze.nike.co.kr/kr/ko_kr/cmsstatic/product/BV3644-011/38d4c3aa-ff6a-49d9-86c8-60a2289b348f_primary.jpg?browse
22,nike,https://www.nike.com//kr/ko_kr/t/women/ap/women-training/878615-013/arqw21/as-nike-indy-bra,"35,000 원",https://static-breeze.nike.co.kr/kr/ko_kr/cmsstatic/product/878615-013/503bcea3-bdd5-4ce9-873c-ee4afbd6ef8e_primary.jpg?browse
23,nike,https://www.nike.com//kr/ko_kr/t/women/ap/women-training/CJ0150-663/mcze60/as-nike-swoosh-ultrabreathe,"75,000 원",https://static-breeze.nike.co.kr/kr/ko_kr/cmsstatic/product/CJ0150-663/c9470e1d-970b-4222-864b-477c5eef01e5_primary.jpg?browse
24,nike,https://www.nike.com//kr/ko_kr/t/women/ap/women-training/CJ0545-685/pyht75/as-nike-swoosh-luxe-bra,"65,000 원",https://static-breeze.nike.co.kr/kr/ko_kr/cmsstatic/product/CJ0545-685/1a81594c-7005-4a24-96d5-33f45f41238a_primary.jpg?browse
25,nike,https://www.nike.com//kr/ko_kr/t/women/ap/women-training/CJ5876-671/uvna87/as-nike-indy-seamless-bra,"45,000 원",https://static-breeze.nike.co.kr/kr/ko_kr/cmsstatic/product/CJ5876-671/2fd632d6-446c-4f89-8214-fb21aab800f2_primary.jpg?browse
26,nike,https://www.nike.com//kr/ko_kr/t/women/ap/women-training/CJ0707-010/nldr48/as-nike-swoosh-icnclsh-bra,"45,000 원",https://static-breeze.nike.co.kr/kr/ko_kr/cmsstatic/product/CJ0707-010/93bcbf0e-f921-483b-baeb-e525ff3938a9_primary.jpg?browse
27,nike,https://www.nike.com//kr/ko_kr/t/women/ap/women-training/BV3524-601/xamw74/as-nike-indy-icnclsh-tog-bra,"49,000 원",https://static-breeze.nike.co.kr/kr/ko_kr/cmsstatic/product/BV3524-601/63fd3d0f-f2ff-4d96-9e7f-745ab5bc4d98_primary.jpg?browse
28,nike,https://www.nike.com//kr/ko_kr/t/women/ap/women-training/CJ5941-010/gujq42/as-nike-indy-bra-shdw-strpe,"45,000 원",https://static-breeze.nike.co.kr/kr/ko_kr/cmsstatic/product/CJ5941-010/37cf8e8e-4975-4022-825a-d7f4d869b16e_primary.jpg?browse
29,nike,https://www.nike.com//kr/ko_kr/t/women/ap/women-training/BV3637-614/fevq99/as-nike-swoosh-bra-pad,"39,000 원",https://static-breeze.nike.co.kr/kr/ko_kr/cmsstatic/product/BV3637-614/06632742-4848-404f-9975-276ec946a3ed_primary.jpg?browse
30,nike,https://www.nike.com//kr/ko_kr/t/women/ap/women-training/CJ0558-110/cfbt61/as-nike-seamless-icnclsh-b,"65,000 원",https://static-breeze.nike.co.kr/kr/ko_kr/cmsstatic/product/CJ0558-110/95f5ef3f-b23b-4c4e-9903-5143c29fdd7c_primary.jpg?browse
31,nike,https://www.nike.com//kr/ko_kr/t/women/ap/women-training/CJ0150-532/vdvy44/as-nike-swoosh-ultrabreathe,"75,000 원",https://static-breeze.nike.co.kr/kr/ko_kr/cmsstatic/product/CJ0150-532/e8aa0dd4-b868-484f-85ca-8730e7ffe3d7_primary.jpg?browse
32,nike,https://www.nike.com//kr/ko_kr/t/women/ap/women-training/CJ0545-010/qqbo84/as-nike-swoosh-luxe-bra,"65,000 원",https://static-breeze.nike.co.kr/kr/ko_kr/cmsstatic/product/CJ0545-010/f775e8e7-b252-49c2-9d9d-fa9ac8f629c0_primary.jpg?browse
33,nike,https://www.nike.com//kr/ko_kr/t/women/ap/women-training/CJ5876-010/hyzi97/as-nike-indy-seamless-bra,"45,000 원",https://static-breeze.nike.co.kr/kr/ko_kr/cmsstatic/product/CJ5876-010/ffa671f2-407d-4712-b0e9-b1100f5f85ac_primary.jpg?browse
34,nike,https://www.nike.com//kr/ko_kr/t/women/ap/women-training/BV3644-084/svzn83/as-nike-swoosh-futura-bra,"39,000 원",https://static-breeze.nike.co.kr/kr/ko_kr/cmsstatic/product/BV3644-084/b2d79cfc-0cac-4587-91dd-b2308b6e6877_primary.jpg?browse
35,nike,https://www.nike.com//kr/ko_kr/t/women/ap/women-training/BV3637-010/zlwl18/as-nike-swoosh-bra-pad,"39,000 원",https://static-breeze.nike.co.kr/kr/ko_kr/cmsstatic/product/BV3637-010/84a77347-aee9-46fe-9595-13b3c1253e9f_primary.jpg?browse
36,nike,https://www.nike.com//kr/ko_kr/t/women/ap/women-training/CJ0150-010/jzdz13/as-nike-swoosh-ultrabreathe,"75,000 원",https://static-breeze.nike.co.kr/kr/ko_kr/cmsstatic/product/CJ0150-010/0c8854d2-ccf8-4b14-8fb5-32de9609aee8_primary.jpg?browse
37,nike,https://www.nike.com//kr/ko_kr/t/women/ap/women-training/CN3719-100/ldtj27/as-nike-shape-zip-bra,"65,000 원",https://static-breeze.nike.co.kr/kr/ko_kr/cmsstatic/product/CN3719-100/74a64644-7676-4173-9a42-69293bd5bbcc_primary.jpg?browse
38,nike,https://www.nike.com//kr/ko_kr/t/women/ap/women-training/AQ0141-275/suld11/as-nike-indy-luxe-bra,"59,000 원",https://static-breeze.nike.co.kr/kr/ko_kr/cmsstatic/product/AQ0141-275/434513cf-b3cc-4bee-ac8b-148177d96f9f_primary.jpg?browse
39,nike,https://www.nike.com//kr/ko_kr/t/women/ap/women-training/BV3644-010/eqqy29/as-nike-swoosh-futura-bra,"39,000 원",https://static-breeze.nike.co.kr/kr/ko_kr/cmsstatic/product/BV3644-010/2721d53f-4da8-439b-aa67-5d96dcf317fc_primary.jpg?browse
40,nike,https://www.nike.com//kr/ko_kr/t/women/ap/women-training/CN3719-010/cout69/as-nike-shape-zip-bra,"65,000 원",https://static-breeze.nike.co.kr/kr/ko_kr/cmsstatic/product/CN3719-010/8db38a30-df5b-4a41-970a-72b43c44cc3a_primary.jpg?browse
41,nike,https://www.nike.com//kr/ko_kr/t/women/ap/women-training/BV3637-100/hmkt70/as-nike-swoosh-bra-pad,"39,000 원",https://static-breeze.nike.co.kr/kr/ko_kr/cmsstatic/product/BV3637-100/ea553d5c-278e-49b1-b3fa-e4b81f211fd0_primary.jpg?browse
42,nike,https://www.nike.com//kr/ko_kr/t/women/ap/women-training/BV3637-084/ukck57/as-nike-swoosh-bra-pad,"39,000 원",https://static-breeze.nike.co.kr/kr/ko_kr/cmsstatic/product/BV3637-084/c978193f-0a14-490f-9ce4-e0b9cb54f63f_primary.jpg?browse
43,nike,https://www.nike.com//kr/ko_kr/t/women/ap/women-training/CJ0701-010/eqcu81/as-nike-swoosh-nk-air-bra-pad,"45,000 원",https://static-breeze.nike.co.kr/kr/ko_kr/cmsstatic/product/CJ0701-010/f432d9b2-b774-4c98-82e7-457fa137c8e9_primary.jpg?browse
44,nike,https://www.nike.com//kr/ko_kr/t/women/ap/women-training/AQ0141-010/ehzi39/as-nike-indy-luxe-bra,"59,000 원",https://static-breeze.nike.co.kr/kr/ko_kr/cmsstatic/product/AQ0141-010/92538483-ef96-4a99-80e1-b7c86df751dc_primary.jpg?browse
45,nike,https://www.nike.com//kr/ko_kr/t/women/ap/women-training/878615-011/nuhf85/as-nike-indy-bra,"35,000 원",https://static-breeze.nike.co.kr/kr/ko_kr/cmsstatic/product/878615-011_878615-011_primary.jpg?browse
46,nike,https://www.nike.com//kr/ko_kr/t/women/ap/women-training/878615-091/lhvb11/as-nike-indy-bra,"35,000 원",https://static-breeze.nike.co.kr/kr/ko_kr/cmsstatic/product/878615-091_878615-091_primary.jpg?browse
47,nike,https://www.nike.com//kr/ko_kr/t/men/ap/football-soccer/CD0713-100/aswh33/as-kor-m-nk-brt-stad-jsy-ss-aw,"59,000 원",https://static-breeze.nike.co.kr/kr/ko_kr/cmsstatic/product/10000004655/AJ0844-010_AJ0844-010_primary-1.jpg?browse
48,nike,https://www.nike.com//kr/ko_kr/t/men/ap/football-soccer/CD0713-100/aswh33/as-kor-m-nk-brt-stad-jsy-ss-aw,"59,000 원",https://static-breeze.nike.co.kr/kr/ko_kr/cmsstatic/product/10000008373/AJ0844-100_AJ0844-100_primary.jpg?browse
49,nike,https://www.nike.com//kr/ko_kr/t/women/ap/nike-sportswear/CU5848-564/wnol55/as-w-nsw-syn-parka-trend,"279,000 원",https://static-breeze.nike.co.kr/kr/ko_kr/cmsstatic/product/CU5848-564/40e03b2b-fcd6-4e13-bf4b-e74f39f1d4b9_primary.jpg?browse
50,nike,https://www.nike.com//kr/ko_kr/t/women/ap/nike-sportswear/CZ1871-140/qpzl14/as-w-nsw-icn-clsh-jkt-syn-fill,"179,000 원",https://static-breeze.nike.co.kr/kr/ko_kr/cmsstatic/product/CZ1871-140/3e8ddf57-70f1-42cb-8b85-73d58ee019ce_primary.jpg?browse
51,nike,https://www.nike.com//kr/ko_kr/t/women/ap/nike-sportswear/CU5097-140/iqbf81/as-w-nsw-wr-lt-wt-dwn-vest,"159,000 원",https://static-breeze.nike.co.kr/kr/ko_kr/cmsstatic/product/CU5097-140/c5f46e23-38f0-4a00-a092-cae18c9c5dfc_primary.jpg?browse
52,nike,https://www.nike.com//kr/ko_kr/t/women/ap/running/CZ1544-010/ekri97/as-w-nk-arolft-jkt,"279,000 원",https://static-breeze.nike.co.kr/kr/ko_kr/cmsstatic/product/CZ1544-010/cd470435-cd00-472e-a218-e2d29ca60cf3_primary.jpg?browse
53,nike,https://www.nike.com//kr/ko_kr/t/women/ap/football-soccer/CU1411-364/mxlg76/nff-w-nk-jkt-fz,"85,000 원",https://static-breeze.nike.co.kr/kr/ko_kr/cmsstatic/product/CU1411-364/6e3c54d4-d554-4837-ad71-910264614325_primary.jpg?browse
54,nike,https://www.nike.com//kr/ko_kr/t/women/ap/nike-sportswear/CU5832-010/ciqg86/as-w-nsw-syn-jkt-trend,"229,000 원",https://static-breeze.nike.co.kr/kr/ko_kr/cmsstatic/product/CU5832-010/91857cca-8f86-4561-b668-3a079ed302bf_primary.jpg?browse
55,nike,https://www.nike.com//kr/ko_kr/t/women/ap/nike-sportswear/CZ1871-010/rman69/as-w-nsw-icn-clsh-jkt-syn-fill,"179,000 원",https://static-breeze.nike.co.kr/kr/ko_kr/cmsstatic/product/CZ1871-010/99a6a1a4-9bce-45cd-9ca2-3a4a397cb74a_primary.jpg?browse
56,nike,https://www.nike.com//kr/ko_kr/t/women/ap/running/CZ1608-010/hqud63/as-w-nk-arolft-vest,"209,000 원",https://static-breeze.nike.co.kr/kr/ko_kr/cmsstatic/product/CZ1608-010/e631201b-b315-4d50-87a0-0f78bcc20bbd_primary.jpg?browse
57,nike,https://www.nike.com//kr/ko_kr/t/women/ap/nike-sportswear/CU5095-140/zpwt89/as-w-nsw-wr-lt-wt-dwn-jkt,"209,000 원",https://static-breeze.nike.co.kr/kr/ko_kr/cmsstatic/product/CU5095-140/6a73ace5-4205-4bbe-ac1d-afcdfcd69458_primary.jpg?browse
58,nike,https://www.nike.com//kr/ko_kr/t/women/ap/nike-sportswear/CU5097-011/wuml46/as-w-nsw-wr-lt-wt-dwn-vest,"159,000 원",https://static-breeze.nike.co.kr/kr/ko_kr/cmsstatic/product/CU5097-011/695a8956-aff4-4399-bb46-2636764ac03b_primary.jpg?browse
59,nike,https://www.nike.com//kr/ko_kr/t/women/ap/nike-sportswear/CZ1464-010/lrie98/as-w-nsw-core-syn-parka,"189,000 원",https://static-breeze.nike.co.kr/kr/ko_kr/cmsstatic/product/CZ1464-010/87b83bc5-7ddd-4df4-94b7-51cc7f173dfb_primary.jpg?browse
60,nike,https://www.nike.com//kr/ko_kr/t/women/ap/nike-sportswear/CU5832-140/axpx15/as-w-nsw-syn-jkt-trend,"229,000 원",https://static-breeze.nike.co.kr/kr/ko_kr/cmsstatic/product/CU5832-140/e8e417f0-eb6d-47f3-9f74-c6df95eb9ab0_primary.jpg?browse
61,nike,https://www.nike.com//kr/ko_kr/t/women/ap/nike-sportswear/CU6713-140/hadt41/as-w-nsw-icon-clash-otw-syn,"259,000 원",https://static-breeze.nike.co.kr/kr/ko_kr/cmsstatic/product/CU6713-140/601df92a-1361-4e83-ae9b-ee7ec55d48f6_primary.jpg?browse
62,nike,https://www.nike.com//kr/ko_kr/t/women/ap/nike-sportswear/CU6692-757/vdnc33/as-w-nsw-nsw-jkt-quilt,"169,000 원",https://static-breeze.nike.co.kr/kr/ko_kr/cmsstatic/product/CU6692-757/6a3836ee-592a-4e00-9dd0-e39491bf8b4d_primary.jpg?browse
63,nike,https://www.nike.com//kr/ko_kr/t/women/ap/golf/CK5785-010/xrse54/as-w-nk-arolft-rpl-vest,"219,000 원",https://static-breeze.nike.co.kr/kr/ko_kr/cmsstatic/product/CK5785-010/78fa65ef-f628-49cf-968c-a5b174243c69_primary.jpg?browse
64,nike,https://www.nike.com//kr/ko_kr/t/women/ap/golf/CK5785-222/bbsr58/as-w-nk-arolft-rpl-vest,"219,000 원",https://static-breeze.nike.co.kr/kr/ko_kr/cmsstatic/product/CK5785-222/933b2a23-6e3b-40b6-9de1-8ccfc6c0f017_primary.jpg?browse
65,nike,https://www.nike.com//kr/ko_kr/t/women/ap/golf/CK5881-010/nmye42/as-w-nk-arlft-rpl-hyprt-fz-jkt,"269,000 원",https://static-breeze.nike.co.kr/kr/ko_kr/cmsstatic/product/CK5881-010/447c85b5-7f3d-4caf-b54b-81198a328f32_primary.jpg?browse
66,nike,https://www.nike.com//kr/ko_kr/t/women/ap/nike-sportswear/CU5814-460/huft98/as-w-nsw-stmt-dwn-jkt,"279,000 원",https://static-breeze.nike.co.kr/kr/ko_kr/cmsstatic/product/CU5814-460/36fac52a-f0ba-4735-9380-40d75552283a_primary.jpg?browse
67,nike,https://www.nike.com//kr/ko_kr/t/women/ap/nike-sportswear/CU5975-342/diqj87/as-w-nsw-icn-clsh-lng-jkt-sa,"169,000 원",https://static-breeze.nike.co.kr/kr/ko_kr/cmsstatic/product/CU5975-342/e3f0741e-c651-4e14-9a18-8e86cdba75b2_primary.jpg?browse
68,nike,https://www.nike.com//kr/ko_kr/t/women/ap/nike-sportswear/CU6390-072/vgwa95/as-w-nsw-jkt-wvn-archive-rmx,"129,000 원",https://static-breeze.nike.co.kr/kr/ko_kr/cmsstatic/product/CU6390-072/e1dd5f6f-e92b-46b5-bd9f-5f10bf3a621f_primary.jpg?browse
69,nike,https://www.nike.com//kr/ko_kr/t/women/ap/running/CU3218-564/nijc87/as-w-nk-essential-jacket,"109,000 원",https://static-breeze.nike.co.kr/kr/ko_kr/cmsstatic/product/CU3218-564/9f94bf7d-89d8-44c4-8385-a1ca3d1e26f6_primary.jpg?browse
70,nike,https://www.nike.com//kr/ko_kr/t/women/ap/golf/BV0260-043/wheg83/as-w-nk-dry-uv-vctry-jkt-hz,"99,000 원",https://static-breeze.nike.co.kr/kr/ko_kr/cmsstatic/product/BV0260-043/543988eb-ac75-4e70-94c9-08099a15ae98_primary.jpg?browse
71,nike,https://www.nike.com//kr/ko_kr/t/women/ap/running/CU3298-482/pdoy70/as-w-nk-aerolayer-jkt,"149,000 원",https://static-breeze.nike.co.kr/kr/ko_kr/cmsstatic/product/CU3298-482/c8579347-99ab-4f4b-9fd4-0dbe32b238be_primary.jpg?browse
72,nike,https://www.nike.com//kr/ko_kr/t/women/ap/running/CU3303-010/oorl21/as-w-nk-aerolayer-vest,"129,000 원",https://static-breeze.nike.co.kr/kr/ko_kr/cmsstatic/product/CU3303-010/d1879ade-31ed-48f9-b53d-5d32d803ec8f_primary.jpg?browse
73,nike,https://www.nike.com//kr/ko_kr/t/women/ap/running/CU3298-010/mfsp82/as-w-nk-aerolayer-jkt,"149,000 원",https://static-breeze.nike.co.kr/kr/ko_kr/cmsstatic/product/CU3298-010/d9ac86de-7e20-4d22-9bb2-80528c907652_primary.jpg?browse
74,nike,https://www.nike.com//kr/ko_kr/t/women/ap/golf/BV0260-010/mspr88/as-w-nk-dry-uv-vctry-jkt-hz,"99,000 원",https://static-breeze.nike.co.kr/kr/ko_kr/cmsstatic/product/BV0260-010/32abf286-166c-43fb-84d5-89733191f650_primary.jpg?browse
75,nike,https://www.nike.com//kr/ko_kr/t/women/ap/basketball/CU6320-010/vckc38/as-w-j-windbreaker,"189,000 원",https://static-breeze.nike.co.kr/kr/ko_kr/cmsstatic/product/CU6320-010/f1926f6c-8754-4379-8c72-d8a8adbd228e_primary.jpg?browse
76,nike,https://www.nike.com//kr/ko_kr/t/women/ap/nike-sportswear/CZ1867-010/wcvm58/as-w-nsw-icn-clsh-bodysuit,"79,000 원",https://static-breeze.nike.co.kr/kr/ko_kr/cmsstatic/product/CZ1867-010/b05ada88-f9ba-4426-bea7-e44aacd5410c_primary.jpg?browse
77,nike,https://www.nike.com//kr/ko_kr/t/women/ap/nike-sportswear/CZ1910-121/qnrd80/as-w-nsw-syn-parka-otw-m2z,"329,000 원",https://static-breeze.nike.co.kr/kr/ko_kr/cmsstatic/product/CZ1910-121/5312e975-4bf2-4c36-8a2a-dde05d8181b8_primary.jpg?browse
78,nike,https://www.nike.com//kr/ko_kr/t/women/ap/nike-sportswear/CZ1464-230/cmrv30/as-w-nsw-core-syn-parka,"189,000 원",https://static-breeze.nike.co.kr/kr/ko_kr/cmsstatic/product/CZ1464-230/2bbdae55-825e-4c3c-8da9-2baba4fc5cbe_primary.jpg?browse
79,nike,https://www.nike.com//kr/ko_kr/t/women/ap/nike-sportswear/CZ1908-121/abmm93/as-w-nsw-syn-jkt-otw-m2z,"279,000 원",https://static-breeze.nike.co.kr/kr/ko_kr/cmsstatic/product/CZ1908-121/f0090f03-2b8a-4709-b519-d77eec9a5c84_primary.jpg?browse
80,nike,https://www.nike.com//kr/ko_kr/t/women/ap/nike-sportswear/CU5545-010/rqic30/as-w-nsw-air-jkt-sheen,"109,000 원",https://static-breeze.nike.co.kr/kr/ko_kr/cmsstatic/product/CU5545-010/8e4ec05b-1d36-4075-b89a-6c85925f6b21_primary.jpg?browse
81,nike,https://www.nike.com//kr/ko_kr/t/women/ap/nike-sportswear/CU5971-342/zghl46/as-w-nsw-icn-clsh-anrak-jkt,"129,000 원",https://static-breeze.nike.co.kr/kr/ko_kr/cmsstatic/product/CU5971-342/5067aae2-bd96-4945-b05f-3641d555652b_primary.jpg?browse
82,nike,https://www.nike.com//kr/ko_kr/t/women/ap/running/CU3218-010/eyxn62/as-w-nk-essential-jacket,"109,000 원",https://static-breeze.nike.co.kr/kr/ko_kr/cmsstatic/product/CU3218-010/f1d589b0-95cb-49a4-875c-3e907708dcc5_primary.jpg?browse
83,nike,https://www.nike.com//kr/ko_kr/t/women/ap/nike-sportswear/CU6037-010/zwkp12/as-w-nsw-tech-pack-jkt-wvn,"169,000 원",https://static-breeze.nike.co.kr/kr/ko_kr/cmsstatic/product/CU6037-010/bc84a9c0-01cf-4e29-b581-8ee687435923_primary.jpg?browse
84,nike,https://www.nike.com//kr/ko_kr/t/women/ap/golf/CK5865-010/hmcf88/as-w-nk-rpl-warm-filled-jkt,"169,000 원",https://static-breeze.nike.co.kr/kr/ko_kr/cmsstatic/product/CK5865-010/a6d41f7f-1c23-4fa6-b92c-1eb0f4352d2c_primary.jpg?browse
85,nike,https://www.nike.com//kr/ko_kr/t/women/ap/nike-sportswear/CU5545-100/ivwm28/as-w-nsw-air-jkt-sheen,"109,000 원",https://static-breeze.nike.co.kr/kr/ko_kr/cmsstatic/product/CU5545-100/cd0937f0-8fb4-46ba-81cf-13093c4063e2_primary.jpg?browse
86,nike,https://www.nike.com//kr/ko_kr/t/women/ap/nike-sportswear/CU5352-058/mkqq81/as-w-nsw-jkt-satin-femme,"109,000 원",https://static-breeze.nike.co.kr/kr/ko_kr/cmsstatic/product/CU5352-058/49d2ec9b-295d-4fa2-bd51-e7ac595ffb2d_primary.jpg?browse
87,nike,https://www.nike.com//kr/ko_kr/t/women/ap/golf/CK5865-222/yxfr15/as-w-nk-rpl-warm-filled-jkt,"169,000 원",https://static-breeze.nike.co.kr/kr/ko_kr/cmsstatic/product/CK5865-222/4b108db7-f692-41e0-ad2a-0e0597eeb3bd_primary.jpg?browse
88,nike,https://www.nike.com//kr/ko_kr/t/women/ap/golf/CK5859-010/ilgw19/as-w-nk-shld-bmbr-jkt,"139,000 원",https://static-breeze.nike.co.kr/kr/ko_kr/cmsstatic/product/CK5859-010/9bbe8a69-b9ab-4b0e-86ba-3d5a427a8838_primary.jpg?browse
89,nike,https://www.nike.com//kr/ko_kr/t/women/ap/golf/CK5859-222/twos41/as-w-nk-shld-bmbr-jkt,"139,000 원",https://static-breeze.nike.co.kr/kr/ko_kr/cmsstatic/product/CK5859-222/44c5a492-62f0-45e6-8547-f0af8ebc8124_primary.jpg?browse
90,nike,https://www.nike.com//kr/ko_kr/t/women/ap/nike-sportswear/CU5352-010/gfnz48/as-w-nsw-jkt-satin-femme,"109,000 원",https://static-breeze.nike.co.kr/kr/ko_kr/cmsstatic/product/CU5352-010/42530ac7-2e72-4031-9017-574d6779e5ab_primary.jpg?browse
91,nike,https://www.nike.com//kr/ko_kr/t/women/ap/nike-sportswear/CU6037-673/wrkm29/as-w-nsw-tech-pack-jkt-wvn,"169,000 원",https://static-breeze.nike.co.kr/kr/ko_kr/cmsstatic/product/CU6037-673/f99c7832-22f1-4213-8254-24c8708d89da_primary.jpg?browse
92,nike,https://www.nike.com//kr/ko_kr/t/women/ap/running/CU3047-100/hwqj20/as-w-nk-air-jkt-hd,"109,000 원",https://static-breeze.nike.co.kr/kr/ko_kr/cmsstatic/product/CU3047-100/2dd7f19d-27b6-4664-9d6e-1bc8bc256b86_primary.jpg?browse
93,nike,https://www.nike.com//kr/ko_kr/t/women/ap/running/CU3049-663/fbuk67/as-w-nk-icnclsh-jacket,"109,000 원",https://static-breeze.nike.co.kr/kr/ko_kr/cmsstatic/product/CU3049-663/73c9a96e-527c-4b58-b11a-8c632bae56d5_primary.jpg?browse
94,nike,https://www.nike.com//kr/ko_kr/t/women/ap/nike-sportswear/CU6390-010/grcg25/as-w-nsw-jkt-wvn-archive-rmx,"129,000 원",https://static-breeze.nike.co.kr/kr/ko_kr/cmsstatic/product/CU6390-010/43bf41f8-9cb5-4729-88a2-762945106168_primary.jpg?browse
95,nike,https://www.nike.com//kr/ko_kr/t/women/ap/nike-sportswear/CZ1447-654/mfws47/as-w-nsw-jkt-pk-femme,"89,000 원",https://static-breeze.nike.co.kr/kr/ko_kr/cmsstatic/product/CZ1447-654/c8cfdfec-80cc-40b0-b8b2-7f37b1c77ce7_primary.jpg?browse
96,nike,https://www.nike.com//kr/ko_kr/t/women/ap/running/CU3043-100/vwtk92/as-w-nk-jacket-tracksuit,"119,000 원",https://static-breeze.nike.co.kr/kr/ko_kr/cmsstatic/product/CU3043-100/949de07d-ce67-4dd5-a892-ff5373f71511_primary.jpg?browse
97,nike,https://www.nike.com//kr/ko_kr/t/women/ap/running/CU3047-010/emuf54/as-w-nk-air-jkt-hd,"109,000 원",https://static-breeze.nike.co.kr/kr/ko_kr/cmsstatic/product/CU3047-010/5d4c6887-8a9d-4bf9-b22b-df801a54258d_primary.jpg?browse
98,nike,https://www.nike.com//kr/ko_kr/t/women/ap/running/CU3049-380/rtar33/as-w-nk-icnclsh-jacket,"109,000 원",https://static-breeze.nike.co.kr/kr/ko_kr/cmsstatic/product/CU3049-380/8b1375c1-8fc9-454f-a3ee-286256326d47_primary.jpg?browse
99,nike,https://www.nike.com//kr/ko_kr/t/women/ap/running/CU3049-010/fose23/as-w-nk-icnclsh-jacket,"109,000 원",https://static-breeze.nike.co.kr/kr/ko_kr/cmsstatic/product/CU3049-010/5efc7249-794d-421a-b4a2-976fdc9f3361_primary.jpg?browse
100,nike,https://www.nike.com//kr/ko_kr/t/women/ap/nike-sportswear/CZ1447-010/tlkc39/as-w-nsw-jkt-pk-femme,"89,000 원",https://static-breeze.nike.co.kr/kr/ko_kr/cmsstatic/product/CZ1447-010/dc048eed-0780-4b67-9d60-aaf261bf8acd_primary.jpg?browse
101,nike,https://www.nike.com//kr/ko_kr/t/women/ap/nike-sportswear/CU5545-702/oipy96/as-w-nsw-air-jkt-sheen,"109,000 원",https://static-breeze.nike.co.kr/kr/ko_kr/cmsstatic/product/CU5545-702/e2c9f058-c188-424e-b15b-e489bb1c6141_primary.jpg?browse
102,nike,https://www.nike.com//kr/ko_kr/t/women/ap/nike-sportswear/CU5971-639/igmo67/as-w-nsw-icn-clsh-anrak-jkt,"129,000 원",https://static-breeze.nike.co.kr/kr/ko_kr/cmsstatic/product/CU5971-639/b5761c77-f424-46f5-817a-e675765dee84_primary.jpg?browse
103,nike,https://www.nike.com//kr/ko_kr/t/women/ap/nike-sportswear/CU5814-010/eqjg60/as-w-nsw-stmt-dwn-jkt,"279,000 원",https://static-breeze.nike.co.kr/kr/ko_kr/cmsstatic/product/CU5814-010/3b7b74f5-c477-464f-add1-bc5e5c8f50ad_primary.jpg?browse
104,nike,https://www.nike.com//kr/ko_kr/t/women/ap/nike-sportswear/CU5814-342/rwvd86/as-w-nsw-stmt-dwn-jkt,"279,000 원",https://static-breeze.nike.co.kr/kr/ko_kr/cmsstatic/product/CU5814-342/8422c553-6741-49aa-969a-24f0dbc8c81e_primary.jpg?browse
105,nike,https://www.nike.com//kr/ko_kr/t/women/ap/nike-sportswear/CU5821-342/tzay18/as-w-nsw-stmt-dwn-parka,"329,000 원",https://static-breeze.nike.co.kr/kr/ko_kr/cmsstatic/product/CU5821-342/c3f9aafd-203a-427b-8e80-0277bb893231_primary.jpg?browse
106,nike,https://www.nike.com//kr/ko_kr/t/women/ap/nike-sportswear/CU5975-010/gjkr13/as-w-nsw-icn-clsh-lng-jkt-sa,"169,000 원",https://static-breeze.nike.co.kr/kr/ko_kr/cmsstatic/product/CU5975-010/4a0188fe-9e69-480c-ba46-1f8ffbfdc2f5_primary.jpg?browse
107,nike,https://www.nike.com//kr/ko_kr/t/women/ap/nike-sportswear/CU5679-100/sazh94/as-w-nsw-swsh-jkt-pk,"95,000 원",https://static-breeze.nike.co.kr/kr/ko_kr/cmsstatic/product/CU5679-100/b221354b-1905-46fa-9b28-acf71d97690b_primary.jpg?browse
108,nike,https://www.nike.com//kr/ko_kr/t/women/ap/golf/CK5867-222/vcvc39/as-w-nk-rvrsbl-warm-fild-vest,"129,000 원",https://static-breeze.nike.co.kr/kr/ko_kr/cmsstatic/product/CK5867-222/135338ac-0e8b-40f2-b912-8178baaac4e9_primary.jpg?browse
109,nike,https://www.nike.com//kr/ko_kr/t/women/ap/nike-sportswear/CJ7345-010/ehqy81/as-w-nsw-jkt-wvn,"79,000 원",https://static-breeze.nike.co.kr/kr/ko_kr/cmsstatic/product/CJ7345-010/a8a8d316-c989-41ca-adc4-feaa388cb461_primary.jpg?browse
110,nike,https://www.nike.com//kr/ko_kr/t/women/ap/nike-sportswear/BV3940-010/vijp89/as-w-nsw-wr-jkt,"119,000 원",https://static-breeze.nike.co.kr/kr/ko_kr/cmsstatic/product/BV3940-010/28028845-74af-45d1-9b0c-4ae8be0d57d9_primary.jpg?browse
111,nike,https://www.nike.com//kr/ko_kr/t/women/ap/nike-sportswear/CU5679-010/bsgm29/as-w-nsw-swsh-jkt-pk,"95,000 원",https://static-breeze.nike.co.kr/kr/ko_kr/cmsstatic/product/CU5679-010/49fd4511-1348-44fb-9307-5a7b6a3c2252_primary.jpg?browse
112,nike,https://www.nike.com//kr/ko_kr/t/women/ap/golf/CK5867-010/aqfj62/as-w-nk-rvrsbl-warm-fild-vest,"129,000 원",https://static-breeze.nike.co.kr/kr/ko_kr/cmsstatic/product/CK5867-010/e53413a5-5f1d-455b-a1fa-bd775e7f9ce5_primary.jpg?browse
113,nike,https://www.nike.com//kr/ko_kr/t/women/ap/nike-sportswear/CV9032-100/gbse22/as-w-nsw-nsw-jkt-woven,"139,000 원",https://static-breeze.nike.co.kr/kr/ko_kr/cmsstatic/product/CV9032-100/75e0674e-1533-4f08-bed1-b17540a69e15_primary.jpg?browse
114,nike,https://www.nike.com//kr/ko_kr/t/women/ap/nike-sportswear/BV3940-663/qbjk49/as-w-nsw-wr-jkt,"119,000 원",https://static-breeze.nike.co.kr/kr/ko_kr/cmsstatic/product/BV3940-663/a2cdfcf3-0c0c-4466-8bdf-e755a0b3edc5_primary.jpg?browse
115,nike,https://www.nike.com//kr/ko_kr/t/women/ap/nike-sportswear/CV9032-010/zbci73/as-w-nsw-nsw-jkt-woven,"139,000 원",https://static-breeze.nike.co.kr/kr/ko_kr/cmsstatic/product/CV9032-010/c1550840-be5f-42e1-b72b-316eb547c899_primary.jpg?browse
116,nike,https://www.nike.com//kr/ko_kr/t/women/ap/nike-sportswear/CJ3039-757/bghm23/as-w-nsw-indio-jkt-woven-aop,"129,000 원",https://static-breeze.nike.co.kr/kr/ko_kr/cmsstatic/product/CJ3039-757/9c214e61-14f2-422d-ac2a-a90fb7bd5f9c_primary.jpg?browse
117,nike,https://www.nike.com//kr/ko_kr/t/women/ap/nike-sportswear/CV9043-871/taym31/as-w-nsw-retro-femme-wr-jkt-wv,"129,000 원",https://static-breeze.nike.co.kr/kr/ko_kr/cmsstatic/product/CV9043-871/2b12262c-5884-4596-afd3-9cbaf6e75a4a_primary.jpg?browse
118,nike,https://www.nike.com//kr/ko_kr/t/women/ap/nike-sportswear/CJ2290-010/prgk78/as-w-nsw-icn-clsh-jkt-lw,"139,000 원",https://static-breeze.nike.co.kr/kr/ko_kr/cmsstatic/product/CJ2290-010/492bad26-380f-4951-a8a3-0d316a3ab996_primary.jpg?browse
119,nike,https://www.nike.com//kr/ko_kr/t/women/ap/nike-sportswear/CJ2290-601/ajgu87/as-w-nsw-icn-clsh-jkt-lw,"139,000 원",https://static-breeze.nike.co.kr/kr/ko_kr/cmsstatic/product/CJ2290-601/579591fc-2fbd-46a4-954d-00662a3dfbad_primary.jpg?browse
120,nike,https://www.nike.com//kr/ko_kr/t/women/ap/running/CJ2434-010/crqc10/as-w-nk-icnclsh-jkt-pr,"109,000 원",https://static-breeze.nike.co.kr/kr/ko_kr/cmsstatic/product/CJ2434-010/03aac0c7-5a59-4496-9912-455670807cdb_primary.jpg?browse
121,nike,https://www.nike.com//kr/ko_kr/t/women/ap/golf/CI7920-731/ercv39/as-w-nk-rpl-ace-jkt-3-in-1-fz,"149,000 원",https://static-breeze.nike.co.kr/kr/ko_kr/cmsstatic/product/CI7920-731/4e364ade-a612-444f-871a-d9b0c111e32a_primary.jpg?browse
122,nike,https://www.nike.com//kr/ko_kr/t/men/ap/nike-sportswear/AO0815-100/uoft80/m-nrg-ispa-inflate-jkt,"519,000 원",https://static-breeze.nike.co.kr/kr/ko_kr/cmsstatic/product/AO0815-100/1da9ad3c-d943-4314-a158-c41179800b9c_primary.jpg?browse
123,nike,https://www.nike.com//kr/ko_kr/t/women/ap/nike-sportswear/CV9043-569/jpyu51/as-w-nsw-retro-femme-wr-jkt-wv,"129,000 원",https://static-breeze.nike.co.kr/kr/ko_kr/cmsstatic/product/CV9043-569/d54aa3fd-2de5-447a-a404-c2899a353c12_primary.jpg?browse
124,nike,https://www.nike.com//kr/ko_kr/t/women/ap/running/CK0183-010/ccqz30/as-w-nk-jkt-swsh-run,"95,000 원",https://static-breeze.nike.co.kr/kr/ko_kr/cmsstatic/product/CK0183-010/17c0ec28-1bef-43da-ba45-cb95fb6ce572_primary.jpg?browse
125,nike,https://www.nike.com//kr/ko_kr/t/women/ap/nike-sportswear/BV3940-101/rttv16/as-w-nsw-wr-jkt,"119,000 원",https://static-breeze.nike.co.kr/kr/ko_kr/cmsstatic/product/BV3940-101/a05747a9-8a35-4b06-b5f1-ff178dcf4946_primary.jpg?browse
126,nike,https://www.nike.com//kr/ko_kr/t/women/ap/running/CJ1929-010/gpkl32/as-w-nk-lightweight-jkt-hd,"119,000 원",https://static-breeze.nike.co.kr/kr/ko_kr/cmsstatic/product/CJ1929-010/08df9924-4dc9-4f9c-8ee7-265f01d722c5_primary.jpg?browse
127,nike,https://www.nike.com//kr/ko_kr/t/women/ap/golf/BV0262-100/mwoc73/as-w-nk-dry-uv-vctry-jkt-fz,"119,000 원",https://static-breeze.nike.co.kr/kr/ko_kr/cmsstatic/product/BV0262-100/c6c8f0f5-c97f-4ebe-aab4-9f094a01593d_primary.jpg?browse
128,nike,https://www.nike.com//kr/ko_kr/t/women/ap/golf/BV0262-010/pnpi70/as-w-nk-dry-uv-vctry-jkt-fz,"119,000 원",https://static-breeze.nike.co.kr/kr/ko_kr/cmsstatic/product/BV0262-010/61602c64-538d-418b-92f2-ab30d9f3355b_primary.jpg?browse
129,nike,https://www.nike.com//kr/ko_kr/t/women/ap/nike-sportswear/CK4805-702/ttyo10/w-nrg-as-jacket-1-aop,"359,000 원",https://static-breeze.nike.co.kr/kr/ko_kr/cmsstatic/product/CK4805-702/b62380c1-bf00-4ff0-be8e-e830ddb8b408_primary.jpg?browse
130,nike,https://www.nike.com//kr/ko_kr/t/women/ap/nike-sportswear/CK4808-702/wmfu23/w-nrg-as-jacket-27-aop,"409,000 원",https://static-breeze.nike.co.kr/kr/ko_kr/cmsstatic/product/CK4808-702/65490757-0eab-4826-b1bb-83c7255c215f_primary.jpg?browse
131,nike,https://www.nike.com//kr/ko_kr/t/women/ap/nike-sportswear/CK5623-385/isph27/w-nrg-as-jacket-27-aop-2,"409,000 원",https://static-breeze.nike.co.kr/kr/ko_kr/cmsstatic/product/CK5623-385/04e94135-b86f-41fe-b91d-720cf1dc37fd_primary.jpg?browse
132,nike,https://www.nike.com//kr/ko_kr/t/women/ap/nike-sportswear/BV8054-010/gzjp13/w-nrg-as-xcross-bib-1,"229,000 원",https://static-breeze.nike.co.kr/kr/ko_kr/cmsstatic/product/BV8054-010/94882e65-75ae-4c90-b4c4-57180177ca3f_primary.jpg?browse
133,nike,https://www.nike.com//kr/ko_kr/t/women/ap/nike-sportswear/BV8054-731/yyae61/w-nrg-as-xcross-bib-1,"229,000 원",https://static-breeze.nike.co.kr/kr/ko_kr/cmsstatic/product/BV8054-731/ef7f1d49-4572-4cd8-90b7-67e960a04a47_primary.jpg?browse
134,nike,https://www.nike.com//kr/ko_kr/t/men/ap/nike-sportswear/CK1920-657/oing80/m-nrg-x-se-chest-rlg,"149,000 원",https://static-breeze.nike.co.kr/kr/ko_kr/cmsstatic/product/CK1920-657/9e161a86-1f7f-4b37-adc9-751bb6c573a3_primary.jpg?browse
135,nike,https://www.nike.com//kr/ko_kr/t/women/ap/running/933467-010/zbfo39/as-w-nk-essntl-jkt-ssnl,"109,000 원",https://static-breeze.nike.co.kr/kr/ko_kr/cmsstatic/product/933467-010_933467-010_primary.jpg?browse
136,nike,https://www.nike.com//kr/ko_kr/t/women/ap/women-training/CU7010-010/ijve61/as-w-nk-df-get-fit-fl-fz-ess,"79,000 원",https://static-breeze.nike.co.kr/kr/ko_kr/cmsstatic/product/CU7010-010/82a3afb6-bd67-4b75-8936-88c264fa7bde_primary.jpg?browse
137,nike,https://www.nike.com//kr/ko_kr/t/women/ap/nike-sportswear/CU7071-010/jrsm31/as-w-nsw-long-fz-flc-trend,"119,000 원",https://static-breeze.nike.co.kr/kr/ko_kr/cmsstatic/product/CU7071-010/889a8fe9-d0a6-4fe2-ad5b-b7f689aa6b48_primary.jpg?browse
138,nike,https://www.nike.com//kr/ko_kr/t/women/ap/nike-sportswear/BV4127-010/thkx94/as-w-nsw-essntl-hoodie-po,"85,000 원",https://static-breeze.nike.co.kr/kr/ko_kr/cmsstatic/product/BV4127-010/4d4195ff-9621-4ddd-a5f5-b450332bc478_primary.jpg?browse
139,nike,https://www.nike.com//kr/ko_kr/t/women/ap/nike-sportswear/CU6677-033/iapl66/as-w-nsw-nsw-hoodie-flc-bb,"109,000 원",https://static-breeze.nike.co.kr/kr/ko_kr/cmsstatic/product/CU6677-033/e6f74384-9a5f-4ffe-8646-ae131c977e68_primary.jpg?browse
140,nike,https://www.nike.com//kr/ko_kr/t/women/ap/women-training/CU7010-638/zpbe88/as-w-nk-df-get-fit-fl-fz-ess,"79,000 원",https://static-breeze.nike.co.kr/kr/ko_kr/cmsstatic/product/CU7010-638/6a1c269d-21ca-4333-9357-3078908e9e56_primary.jpg?browse
141,nike,https://www.nike.com//kr/ko_kr/t/men/ap/nike-sportswear/BV2655-063/adbl89/as-m-nsw-club-hoodie-po-bb,"69,000 원",https://static-breeze.nike.co.kr/kr/ko_kr/cmsstatic/product/BV2655-063/167bf43c-c2d7-4034-ada3-d0bcbd92cead_primary.jpg?browse
142,nike,https://www.nike.com//kr/ko_kr/t/women/ap/nike-sportswear/DC0651-140/nkgu56/as-w-nsw-icn-clsh-fz-flc,"109,000 원",https://static-breeze.nike.co.kr/kr/ko_kr/cmsstatic/product/DC0651-140/8f9f4dd6-ba00-405b-871d-cf3e664c2a64_primary.jpg?browse
143,nike,https://www.nike.com//kr/ko_kr/t/women/ap/nike-sportswear/CU6562-010/yupm45/as-w-nsw-air-hoodie-flc,"99,000 원",https://static-breeze.nike.co.kr/kr/ko_kr/cmsstatic/product/CU6562-010/3b39a755-8de4-4547-b75d-060c645aaf39_primary.jpg?browse
144,nike,https://www.nike.com//kr/ko_kr/t/women/ap/nike-sportswear/DC0651-652/evxg51/as-w-nsw-icn-clsh-fz-flc,"109,000 원",https://static-breeze.nike.co.kr/kr/ko_kr/cmsstatic/product/DC0651-652/124d1a62-1e21-4de2-8f1f-d9ccc2f67443_primary.jpg?browse
145,nike,https://www.nike.com//kr/ko_kr/t/women/ap/nike-sportswear/DC0651-010/ljmq82/as-w-nsw-icn-clsh-fz-flc,"109,000 원",https://static-breeze.nike.co.kr/kr/ko_kr/cmsstatic/product/DC0651-010/9fb36295-fe73-4a9d-9fd0-7b90f9802b47_primary.jpg?browse
146,nike,https://www.nike.com//kr/ko_kr/t/women/ap/nike-sportswear/CU6404-063/mzoq40/as-w-nsw-crew-ft-m2z,"89,000 원",https://static-breeze.nike.co.kr/kr/ko_kr/cmsstatic/product/CU6404-063/c186d9c2-ece6-4c6d-8bb7-4e049673eace_primary.jpg?browse
147,nike,https://www.nike.com//kr/ko_kr/t/women/ap/nike-sportswear/CU5677-010/kipq29/as-w-nsw-swsh-hoodie-flc-bb,"89,000 원",https://static-breeze.nike.co.kr/kr/ko_kr/cmsstatic/product/CU5677-010/0c0e31ef-59ab-416c-aaf6-e89d9dbdc0ad_primary.jpg?browse
148,nike,https://www.nike.com//kr/ko_kr/t/women/ap/basketball/CU3480-405/qdct63/as-w-nk-standard-issue-po-hdy,"99,000 원",https://static-breeze.nike.co.kr/kr/ko_kr/cmsstatic/product/CU3480-405/9223eff2-c2f4-4d92-8031-c2a3a32a2f68_primary.jpg?browse
149,nike,https://www.nike.com//kr/ko_kr/t/women/ap/basketball/CV7786-100/drrd44/as-w-j-flight-fleece-crew,"105,000 원",https://static-breeze.nike.co.kr/kr/ko_kr/cmsstatic/product/CV7786-100/b3156373-f1d5-49ab-a749-3766228c4b21_primary.jpg?browse
150,nike,https://www.nike.com//kr/ko_kr/t/women/ap/basketball/CU6326-100/latt65/as-w-j-fleece-fz-hoodie,"149,000 원",https://static-breeze.nike.co.kr/kr/ko_kr/cmsstatic/product/CU6326-100/d4334112-ec0d-4fe1-b1c5-41caea9dc9d2_primary.jpg?browse
151,nike,https://www.nike.com//kr/ko_kr/t/women/ap/basketball/CV7786-614/prjc79/as-w-j-flight-fleece-crew,"105,000 원",https://static-breeze.nike.co.kr/kr/ko_kr/cmsstatic/product/CV7786-614/d51ee63f-8d20-4864-b9af-deb221b7a55d_primary.jpg?browse
152,nike,https://www.nike.com//kr/ko_kr/t/women/ap/nike-sportswear/CZ1381-010/epcs18/as-w-nsw-tech-flc-eng-aoj-fz-h,"169,000 원",https://static-breeze.nike.co.kr/kr/ko_kr/cmsstatic/product/CZ1381-010/bbfad413-117f-4e25-84f8-a193180ddd28_primary.jpg?browse
153,nike,https://www.nike.com//kr/ko_kr/t/women/ap/running/CU3218-010/eyxn62/as-w-nk-essential-jacket,"109,000 원",https://static-breeze.nike.co.kr/kr/ko_kr/cmsstatic/product/CU3218-010/f1d589b0-95cb-49a4-875c-3e907708dcc5_primary.jpg?browse
154,nike,https://www.nike.com//kr/ko_kr/t/women/ap/women-training/CU5052-342/tieh58/as-w-nk-icnclsh-dry-flc-pt-t,"89,000 원",https://static-breeze.nike.co.kr/kr/ko_kr/cmsstatic/product/CU5052-342/1658f071-c7a7-4b20-8d8c-860679822914_primary.jpg?browse
155,nike,https://www.nike.com//kr/ko_kr/t/women/ap/nike-sportswear/CU5677-101/ubiw90/as-w-nsw-swsh-hoodie-flc-bb,"89,000 원",https://static-breeze.nike.co.kr/kr/ko_kr/cmsstatic/product/CU5677-101/3ca6a649-f097-4bb2-8985-1292d278c909_primary.jpg?browse
156,nike,https://www.nike.com//kr/ko_kr/t/women/ap/basketball/CU6326-680/pusj19/as-w-j-fleece-fz-hoodie,"149,000 원",https://static-breeze.nike.co.kr/kr/ko_kr/cmsstatic/product/CU6326-680/6de94d73-6aaa-4bc3-b0be-ae30003a2589_primary.jpg?browse
157,nike,https://www.nike.com//kr/ko_kr/t/women/ap/nike-sportswear/CW4297-673/nvbi35/as-w-nsw-tch-flc-long-fz,"159,000 원",https://static-breeze.nike.co.kr/kr/ko_kr/cmsstatic/product/CW4297-673/67862c88-c837-4291-a55d-926bc3b4ed5c_primary.jpg?browse
158,nike,https://www.nike.com//kr/ko_kr/t/women/ap/nike-sportswear/CW4297-063/qlde69/as-w-nsw-tch-flc-long-fz,"159,000 원",https://static-breeze.nike.co.kr/kr/ko_kr/cmsstatic/product/CW4297-063/7b26971e-3661-4e4e-81b3-86065d8819d2_primary.jpg?browse
159,nike,https://www.nike.com//kr/ko_kr/t/women/ap/nike-sportswear/CW4297-010/jxyz23/as-w-nsw-tch-flc-long-fz,"159,000 원",https://static-breeze.nike.co.kr/kr/ko_kr/cmsstatic/product/CW4297-010/a52d9cf9-1e81-4612-b7ee-6e98ad63ca05_primary.jpg?browse
160,nike,https://www.nike.com//kr/ko_kr/t/women/ap/nike-sportswear/CW4299-063/odkk32/as-w-nsw-tch-flc-wr-hoodie-fz,"139,000 원",https://static-breeze.nike.co.kr/kr/ko_kr/cmsstatic/product/CW4299-063/799bb830-bf4b-4185-b923-4f8a26a2eeb3_primary.jpg?browse
161,nike,https://www.nike.com//kr/ko_kr/t/women/ap/nike-sportswear/CU5443-010/edff52/as-w-nsw-air-hoodie-fz-bb-flc,"105,000 원",https://static-breeze.nike.co.kr/kr/ko_kr/cmsstatic/product/CU5443-010/6dab3f86-32c1-4c89-b00d-6fc3242ef300_primary.jpg?browse
162,nike,https://www.nike.com//kr/ko_kr/t/women/ap/nike-sportswear/CV1871-058/haal93/as-w-nsw-hoodie-flc-femme,"89,000 원",https://static-breeze.nike.co.kr/kr/ko_kr/cmsstatic/product/CV1871-058/dbe0a742-c9a2-48df-9ce5-bfbeec8a06f8_primary.jpg?browse
163,nike,https://www.nike.com//kr/ko_kr/t/women/ap/nike-sportswear/CU6404-094/bddt54/as-w-nsw-crew-ft-m2z,"89,000 원",https://static-breeze.nike.co.kr/kr/ko_kr/cmsstatic/product/CU6404-094/88759256-dd39-4a09-a7e3-90e8fbf831f1_primary.jpg?browse
164,nike,https://www.nike.com//kr/ko_kr/t/women/ap/nike-sportswear/CW4299-010/yype57/as-w-nsw-tch-flc-wr-hoodie-fz,"139,000 원",https://static-breeze.nike.co.kr/kr/ko_kr/cmsstatic/product/CW4299-010/9faf3995-dffb-4ca7-8872-d5c534e80ded_primary.jpg?browse
165,nike,https://www.nike.com//kr/ko_kr/t/men/ap/football-soccer/CD0713-100/aswh33/as-kor-m-nk-brt-stad-jsy-ss-aw,"65,000 원",https://static-breeze.nike.co.kr/kr/ko_kr/cmsstatic/product/-941443586/CU3260-010_CU3260-010_primary.jpg?browse
166,nike,https://www.nike.com//kr/ko_kr/t/women/ap/nike-sportswear/CW4299-673/lkmc72/as-w-nsw-tch-flc-wr-hoodie-fz,"139,000 원",https://static-breeze.nike.co.kr/kr/ko_kr/cmsstatic/product/CW4299-673/47b34024-25a4-4dc0-9e47-85180e07b303_primary.jpg?browse
167,nike,https://www.nike.com//kr/ko_kr/t/women/ap/nike-sportswear/CV1871-010/qqmv67/as-w-nsw-hoodie-flc-femme,"89,000 원",https://static-breeze.nike.co.kr/kr/ko_kr/cmsstatic/product/CV1871-010/cecad4d9-d98a-4a30-b611-c3d42acabfc6_primary.jpg?browse
168,nike,https://www.nike.com//kr/ko_kr/t/women/ap/nike-sportswear/CU5109-010/bsqj18/as-w-nsw-icn-clsh-flc-hoody-ft,"85,000 원",https://static-breeze.nike.co.kr/kr/ko_kr/cmsstatic/product/CU5109-010/a271dded-32ae-4a58-9a45-ff3badecc869_primary.jpg?browse
169,nike,https://www.nike.com//kr/ko_kr/t/women/ap/nike-sportswear/CU5109-663/wrfi42/as-w-nsw-icn-clsh-flc-hoody-ft,"85,000 원",https://static-breeze.nike.co.kr/kr/ko_kr/cmsstatic/product/CU5109-663/5c78fa8a-ef3b-48a7-949c-656282520aa2_primary.jpg?browse
170,nike,https://www.nike.com//kr/ko_kr/t/women/ap/women-training/CU5507-091/fzgr70/as-w-nk-dry-get-fit-crew-swsh,"79,000 원",https://static-breeze.nike.co.kr/kr/ko_kr/cmsstatic/product/CU5507-091/a0fdfcf0-6af5-45dc-902b-6eb94c81a915_primary.jpg?browse
171,nike,https://www.nike.com//kr/ko_kr/t/women/ap/women-training/CU5507-010/dibz87/as-w-nk-dry-get-fit-crew-swsh,"79,000 원",https://static-breeze.nike.co.kr/kr/ko_kr/cmsstatic/product/CU5507-010/889cfaae-9d67-46ac-9802-645731829d35_primary.jpg?browse
172,nike,https://www.nike.com//kr/ko_kr/t/women/ap/women-training/CU5507-663/ysjf52/as-w-nk-dry-get-fit-crew-swsh,"79,000 원",https://static-breeze.nike.co.kr/kr/ko_kr/cmsstatic/product/CU5507-663/37102a2e-587f-4f2c-9c27-bafeec73e715_primary.jpg?browse
173,nike,https://www.nike.com//kr/ko_kr/t/women/ap/running/CU3260-301/fkmq16/as-w-nk-swoosh-run-top-crew,"65,000 원",https://static-breeze.nike.co.kr/kr/ko_kr/cmsstatic/product/CU3260-301/a27597c2-df9f-49e5-9777-f993ced8df25_primary.jpg?browse
174,nike,https://www.nike.com//kr/ko_kr/t/women/ap/women-training/CU5052-010/xcpo92/as-w-nk-icnclsh-dry-flc-pt-t,"89,000 원",https://static-breeze.nike.co.kr/kr/ko_kr/cmsstatic/product/CU5052-010/90c01be6-5ebb-46a1-9d73-8f6253ebb69c_primary.jpg?browse
175,nike,https://www.nike.com//kr/ko_kr/t/women/ap/nike-sportswear/CZ1431-072/ukiy53/as-w-nsw-nsw-crew-flc-ft,"109,000 원",https://static-breeze.nike.co.kr/kr/ko_kr/cmsstatic/product/CZ1431-072/3d592521-6f33-4417-8e60-58e353c30889_primary.jpg?browse
176,nike,https://www.nike.com//kr/ko_kr/t/women/ap/nike-sportswear/CU5427-011/hzun24/as-w-nsw-air-crew-os-flc,"99,000 원",https://static-breeze.nike.co.kr/kr/ko_kr/cmsstatic/product/CU5427-011/e7ec6a6c-3186-4c9e-811c-277acacb9315_primary.jpg?browse
177,nike,https://www.nike.com//kr/ko_kr/t/women/ap/running/CU3278-010/xclx95/as-w-nk-element-crew,"69,000 원",https://static-breeze.nike.co.kr/kr/ko_kr/cmsstatic/product/CU3278-010/733bc6fb-ec2a-4f46-8af4-8fc3ff085555_primary.jpg?browse
178,nike,https://www.nike.com//kr/ko_kr/t/women/ap/nike-sportswear/CJ4021-010/lckr81/as-w-nsw-city-rdy-hoody,"169,000 원",https://static-breeze.nike.co.kr/kr/ko_kr/cmsstatic/product/CJ4021-010/2964117a-ceae-4363-8ce6-ff05467d86d0_primary.jpg?browse
179,nike,https://www.nike.com//kr/ko_kr/t/women/ap/women-training/CQ9306-693/miti92/as-w-nk-dry-get-fit-fc-cw-cp-e,"79,000 원",https://static-breeze.nike.co.kr/kr/ko_kr/cmsstatic/product/CQ9306-693/69d2b020-4c21-4d3e-8397-d984dd970df4_primary.jpg?browse
180,nike,https://www.nike.com//kr/ko_kr/t/men/ap/nike-sportswear/CN9684-011/jxlz60/as-m-nsw-heritage-hoodie-po-sb,"85,000 원",https://static-breeze.nike.co.kr/kr/ko_kr/cmsstatic/product/CN9684-011/50eec23e-0d4a-453b-8290-41d767796344_primary.jpg?browse
181,nike,https://www.nike.com//kr/ko_kr/t/women/ap/running/CU3278-639/nykt70/as-w-nk-element-crew,"69,000 원",https://static-breeze.nike.co.kr/kr/ko_kr/cmsstatic/product/CU3278-639/3ac56731-9c84-4ef2-b65f-adfc0e3b1eab_primary.jpg?browse
182,nike,https://www.nike.com//kr/ko_kr/t/women/ap/nike-sportswear/CJ3220-100/bjck94/as-w-nsw-flag-pack-crew-ft,"85,000 원",https://static-breeze.nike.co.kr/kr/ko_kr/cmsstatic/product/CJ3220-100/c694a608-2e40-42dd-9a33-a941af22528c_primary.jpg?browse
183,nike,https://www.nike.com//kr/ko_kr/t/women/ap/nike-sportswear/CJ3116-100/svoq69/as-w-nsw-air-crew,"79,000 원",https://static-breeze.nike.co.kr/kr/ko_kr/cmsstatic/product/CJ3116-100/56407d23-c3bc-4553-98df-47668ac0d80c_primary.jpg?browse
184,nike,https://www.nike.com//kr/ko_kr/t/women/ap/nike-sportswear/CJ1695-063/uncp57/as-w-nsw-gym-vntg-hoodie-fz,"79,000 원",https://static-breeze.nike.co.kr/kr/ko_kr/cmsstatic/product/CJ1695-063/60e586fc-4cc0-4c3f-a126-d4784c403d9a_primary.jpg?browse
185,nike,https://www.nike.com//kr/ko_kr/t/women/ap/nike-sportswear/CJ1695-010/qgfw49/as-w-nsw-gym-vntg-hoodie-fz,"79,000 원",https://static-breeze.nike.co.kr/kr/ko_kr/cmsstatic/product/CJ1695-010/f10e9773-14d5-42bf-93e3-acc12ec62dae_primary.jpg?browse
186,nike,https://www.nike.com//kr/ko_kr/t/women/ap/nike-sportswear/CJ2486-287/uxpy38/as-w-nsw-retro-femme-crew-tt,"85,000 원",https://static-breeze.nike.co.kr/kr/ko_kr/cmsstatic/product/CJ2486-287/0a87f279-3205-4d6a-a8bd-5db03b22ecb5_primary.jpg?browse
187,nike,https://www.nike.com//kr/ko_kr/t/women/ap/women-training/CQ8834-664/ekwh88/as-w-nk-yoga-jersey-crop-h,"69,000 원",https://static-breeze.nike.co.kr/kr/ko_kr/cmsstatic/product/CQ8834-664/d2b9664e-ff29-46e4-b5e1-d6c09b06008e_primary.jpg?browse
188,nike,https://www.nike.com//kr/ko_kr/t/women/ap/nike-sportswear/CJ2283-500/dluo99/as-w-nsw-icn-clsh-crew-flc,"89,000 원",https://static-breeze.nike.co.kr/kr/ko_kr/cmsstatic/product/CJ2283-500/c4b48e28-c948-45d0-b75d-2d3693f31df3_primary.jpg?browse
189,nike,https://www.nike.com//kr/ko_kr/t/women/ap/running/CJ1875-010/dwdt63/as-w-nk-air-jkt,"129,000 원",https://static-breeze.nike.co.kr/kr/ko_kr/cmsstatic/product/CJ1875-010/ac4c032e-e464-4f8c-b529-e233cf508f85_primary.jpg?browse
