link,gender,type,images,idx
https://smartstore.naver.com/mkoutdoor/products/4820385864,M,BOTTOM,https://shop-phinf.pstatic.net/20200213_224/1581570534306Xg8qI_JPEG/124284_1.jpg?type=m510,0
https://smartstore.naver.com/mkoutdoor/products/4820383627,M,BOTTOM,https://shop-phinf.pstatic.net/20200213_246/1581570440921ost7B_JPEG/124859_1.jpg?type=m510,1
https://smartstore.naver.com/mkoutdoor/products/4764364281,M,BOTTOM,https://shop-phinf.pstatic.net/20191218_42/1576653369568BNvgk_JPEG/116257_1.jpg?type=m510,2
https://smartstore.naver.com/mkoutdoor/products/5002756106,M,BOTTOM,https://shop-phinf.pstatic.net/20200706_276/1594020821490RPFpU_JPEG/126507_1.jpg?type=m510,3
https://smartstore.naver.com/mkoutdoor/products/5002755803,M,BOTTOM,https://shop-phinf.pstatic.net/20200706_190/1594020818036QmScY_JPEG/126510_1.jpg?type=m510,4
https://smartstore.naver.com/mkoutdoor/products/5002755089,M,BOTTOM,https://shop-phinf.pstatic.net/20200706_76/1594020808066vxI0R_JPEG/126515_1.jpg?type=m510,5
https://smartstore.naver.com/mkoutdoor/products/5002754969,M,BOTTOM,https://shop-phinf.pstatic.net/20200706_131/1594020804558W4ap0_JPEG/126516_1.jpg?type=m510,6
https://smartstore.naver.com/mkoutdoor/products/5002754860,M,BOTTOM,https://shop-phinf.pstatic.net/20200706_50/1594020801165mSSip_JPEG/126518_1.jpg?type=m510,7
https://smartstore.naver.com/mkoutdoor/products/5002754753,M,BOTTOM,https://shop-phinf.pstatic.net/20200706_71/1594020797896r74Pr_JPEG/126519_1.jpg?type=m510,8
https://smartstore.naver.com/mkoutdoor/products/5002754650,M,BOTTOM,https://shop-phinf.pstatic.net/20200706_27/1594020794522P2glO_JPEG/126522_1.jpg?type=m510,9
https://smartstore.naver.com/mkoutdoor/products/5002754339,M,BOTTOM,https://shop-phinf.pstatic.net/20200706_193/1594020791124D3KEt_JPEG/126523_1.jpg?type=m510,10
https://smartstore.naver.com/mkoutdoor/products/5002753771,M,BOTTOM,https://shop-phinf.pstatic.net/20200706_115/1594020784489ccDEv_JPEG/126527_1.jpg?type=m510,11
https://smartstore.naver.com/mkoutdoor/products/5002753460,M,BOTTOM,https://shop-phinf.pstatic.net/20200706_26/1594020767002gIGnm_JPEG/126567_1.jpg?type=m510,12
https://smartstore.naver.com/mkoutdoor/products/5002753151,M,BOTTOM,https://shop-phinf.pstatic.net/20200706_65/1594020763707Kmty6_JPEG/126568_1.jpg?type=m510,13
https://smartstore.naver.com/mkoutdoor/products/5002752930,M,BOTTOM,https://shop-phinf.pstatic.net/20200706_182/1594020760304RnJpD_JPEG/126569_1.jpg?type=m510,14
https://smartstore.naver.com/mkoutdoor/products/5002752842,M,BOTTOM,https://shop-phinf.pstatic.net/20200706_184/1594020756971gL3ml_JPEG/126570_1.jpg?type=m510,15
https://smartstore.naver.com/mkoutdoor/products/5002752758,M,BOTTOM,https://shop-phinf.pstatic.net/20200706_37/1594020753160iNRTz_JPEG/126571_1.jpg?type=m510,16
https://smartstore.naver.com/mkoutdoor/products/5002752451,M,BOTTOM,https://shop-phinf.pstatic.net/20200706_195/1594020742404ysdFV_JPEG/126574_1.jpg?type=m510,17
https://smartstore.naver.com/mkoutdoor/products/5002752321,M,BOTTOM,https://shop-phinf.pstatic.net/20200706_254/1594020739082DdGdE_JPEG/126575_1.jpg?type=m510,18
https://smartstore.naver.com/mkoutdoor/products/4820388728,M,BOTTOM,https://shop-phinf.pstatic.net/20200213_293/1581570636445VnSRC_JPEG/124249_1.jpg?type=m510,19
https://smartstore.naver.com/mkoutdoor/products/4820384507,M,BOTTOM,https://shop-phinf.pstatic.net/20200213_215/1581570489026DL6Cu_JPEG/124845_1.jpg?type=m510,20
https://smartstore.naver.com/mkoutdoor/products/4708086906,M,BOTTOM,https://shop-phinf.pstatic.net/20191024_198/1571895046355FIECl_JPEG/123125_1.jpg?type=m510,21
https://smartstore.naver.com/mkoutdoor/products/4700410163,M,BOTTOM,https://shop-phinf.pstatic.net/20191017_120/15712746717256jIBb_JPEG/122828_1.jpg?type=m510,22
https://smartstore.naver.com/mkoutdoor/products/4637363696,M,BOTTOM,https://shop-phinf.pstatic.net/20200304_284/1583301615740pT8cY_JPEG/20662354372968786_1823526835.jpg?type=m510,23
https://smartstore.naver.com/mkoutdoor/products/4820388872,M,BOTTOM,https://shop-phinf.pstatic.net/20200213_35/1581570639734xMgDf_JPEG/124225_1.jpg?type=m510,24
https://smartstore.naver.com/takefive/products/4645027124,M,BOTTOM,https://shop-phinf.pstatic.net/20190822_3/dadaepo01_1566438682466H1Da9_JPEG/3801016033606784_851033858.jpg?type=m510,25
https://smartstore.naver.com/takefive/products/4413794653,M,BOTTOM,https://shop-phinf.pstatic.net/20190403_65/dadaepo01_1554252227551cq2MN_JPEG/77559387171631318_1885283863.jpg?type=m510,26
https://smartstore.naver.com/takefive/products/4413790505,M,BOTTOM,https://shop-phinf.pstatic.net/20190403_201/dadaepo01_1554251796558J7JG9_JPEG/77558956178623118_321627517.jpg?type=m510,27
https://smartstore.naver.com/takefive/products/4413765037,M,BOTTOM,https://shop-phinf.pstatic.net/20190403_139/dadaepo01_1554250672623vC3o5_JPEG/77557832243496782_1754920254.jpg?type=m510,28
https://smartstore.naver.com/takefive/products/4413754927,M,BOTTOM,https://shop-phinf.pstatic.net/20190403_269/dadaepo01_15542502369812WVak_JPEG/77557396453667772_877322573.jpg?type=m510,29
https://smartstore.naver.com/takefive/products/4411310636,M,BOTTOM,https://shop-phinf.pstatic.net/20190402_272/dadaepo01_1554194113953GpNDt_JPEG/77500414580655384_1202649197.jpg?type=m510,30
https://smartstore.naver.com/takefive/products/4411077491,M,BOTTOM,https://shop-phinf.pstatic.net/20190402_173/dadaepo01_15541903256131C29F_JPEG/36909184461712522_749508058.jpg?type=m510,31
https://smartstore.naver.com/takefive/products/4411068229,M,BOTTOM,https://shop-phinf.pstatic.net/20190402_125/dadaepo01_1554190152746yJoMK_JPEG/36909011595175955_656409310.jpg?type=m510,32
https://smartstore.naver.com/takefive/products/4410960130,M,BOTTOM,https://shop-phinf.pstatic.net/20190402_126/dadaepo01_1554187623072gCdx1_JPEG/77493923697485626_789114994.jpg?type=m510,33
https://smartstore.naver.com/takefive/products/4410952227,M,BOTTOM,https://shop-phinf.pstatic.net/20190402_267/dadaepo01_1554187394242KMl9i_JPEG/77493694867991994_1334223562.jpg?type=m510,34
https://smartstore.naver.com/takefive/products/4410934474,M,BOTTOM,https://shop-phinf.pstatic.net/20190402_126/dadaepo01_1554186992579Vvl71_JPEG/77493293204214603_1838637407.jpg?type=m510,35
https://smartstore.naver.com/takefive/products/4410923011,M,BOTTOM,https://shop-phinf.pstatic.net/20190402_294/dadaepo01_1554186724265M8FCa_JPEG/36905583114023375_1206282921.jpg?type=m510,36
https://smartstore.naver.com/takefive/products/4410912846,M,BOTTOM,https://shop-phinf.pstatic.net/20190402_94/dadaepo01_155418654309212a9y_JPEG/36905401940598595_885143918.jpg?type=m510,37
https://smartstore.naver.com/takefive/products/4410905741,M,BOTTOM,https://shop-phinf.pstatic.net/20190402_214/dadaepo01_15541864022293EkEQ_JPEG/36905261076382258_784502783.jpg?type=m510,38
https://smartstore.naver.com/takefive/products/4410896775,M,BOTTOM,https://shop-phinf.pstatic.net/20190402_133/dadaepo01_15541861490530kPmd_JPEG/36905007901116668_515412292.jpg?type=m510,39
https://smartstore.naver.com/takefive/products/4410836013,M,BOTTOM,https://shop-phinf.pstatic.net/20190402_94/dadaepo01_1554184222882qSXl0_JPEG/77490523508241207_781000857.jpg?type=m510,40
https://smartstore.naver.com/takefive/products/4410672292,M,BOTTOM,https://shop-phinf.pstatic.net/20190402_75/dadaepo01_15541793328679Q6s1_JPEG/36810512521589119_607560371.jpg?type=m510,41
https://smartstore.naver.com/takefive/products/4410663138,M,BOTTOM,https://shop-phinf.pstatic.net/20190402_206/dadaepo01_1554179172715wrqyz_JPEG/36810352371004895_76399989.jpg?type=m510,42
https://smartstore.naver.com/takefive/products/4410612774,M,BOTTOM,https://shop-phinf.pstatic.net/20190402_228/dadaepo01_1554177924708HFYm3_JPEG/36896783556305674_400872572.jpg?type=m510,43
https://smartstore.naver.com/takefive/products/4410460048,M,BOTTOM,https://shop-phinf.pstatic.net/20190402_153/dadaepo01_1554173707377VxRxw_JPEG/36804887031561239_336057745.jpg?type=m510,44
https://smartstore.naver.com/takefive/products/4410452678,M,BOTTOM,https://shop-phinf.pstatic.net/20190402_93/dadaepo01_1554173438249QgLjs_JPEG/36804617904489350_2037671989.jpg?type=m510,45
https://smartstore.naver.com/takefive/products/4410445810,M,BOTTOM,https://shop-phinf.pstatic.net/20190402_287/dadaepo01_1554173256641CbuLk_JPEG/36804436295682582_386479767.jpg?type=m510,46
https://smartstore.naver.com/takefive/products/4410355403,M,BOTTOM,https://shop-phinf.pstatic.net/20190402_2/dadaepo01_1554169829693OpdS0_JPEG/77476130318840789_290992128.jpg?type=m510,47
https://smartstore.naver.com/takefive/products/4410345752,M,BOTTOM,https://shop-phinf.pstatic.net/20190402_9/dadaepo01_1554169747521hlvs4_JPEG/77476048147893370_130448599.jpg?type=m510,48
https://smartstore.naver.com/takefive/products/4410336839,M,BOTTOM,https://shop-phinf.pstatic.net/20190402_231/dadaepo01_1554169207169NDopb_JPEG/77475507795513780_1778241436.jpg?type=m510,49
https://smartstore.naver.com/takefive/products/4410325814,M,BOTTOM,https://shop-phinf.pstatic.net/20190402_152/dadaepo01_1554168901669Eczsl_JPEG/77475202295868923_952980518.jpg?type=m510,50
https://smartstore.naver.com/takefive/products/4410316659,M,BOTTOM,https://shop-phinf.pstatic.net/20190402_244/dadaepo01_1554167627500nCDsm_JPEG/77473928127496470_1247774198.jpg?type=m510,51
https://smartstore.naver.com/takefive/products/4410290854,M,BOTTOM,https://shop-phinf.pstatic.net/20190402_285/dadaepo01_1554166860891IIhlJ_JPEG/77473161516619204_1633498374.jpg?type=m510,52
https://smartstore.naver.com/takefive/products/4408871020,M,BOTTOM,https://shop-phinf.pstatic.net/20190401_253/dadaepo01_1554108536508niGsX_JPEG/36739716162921829_1416488491.jpg?type=m510,53
https://smartstore.naver.com/takefive/products/4408859140,M,BOTTOM,https://shop-phinf.pstatic.net/20190401_165/dadaepo01_15541083386632iQ12_JPEG/36739518318939953_1859758668.jpg?type=m510,54
https://smartstore.naver.com/takefive/products/4408694327,M,BOTTOM,https://shop-phinf.pstatic.net/20190401_152/dadaepo01_1554104993239Xgw1g_JPEG/36823852086711346_403519989.jpg?type=m510,55
https://smartstore.naver.com/takefive/products/4408630216,M,BOTTOM,https://shop-phinf.pstatic.net/20190401_117/dadaepo01_1554103864170Uvygt_JPEG/36822723017087107_1480610700.jpg?type=m510,56
https://smartstore.naver.com/takefive/products/4408578707,M,BOTTOM,https://shop-phinf.pstatic.net/20190401_216/dadaepo01_1554102764358kI9Rc_JPEG/77409944000688442_1603735117.jpg?type=m510,57
https://smartstore.naver.com/takefive/products/4346555208,M,BOTTOM,https://shop-phinf.pstatic.net/20190318_66/dadaepo01_1552890245914ln5jh_JPEG/35609104761161315_1987486280.jpg?type=m510,58
https://smartstore.naver.com/takefive/products/4451442880,M,BOTTOM,https://shop-phinf.pstatic.net/20190418_6/dadaepo01_15555708515013Qhrx_JPEG/78878031141994214_315070512.jpg?type=m510,59
https://smartstore.naver.com/takefive/products/4451427732,M,BOTTOM,https://shop-phinf.pstatic.net/20190418_267/dadaepo01_1555570679392zMInB_JPEG/38201859048091984_784369181.jpg?type=m510,60
https://smartstore.naver.com/takefive/products/4451355802,M,BOTTOM,https://shop-phinf.pstatic.net/20190418_223/dadaepo01_15555697677232Tv1O_JPEG/38200947378942661_557546557.jpg?type=m510,61
https://smartstore.naver.com/takefive/products/4451347825,M,BOTTOM,https://shop-phinf.pstatic.net/20190418_209/dadaepo01_15555696493894UPyz_JPEG/38200829040630129_557039046.jpg?type=m510,62
https://smartstore.naver.com/takefive/products/4451201190,M,BOTTOM,https://shop-phinf.pstatic.net/20190418_266/dadaepo01_1555567685919Iyktl_JPEG/78873986543605770_581745300.jpg?type=m510,63
https://smartstore.naver.com/takefive/products/4451190389,M,BOTTOM,https://shop-phinf.pstatic.net/20190418_115/dadaepo01_15555675268972A0ES_JPEG/78873827523672269_338113534.jpg?type=m510,64
https://smartstore.naver.com/takefive/products/4451119156,M,BOTTOM,https://shop-phinf.pstatic.net/20190418_233/dadaepo01_155556659741449Tqn_JPEG/78872898042191562_1454409675.jpg?type=m510,65
https://smartstore.naver.com/takefive/products/4451108240,M,BOTTOM,https://shop-phinf.pstatic.net/20190418_13/dadaepo01_15555664392059Dseu_JPEG/78872739831283762_13987699.jpg?type=m510,66
https://smartstore.naver.com/takefive/products/4450877731,M,BOTTOM,https://shop-phinf.pstatic.net/20190418_66/dadaepo01_15555639442231qxDV_JPEG/38282803070738684_1026564721.jpg?type=m510,67
https://smartstore.naver.com/takefive/products/4450865221,M,BOTTOM,https://shop-phinf.pstatic.net/20190418_91/dadaepo01_15555637772813Azif_JPEG/38282636128517480_130294087.jpg?type=m510,68
https://smartstore.naver.com/takefive/products/4450853427,M,BOTTOM,https://shop-phinf.pstatic.net/20190418_168/dadaepo01_15555635171186SzBx_JPEG/38282375967399542_387095086.jpg?type=m510,69
https://smartstore.naver.com/takefive/products/4450726071,M,BOTTOM,https://shop-phinf.pstatic.net/20190418_133/dadaepo01_1555562114280qhUxo_JPEG/38280973127205511_1382533761.jpg?type=m510,70
https://smartstore.naver.com/takefive/products/4450713243,M,BOTTOM,https://shop-phinf.pstatic.net/20190418_264/dadaepo01_1555561831502Id3UU_JPEG/38280690351756735_97788050.jpg?type=m510,71
https://smartstore.naver.com/takefive/products/4450615063,M,BOTTOM,https://shop-phinf.pstatic.net/20190418_114/dadaepo01_1555560635009NW643_JPEG/38191814664980230_1968169135.jpg?type=m510,72
https://smartstore.naver.com/takefive/products/4450603251,M,BOTTOM,https://shop-phinf.pstatic.net/20190418_34/dadaepo01_1555560484988slxYP_JPEG/38191664643772477_597521338.jpg?type=m510,73
https://smartstore.naver.com/takefive/products/4450592473,M,BOTTOM,https://shop-phinf.pstatic.net/20190418_192/dadaepo01_1555560337720mNGId_JPEG/38191517374716645_348119988.jpg?type=m510,74
https://smartstore.naver.com/takefive/products/4450581109,M,BOTTOM,https://shop-phinf.pstatic.net/20190418_153/dadaepo01_15555601479817RsGY_JPEG/38191327637217754_1633064627.jpg?type=m510,75
https://smartstore.naver.com/takefive/products/4450569932,M,BOTTOM,https://shop-phinf.pstatic.net/20190418_129/dadaepo01_1555559979516Fd0rw_JPEG/38191159171188689_931980011.jpg?type=m510,76
https://smartstore.naver.com/takefive/products/4450147859,M,BOTTOM,https://shop-phinf.pstatic.net/20190418_236/dadaepo01_1555554116672Bcf67_JPEG/38272975520516144_657764133.jpg?type=m510,77
https://smartstore.naver.com/takefive/products/4450130928,M,BOTTOM,https://shop-phinf.pstatic.net/20190418_127/dadaepo01_1555553882376bdH35_JPEG/38185062032830424_1235056542.jpg?type=m510,78
https://smartstore.naver.com/takefive/products/4450077262,M,BOTTOM,https://shop-phinf.pstatic.net/20190418_58/dadaepo01_1555553126169dxvt7_JPEG/38184305824687844_984735868.jpg?type=m510,79
https://smartstore.naver.com/takefive/products/4450012689,M,BOTTOM,https://shop-phinf.pstatic.net/20190418_71/dadaepo01_1555551993820uruhS_JPEG/38183173463208484_316985733.jpg?type=m510,80
https://smartstore.naver.com/takefive/products/4449989592,M,BOTTOM,https://shop-phinf.pstatic.net/20190418_51/dadaepo01_1555551686931JOjzx_JPEG/38182866587277291_133656357.jpg?type=m510,81
https://smartstore.naver.com/takefive/products/4449960899,M,BOTTOM,https://shop-phinf.pstatic.net/20190418_41/dadaepo01_1555551182482QLLkK_JPEG/78858362124304709_1908538475.jpg?type=m510,82
https://smartstore.naver.com/takefive/products/4449945550,M,BOTTOM,https://shop-phinf.pstatic.net/20190418_164/dadaepo01_15555509258930aU82_JPEG/78858105534898716_2062833693.jpg?type=m510,83
https://smartstore.naver.com/takefive/products/4449897662,M,BOTTOM,https://shop-phinf.pstatic.net/20190418_232/dadaepo01_1555550099453omUxv_JPEG/78857279093655555_421505639.jpg?type=m510,84
https://smartstore.naver.com/takefive/products/4449889825,M,BOTTOM,https://shop-phinf.pstatic.net/20190418_226/dadaepo01_1555549632195TbbXP_JPEG/78856811837491302_505963410.jpg?type=m510,85
https://smartstore.naver.com/takefive/products/4416963128,M,BOTTOM,https://shop-phinf.pstatic.net/20190418_46/dadaepo01_1555547049879zKn6D_JPEG/78854209346166395_758516732.jpg?type=m510,86
https://smartstore.naver.com/takefive/products/4512568695,M,BOTTOM,https://shop-phinf.pstatic.net/20200513_221/1589353056813sl2JG_JPEG/26713795446223621_2141930140.jpg?type=m510,87
https://smartstore.naver.com/takefive/products/4512561217,M,BOTTOM,https://shop-phinf.pstatic.net/20200513_135/1589350536443kLqbx_JPEG/26712870018517355_174290732.jpg?type=m510,88
https://smartstore.naver.com/takefive/products/4512552937,M,BOTTOM,https://shop-phinf.pstatic.net/20200513_194/1589353210130fKOPQ_JPEG/26713948724734414_387091379.jpg?type=m510,89
https://smartstore.naver.com/takefive/products/4512542044,M,BOTTOM,https://shop-phinf.pstatic.net/20200513_165/1589353000142mw8Du_JPEG/26713738775609702_679260515.jpg?type=m510,90
https://smartstore.naver.com/takefive/products/4512532678,M,BOTTOM,https://shop-phinf.pstatic.net/20200513_124/1589350463517TL7zQ_JPEG/26712797094124726_1633812491.jpg?type=m510,91
https://smartstore.naver.com/takefive/products/4512512808,M,BOTTOM,https://shop-phinf.pstatic.net/20200513_96/1589351363778PwbPx_JPEG/26714752296499247_262692491.jpg?type=m510,92
https://smartstore.naver.com/takefive/products/4512494680,M,BOTTOM,https://shop-phinf.pstatic.net/20200513_284/15893528996725bR6G_JPEG/26713638304449460_1896646114.jpg?type=m510,93
https://smartstore.naver.com/takefive/products/4512483321,M,BOTTOM,https://shop-phinf.pstatic.net/20200513_235/1589350362408JlO0s_JPEG/26712695983919610_867325641.jpg?type=m510,94
https://smartstore.naver.com/takefive/products/4512473852,M,BOTTOM,https://shop-phinf.pstatic.net/20200513_175/1589349643173M9uKX_JPEG/26713031691369327_1207714753.jpg?type=m510,95
https://smartstore.naver.com/takefive/products/4512461168,M,BOTTOM,https://shop-phinf.pstatic.net/20200513_95/1589349568018CVzi9_JPEG/26712956534205937_945412799.jpg?type=m510,96
https://smartstore.naver.com/takefive/products/4512454852,M,BOTTOM,https://shop-phinf.pstatic.net/20200513_170/1589333628525J4ypg_JPEG/26697017041224278_2110323489.jpg?type=m510,97
https://smartstore.naver.com/takefive/products/4512447793,M,BOTTOM,https://shop-phinf.pstatic.net/20200513_2/1589333268943OQc2r_JPEG/26696657457244683_382162323.jpg?type=m510,98
https://smartstore.naver.com/takefive/products/4512440736,M,BOTTOM,https://shop-phinf.pstatic.net/20200513_115/1589333205586LGAf9_JPEG/26696593908647884_948119779.jpg?type=m510,99
https://smartstore.naver.com/takefive/products/4512435965,M,BOTTOM,https://shop-phinf.pstatic.net/20200513_103/1589333108504NnqnF_JPEG/26696497021705261_1634002212.jpg?type=m510,100
https://smartstore.naver.com/takefive/products/4512429930,M,BOTTOM,https://shop-phinf.pstatic.net/20200513_213/1589333021799d1XSe_JPEG/26696410115027064_1130351740.jpg?type=m510,101
https://smartstore.naver.com/takefive/products/4512423481,M,BOTTOM,https://shop-phinf.pstatic.net/20200513_168/1589332908645Jg2RS_JPEG/26696296970051486_900123385.jpg?type=m510,102
https://smartstore.naver.com/takefive/products/4512412104,M,BOTTOM,https://shop-phinf.pstatic.net/20200513_29/1589332793435HXkXI_JPEG/26696181952427900_206420914.jpg?type=m510,103
https://smartstore.naver.com/takefive/products/4512404750,M,BOTTOM,https://shop-phinf.pstatic.net/20200513_185/1589332556255RG4dV_JPEG/26695944772613034_829807458.jpg?type=m510,104
https://smartstore.naver.com/takefive/products/4512388513,M,BOTTOM,https://shop-phinf.pstatic.net/20200512_105/1589257323762zwhEI_JPEG/26618062393258042_1346818914.jpg?type=m510,105
https://smartstore.naver.com/takefive/products/4512371961,M,BOTTOM,https://shop-phinf.pstatic.net/20200512_199/1589251514975qcqyJ_JPEG/26613057605891102_647588835.jpg?type=m510,106
https://smartstore.naver.com/takefive/products/4512364364,M,BOTTOM,https://shop-phinf.pstatic.net/20200512_175/15892514139533hqDN_JPEG/26612956583673582_856129796.jpg?type=m510,107
https://smartstore.naver.com/takefive/products/4512359516,M,BOTTOM,https://shop-phinf.pstatic.net/20200512_60/15892512887387iupv_JPEG/26612831368287347_1167076288.jpg?type=m510,108
https://smartstore.naver.com/takefive/products/4512354148,M,BOTTOM,https://shop-phinf.pstatic.net/20200512_37/158925117026780gSz_JPEG/26612712897795513_1657781843.jpg?type=m510,109
https://smartstore.naver.com/takefive/products/4512349218,M,BOTTOM,https://shop-phinf.pstatic.net/20200512_278/1589250796627mo0JY_JPEG/26610631172362679_2080328362.jpg?type=m510,110
https://smartstore.naver.com/takefive/products/4512344017,M,BOTTOM,https://shop-phinf.pstatic.net/20200512_117/1589250565769A961Q_JPEG/26610400315080160_607065207.jpg?type=m510,111
https://smartstore.naver.com/takefive/products/4512332540,M,BOTTOM,https://shop-phinf.pstatic.net/20200504_179/1588564851890EWBXI_JPEG/25928240407558032_1269931239.jpg?type=m510,112
https://smartstore.naver.com/takefive/products/4512328005,M,BOTTOM,https://shop-phinf.pstatic.net/20200504_215/1588564726133rcGG4_JPEG/25928114649458586_820477446.jpg?type=m510,113
https://smartstore.naver.com/takefive/products/4512323939,M,BOTTOM,https://shop-phinf.pstatic.net/20200504_122/1588564565429v8ALC_JPEG/25927953945763738_1814621098.jpg?type=m510,114
https://smartstore.naver.com/takefive/products/4512314161,M,BOTTOM,https://shop-phinf.pstatic.net/20200501_25/1588319832041XaNzq_JPEG/25682165615879339_848071265.jpg?type=m510,115
https://smartstore.naver.com/takefive/products/4512306649,M,BOTTOM,https://shop-phinf.pstatic.net/20200501_130/1588319452596HACxU_JPEG/25680995225953455_842368061.jpg?type=m510,116
https://smartstore.naver.com/takefive/products/4512299470,M,BOTTOM,https://shop-phinf.pstatic.net/20200501_216/1588314839957zTvDl_JPEG/25675578590139320_179128464.jpg?type=m510,117
https://smartstore.naver.com/takefive/products/4512273842,M,BOTTOM,https://shop-phinf.pstatic.net/20200501_211/1588314644236VIsEq_JPEG/25675382869591633_793489181.jpg?type=m510,118
https://smartstore.naver.com/takefive/products/4512250002,M,BOTTOM,https://shop-phinf.pstatic.net/20200501_99/1588314486255VsONN_JPEG/25675224888943348_1536360943.jpg?type=m510,119
https://smartstore.naver.com/takefive/products/4512242699,M,BOTTOM,https://shop-phinf.pstatic.net/20200501_101/1588314122566hq3fl_JPEG/25673957114538096_862453130.jpg?type=m510,120
https://smartstore.naver.com/takefive/products/4512230308,M,BOTTOM,https://shop-phinf.pstatic.net/20200326_211/1585185871699yIDy9_JPEG/22546610333214766_327828208.jpg?type=m510,121
https://smartstore.naver.com/takefive/products/4454536938,M,BOTTOM,https://shop-phinf.pstatic.net/20200326_160/1585185501149MrBfb_JPEG/22545335697793989_2107963304.jpg?type=m510,122
https://smartstore.naver.com/vertkorea/products/4391720943,M,BOTTOM,https://shop-phinf.pstatic.net/20190328_80/vertkorea_1553745387221aDBdF_JPEG/77051687847261889_1914086339.jpg?type=m510,123
https://smartstore.naver.com/vertkorea/products/3704507693,M,BOTTOM,https://shop-phinf.pstatic.net/20181024_296/vertkorea_1540361833789ukz4C_JPEG/23080692631321251_10145077.jpg?type=m510,124
https://smartstore.naver.com/vertkorea/products/3704505250,M,BOTTOM,https://shop-phinf.pstatic.net/20181024_117/vertkorea_1540361805167mJtLR_JPEG/23080663919991513_71396394.jpg?type=m510,125
https://smartstore.naver.com/vertkorea/products/3704502996,M,BOTTOM,https://shop-phinf.pstatic.net/20181024_44/vertkorea_1540361714835ywKji_JPEG/23080573678177449_1980112421.jpg?type=m510,126
https://smartstore.naver.com/vertkorea/products/3281538037,M,BOTTOM,https://shop-phinf.pstatic.net/20180717_197/vertkorea_15318161718438O7gt_JPEG/55123351484774425_89724203.jpg?type=m510,127
https://www.fila.co.kr/product/view.asp?ProductNo=39704,M,BOTTOM,https://assets.styleship.com/fila/data/productimages/a/2/FS2WPC3E01X_BLK.jpg,128
https://www.fila.co.kr/product/view.asp?ProductNo=39639,M,BOTTOM,https://assets.styleship.com/fila/data/productimages/a/2/FS2FPC3010X_DKH.jpg,129
https://www.fila.co.kr/product/view.asp?ProductNo=39637,M,BOTTOM,https://assets.styleship.com/fila/data/productimages/a/2/FS2FPC3010X_BLK.jpg,130
https://www.fila.co.kr/product/view.asp?ProductNo=39635,M,BOTTOM,https://assets.styleship.com/fila/data/productimages/a/2/FS2FPC3010X_CRM.jpg,131
https://www.fila.co.kr/product/view.asp?ProductNo=39634,M,BOTTOM,https://assets.styleship.com/fila/data/productimages/a/2/FS2FPC3226X_SBE.jpg,132
https://www.fila.co.kr/product/view.asp?ProductNo=39621,M,BOTTOM,https://assets.styleship.com/fila/data/productimages/a/2/FS2FPC3226X_CAN.jpg,133
https://www.fila.co.kr/product/view.asp?ProductNo=39603,M,BOTTOM,https://assets.styleship.com/fila/data/productimages/a/2/FS2FPC3107X_OWH.jpg,134
https://www.fila.co.kr/product/view.asp?ProductNo=39601,M,BOTTOM,https://assets.styleship.com/fila/data/productimages/a/2/FS2FPC3107X_BLK.jpg,135
https://www.fila.co.kr/product/view.asp?ProductNo=39598,M,BOTTOM,https://assets.styleship.com/fila/data/productimages/a/2/FS2FPC3106X_BLK.jpg,136
https://www.fila.co.kr/product/view.asp?ProductNo=39597,M,BOTTOM,https://assets.styleship.com/fila/data/productimages/a/2/FS2FPC3108X_LML.jpg,137
https://www.fila.co.kr/product/view.asp?ProductNo=39589,M,BOTTOM,https://assets.styleship.com/fila/data/productimages/a/2/FS2FPC3106X_INA.jpg,138
https://www.fila.co.kr/product/view.asp?ProductNo=39580,M,BOTTOM,https://assets.styleship.com/fila/data/productimages/a/2/FS2FPC3108X_BLK.jpg,139
https://www.fila.co.kr/product/view.asp?ProductNo=39336,M,BOTTOM,https://assets.styleship.com/fila/data/productimages/a/2/FS2FPC4201M_BLK.jpg,140
https://www.fila.co.kr/product/view.asp?ProductNo=39192,M,BOTTOM,https://assets.styleship.com/fila/data/productimages/a/2/FS2FPC3009X_INA.jpg,141
https://www.fila.co.kr/product/view.asp?ProductNo=39191,M,BOTTOM,https://assets.styleship.com/fila/data/productimages/a/2/FS2FPC3101X_LML.jpg,142
https://www.fila.co.kr/product/view.asp?ProductNo=39190,M,BOTTOM,https://assets.styleship.com/fila/data/productimages/a/2/FS2FPC3102X_LML.jpg,143
https://www.fila.co.kr/product/view.asp?ProductNo=39188,M,BOTTOM,https://assets.styleship.com/fila/data/productimages/a/2/FS2FPC3009X_OWH.jpg,144
https://www.fila.co.kr/product/view.asp?ProductNo=39187,M,BOTTOM,https://assets.styleship.com/fila/data/productimages/a/2/FS2FPC3102X_BLK.jpg,145
https://www.fila.co.kr/product/view.asp?ProductNo=39185,M,BOTTOM,https://assets.styleship.com/fila/data/productimages/a/2/FS2FPC3009X_BLK.jpg,146
https://www.fila.co.kr/product/view.asp?ProductNo=39184,M,BOTTOM,https://assets.styleship.com/fila/data/productimages/a/2/FS2FPC3101X_BLK.jpg,147
https://www.fila.co.kr/product/view.asp?ProductNo=39183,M,BOTTOM,https://assets.styleship.com/fila/data/productimages/a/2/FS2FPC3102X_DNA.jpg,148
https://www.fila.co.kr/product/view.asp?ProductNo=38215,M,BOTTOM,https://assets.styleship.com/fila/data/productimages/a/2/FS2FPC2204X_EPK.jpg,149
https://www.fila.co.kr/product/view.asp?ProductNo=38165,M,BOTTOM,https://assets.styleship.com/fila/data/productimages/a/2/FS2FPC2204X_OWH.jpg,150
https://www.fila.co.kr/product/view.asp?ProductNo=38162,M,BOTTOM,https://assets.styleship.com/fila/data/productimages/a/2/FS2FPC2205X_INA.jpg,151
https://www.fila.co.kr/product/view.asp?ProductNo=38159,M,BOTTOM,https://assets.styleship.com/fila/data/productimages/a/2/FS2FPC2204X_BLK.jpg,152
https://www.fila.co.kr/product/view.asp?ProductNo=38093,M,BOTTOM,https://assets.styleship.com/fila/data/productimages/a/2/FS2FPC1110X_FGR.jpg,153
https://www.fila.co.kr/product/view.asp?ProductNo=38088,M,BOTTOM,https://assets.styleship.com/fila/data/productimages/a/2/FS2FPC1110X_BLK.jpg,154
https://www.fila.co.kr/product/view.asp?ProductNo=37822,M,BOTTOM,https://assets.styleship.com/fila/data/productimages/a/2/FS2FPC2203X_INA.jpg,155
https://www.fila.co.kr/product/view.asp?ProductNo=37374,M,BOTTOM,https://assets.styleship.com/fila/data/productimages/a/2/FS2FPC1121X_INA.jpg,156
https://www.fila.co.kr/product/view.asp?ProductNo=37234,M,BOTTOM,https://assets.styleship.com/fila/data/productimages/a/2/FS2FPC2206X_INA.jpg,157
https://www.fila.co.kr/product/view.asp?ProductNo=37215,M,BOTTOM,https://assets.styleship.com/fila/data/productimages/a/2/FS2FPC1120X_INA.jpg,158
https://www.fila.co.kr/product/view.asp?ProductNo=37212,M,BOTTOM,https://assets.styleship.com/fila/data/productimages/a/2/FS2FPC1120X_OWH.jpg,159
https://www.fila.co.kr/product/view.asp?ProductNo=37210,M,BOTTOM,https://assets.styleship.com/fila/data/productimages/a/2/FS2FPC1120X_BLK.jpg,160
https://www.fila.co.kr/product/view.asp?ProductNo=36736,M,BOTTOM,https://assets.styleship.com/fila/data/productimages/a/2/FS2FPC1107X_BLK.jpg,161
https://www.fila.co.kr/product/view.asp?ProductNo=36734,M,BOTTOM,https://assets.styleship.com/fila/data/productimages/a/2/FS2FPC2201M_BLK.jpg,162
https://www.fila.co.kr/product/view.asp?ProductNo=36724,M,BOTTOM,https://assets.styleship.com/fila/data/productimages/a/2/FS2FPC1107X_INA.jpg,163
https://www.fila.co.kr/product/view.asp?ProductNo=36722,M,BOTTOM,https://assets.styleship.com/fila/data/productimages/a/2/FS2FPC2201M_INA.jpg,164
https://www.fila.co.kr/product/view.asp?ProductNo=36706,M,BOTTOM,https://assets.styleship.com/fila/data/productimages/a/2/FS2FPC2202M_BLK.jpg,165
https://www.fila.co.kr/product/view.asp?ProductNo=36465,M,BOTTOM,https://assets.styleship.com/fila/data/productimages/a/2/FS2FPC1101X_LML.jpg,166
https://www.fila.co.kr/product/view.asp?ProductNo=36461,M,BOTTOM,https://assets.styleship.com/fila/data/productimages/a/2/FS2FPC1108X_INA.jpg,167
https://www.fila.co.kr/product/view.asp?ProductNo=36459,M,BOTTOM,https://assets.styleship.com/fila/data/productimages/a/2/FS2FPC1111X_OWH.jpg,168
https://www.fila.co.kr/product/view.asp?ProductNo=36436,M,BOTTOM,https://assets.styleship.com/fila/data/productimages/a/2/FS2FPC1111X_BLK.jpg,169
https://www.fila.co.kr/product/view.asp?ProductNo=36418,M,BOTTOM,https://assets.styleship.com/fila/data/productimages/a/2/FS2FPC1101X_BLK.jpg,170
https://www.fila.co.kr/product/view.asp?ProductNo=36415,M,BOTTOM,https://assets.styleship.com/fila/data/productimages/a/2/FS2FPC1102X_INA.jpg,171
https://www.fila.co.kr/product/view.asp?ProductNo=36413,M,BOTTOM,https://assets.styleship.com/fila/data/productimages/a/2/FS2FPC1102X_ROR.jpg,172
https://www.fila.co.kr/product/view.asp?ProductNo=36411,M,BOTTOM,https://assets.styleship.com/fila/data/productimages/a/2/FS2FPC1111X_INA.jpg,173
https://www.fila.co.kr/product/view.asp?ProductNo=36350,M,BOTTOM,https://assets.styleship.com/fila/data/productimages/a/2/FS2WPC2201M_BLK.jpg,174
https://www.fila.co.kr/product/view.asp?ProductNo=36340,M,BOTTOM,https://assets.styleship.com/fila/data/productimages/a/2/FS2WPC1201X_BLK.jpg,175
https://www.fila.co.kr/product/view.asp?ProductNo=36284,M,BOTTOM,https://assets.styleship.com/fila/data/productimages/a/2/FS2FPC1301M_INA.jpg,176
https://www.fila.co.kr/product/view.asp?ProductNo=36272,M,BOTTOM,https://assets.styleship.com/fila/data/productimages/a/2/FS2FPC1113X_LGY.jpg,177
https://www.fila.co.kr/product/view.asp?ProductNo=36269,M,BOTTOM,https://assets.styleship.com/fila/data/productimages/a/2/FS2FPC1301M_OWH.jpg,178
https://www.fila.co.kr/product/view.asp?ProductNo=36257,M,BOTTOM,https://assets.styleship.com/fila/data/productimages/a/2/FS2FPC1113X_OWH.jpg,179
https://www.fila.co.kr/product/view.asp?ProductNo=36244,M,BOTTOM,https://assets.styleship.com/fila/data/productimages/a/2/FS2FPC1113X_INA.jpg,180
https://www.fila.co.kr/product/view.asp?ProductNo=36169,M,BOTTOM,https://assets.styleship.com/fila/data/productimages/a/2/FS2FPC1103X_INA.jpg,181
https://www.fila.co.kr/product/view.asp?ProductNo=36165,M,BOTTOM,https://assets.styleship.com/fila/data/productimages/a/2/FS2FPC1103X_OWH.jpg,182
https://www.fila.co.kr/product/view.asp?ProductNo=36149,M,BOTTOM,https://assets.styleship.com/fila/data/productimages/a/2/FS2FPC1106X_BLK.jpg,183
https://www.fila.co.kr/product/view.asp?ProductNo=36148,M,BOTTOM,https://assets.styleship.com/fila/data/productimages/a/2/FS2FPC1114X_BLK.jpg,184
https://www.fila.co.kr/product/view.asp?ProductNo=36136,M,BOTTOM,https://assets.styleship.com/fila/data/productimages/a/2/FS2FPC1106X_INA.jpg,185
https://www.fila.co.kr/product/view.asp?ProductNo=36124,M,BOTTOM,https://assets.styleship.com/fila/data/productimages/a/2/FS2FPC1112X_BLK.jpg,186
https://www.fila.co.kr/product/view.asp?ProductNo=36109,M,BOTTOM,https://assets.styleship.com/fila/data/productimages/a/2/FS2FPC1105X_INA.jpg,187
https://www.fila.co.kr/product/view.asp?ProductNo=36078,M,BOTTOM,https://assets.styleship.com/fila/data/productimages/a/2/FS2FPC1201X_BLK.jpg,188
https://www.fila.co.kr/product/view.asp?ProductNo=36077,M,BOTTOM,https://assets.styleship.com/fila/data/productimages/a/2/FS2FPC1202X_BLK.jpg,189
https://www.fila.co.kr/product/view.asp?ProductNo=36062,M,BOTTOM,https://assets.styleship.com/fila/data/productimages/a/2/FS2FPC1201X_INA.jpg,190
https://www.fila.co.kr/product/view.asp?ProductNo=36055,M,BOTTOM,https://assets.styleship.com/fila/data/productimages/a/2/FS2FPC1104X_INA.jpg,191
https://www.fila.co.kr/product/view.asp?ProductNo=36047,M,BOTTOM,https://assets.styleship.com/fila/data/productimages/a/2/FS2FPC1201X_VAA.jpg,192
https://www.fila.co.kr/product/view.asp?ProductNo=39915,M,BOTTOM,https://assets.styleship.com/fila/data/productimages/a/2/FS2FPC4202M_INA.jpg,193
https://www.fila.co.kr/product/view.asp?ProductNo=39902,M,BOTTOM,https://assets.styleship.com/fila/data/productimages/a/2/FS2FPC4202M_BLK.jpg,194
https://www.fila.co.kr/product/view.asp?ProductNo=39901,M,BOTTOM,https://assets.styleship.com/fila/data/productimages/a/2/FS2FPC4102X_BLK.jpg,195
https://www.fila.co.kr/product/view.asp?ProductNo=39776,M,BOTTOM,https://assets.styleship.com/fila/data/productimages/a/2/FS2FPC4101X_LML.jpg,196
https://www.fila.co.kr/product/view.asp?ProductNo=39752,M,BOTTOM,https://assets.styleship.com/fila/data/productimages/a/2/FS2FPC4101X_BLK.jpg,197
https://www.fila.co.kr/product/view.asp?ProductNo=39644,M,BOTTOM,https://assets.styleship.com/fila/data/productimages/a/2/FS2FPC4103X_DRD.jpg,198
https://www.fila.co.kr/product/view.asp?ProductNo=39641,M,BOTTOM,https://assets.styleship.com/fila/data/productimages/a/2/FS2FPC4103X_ICG.jpg,199
https://www.fila.co.kr/product/view.asp?ProductNo=36463,M,BOTTOM,https://assets.styleship.com/fila/data/productimages/a/2/FS2FPC1102X_LML.jpg,200
https://www.fila.co.kr/product/view.asp?ProductNo=36440,M,BOTTOM,https://assets.styleship.com/fila/data/productimages/a/2/FS2FPC1102X_BLK.jpg,201
https://www.fila.co.kr/product/view.asp?ProductNo=36438,M,BOTTOM,https://assets.styleship.com/fila/data/productimages/a/2/FS2FPC1102X_NBE.jpg,202
https://www.fila.co.kr/product/view.asp?ProductNo=36242,M,BOTTOM,https://assets.styleship.com/fila/data/productimages/a/2/FS2FPC1114X_OWH.jpg,203
https://www.fila.co.kr/product/view.asp?ProductNo=38540,M,BOTTOM,https://assets.styleship.com/fila/data/productimages/a/2/FS2TRC2T02M_YEW.jpg,204
https://www.fila.co.kr/product/view.asp?ProductNo=38179,M,BOTTOM,https://assets.styleship.com/fila/data/productimages/a/2/FS2TRC2302M_INA.jpg,205
https://www.fila.co.kr/product/view.asp?ProductNo=38033,M,BOTTOM,https://assets.styleship.com/fila/data/productimages/a/2/FS2TRC2A01M_BLK.jpg,206
https://www.fila.co.kr/product/view.asp?ProductNo=38032,M,BOTTOM,https://assets.styleship.com/fila/data/productimages/a/2/FS2TRC2A02M_YEW.jpg,207
https://www.fila.co.kr/product/view.asp?ProductNo=38031,M,BOTTOM,https://assets.styleship.com/fila/data/productimages/a/2/FS2TRC2A01M_PBL.jpg,208
https://www.fila.co.kr/product/view.asp?ProductNo=37826,M,BOTTOM,https://assets.styleship.com/fila/data/productimages/a/2/FS2TRC2301M_INA.jpg,209
https://www.fila.co.kr/product/view.asp?ProductNo=37824,M,BOTTOM,https://assets.styleship.com/fila/data/productimages/a/2/FS2TRC2301M_OWH.jpg,210
https://www.fila.co.kr/product/view.asp?ProductNo=37821,M,BOTTOM,https://assets.styleship.com/fila/data/productimages/a/2/FS2TRC2206X_INA.jpg,211
https://www.fila.co.kr/product/view.asp?ProductNo=37818,M,BOTTOM,https://assets.styleship.com/fila/data/productimages/a/2/FS2TRC2206X_ORE.jpg,212
https://www.fila.co.kr/product/view.asp?ProductNo=37805,M,BOTTOM,https://assets.styleship.com/fila/data/productimages/a/2/FS2TRC2132X_BLK.jpg,213
https://www.fila.co.kr/product/view.asp?ProductNo=37802,M,BOTTOM,https://assets.styleship.com/fila/data/productimages/a/2/FS2TRC2132X_NBE.jpg,214
https://www.fila.co.kr/product/view.asp?ProductNo=37801,M,BOTTOM,https://assets.styleship.com/fila/data/productimages/a/2/FS2TRC2133X_LBE.jpg,215
https://www.fila.co.kr/product/view.asp?ProductNo=37800,M,BOTTOM,https://assets.styleship.com/fila/data/productimages/a/2/FS2TRC2105X_BLK.jpg,216
https://www.fila.co.kr/product/view.asp?ProductNo=37799,M,BOTTOM,https://assets.styleship.com/fila/data/productimages/a/2/FS2TRC2131X_SAN.jpg,217
https://www.fila.co.kr/product/view.asp?ProductNo=37798,M,BOTTOM,https://assets.styleship.com/fila/data/productimages/a/2/FS2TRC2132X_NGR.jpg,218
https://www.fila.co.kr/product/view.asp?ProductNo=37493,M,BOTTOM,https://assets.styleship.com/fila/data/productimages/a/2/FS2TRC2104X_OWH.jpg,219
https://www.fila.co.kr/product/view.asp?ProductNo=37491,M,BOTTOM,https://assets.styleship.com/fila/data/productimages/a/2/FS2TRC2104X_BLK.jpg,220
https://www.fila.co.kr/product/view.asp?ProductNo=37236,M,BOTTOM,https://assets.styleship.com/fila/data/productimages/a/2/FS2TRC2204X_BLK.jpg,221
https://www.fila.co.kr/product/view.asp?ProductNo=37232,M,BOTTOM,https://assets.styleship.com/fila/data/productimages/a/2/FS2TRC2201X_BLK.jpg,222
https://www.fila.co.kr/product/view.asp?ProductNo=37231,M,BOTTOM,https://assets.styleship.com/fila/data/productimages/a/2/FS2TRC2204X_MMA.jpg,223
https://www.fila.co.kr/product/view.asp?ProductNo=37230,M,BOTTOM,https://assets.styleship.com/fila/data/productimages/a/2/FS2TRC2201X_INA.jpg,224
https://www.fila.co.kr/product/view.asp?ProductNo=36963,M,BOTTOM,https://assets.styleship.com/fila/data/productimages/a/2/FE2TRC5301X_BLK.jpg,225
https://www.fila.co.kr/product/view.asp?ProductNo=36960,M,BOTTOM,https://assets.styleship.com/fila/data/productimages/a/2/FE2TRC5131X_DGY.jpg,226
https://www.fila.co.kr/product/view.asp?ProductNo=36840,M,BOTTOM,https://assets.styleship.com/fila/data/productimages/a/2/FS2TRC2207X_NAY.jpg,227
https://www.fila.co.kr/product/view.asp?ProductNo=36828,M,BOTTOM,https://assets.styleship.com/fila/data/productimages/a/2/FS2TRC2136X_INA.jpg,228
https://www.fila.co.kr/product/view.asp?ProductNo=36820,M,BOTTOM,https://assets.styleship.com/fila/data/productimages/a/2/FS2TRC2103X_PBL.jpg,229
https://www.fila.co.kr/product/view.asp?ProductNo=36819,M,BOTTOM,https://assets.styleship.com/fila/data/productimages/a/2/FS2TRC2135X_DOV.jpg,230
https://www.fila.co.kr/product/view.asp?ProductNo=36818,M,BOTTOM,https://assets.styleship.com/fila/data/productimages/a/2/FS2TRC2103X_LBE.jpg,231
https://www.fila.co.kr/product/view.asp?ProductNo=36817,M,BOTTOM,https://assets.styleship.com/fila/data/productimages/a/2/FS2TRC2135X_INA.jpg,232
https://www.fila.co.kr/product/view.asp?ProductNo=36816,M,BOTTOM,https://assets.styleship.com/fila/data/productimages/a/2/FS2TRC2103X_OWH.jpg,233
https://www.fila.co.kr/product/view.asp?ProductNo=36815,M,BOTTOM,https://assets.styleship.com/fila/data/productimages/a/2/FS2TRC2135X_LKH.jpg,234
https://www.fila.co.kr/product/view.asp?ProductNo=36813,M,BOTTOM,https://assets.styleship.com/fila/data/productimages/a/2/FS2TRC2202M_BLK.jpg,235
https://www.fila.co.kr/product/view.asp?ProductNo=36810,M,BOTTOM,https://assets.styleship.com/fila/data/productimages/a/2/FS2TRC2202M_PBL.jpg,236
https://www.fila.co.kr/product/view.asp?ProductNo=36807,M,BOTTOM,https://assets.styleship.com/fila/data/productimages/a/2/FS2TRC2134X_DRD.jpg,237
https://www.fila.co.kr/product/view.asp?ProductNo=36805,M,BOTTOM,https://assets.styleship.com/fila/data/productimages/a/2/FS2TRC2134X_YEW.jpg,238
https://www.fila.co.kr/product/view.asp?ProductNo=36751,M,BOTTOM,https://assets.styleship.com/fila/data/productimages/a/2/FE2TRC5121X_LBE.jpg,239
https://www.fila.co.kr/product/view.asp?ProductNo=36742,M,BOTTOM,https://assets.styleship.com/fila/data/productimages/a/2/FE2TRC5121X_BLK.jpg,240
https://www.fila.co.kr/product/view.asp?ProductNo=36344,M,BOTTOM,https://assets.styleship.com/fila/data/productimages/a/2/FS2TRC2101X_INA.jpg,241
https://www.fila.co.kr/product/view.asp?ProductNo=36342,M,BOTTOM,https://assets.styleship.com/fila/data/productimages/a/2/FS2TRC2101X_VAA.jpg,242
https://www.fila.co.kr/product/view.asp?ProductNo=36335,M,BOTTOM,https://assets.styleship.com/fila/data/productimages/a/2/FS2TRC2101X_LML.jpg,243
https://www.fila.co.kr/product/view.asp?ProductNo=36329,M,BOTTOM,https://assets.styleship.com/fila/data/productimages/a/2/FS2TRC2101X_BLK.jpg,244
https://www.fila.co.kr/product/view.asp?ProductNo=36327,M,BOTTOM,https://assets.styleship.com/fila/data/productimages/a/2/FS2TRC2101X_SAN.jpg,245
https://www.fila.co.kr/product/view.asp?ProductNo=38034,M,BOTTOM,https://assets.styleship.com/fila/data/productimages/a/2/FS2TRC2A02M_INA.jpg,246
https://www.fila.co.kr/product/view.asp?ProductNo=37804,M,BOTTOM,https://assets.styleship.com/fila/data/productimages/a/2/FS2TRC2133X_BLK.jpg,247
https://www.fila.co.kr/product/view.asp?ProductNo=37803,M,BOTTOM,https://assets.styleship.com/fila/data/productimages/a/2/FS2TRC2131X_LBE.jpg,248
https://www.fila.co.kr/product/view.asp?ProductNo=37797,M,BOTTOM,https://assets.styleship.com/fila/data/productimages/a/2/FS2TRC2131X_BLK.jpg,249
https://www.kappakorea.net/product/view.asp?pno=3176,M,BOTTOM,https://www.kappakorea.net/data/productimages/model01/3/KLFP356MNMGY.jpg,250
https://www.kappakorea.net/product/view.asp?pno=3177,M,BOTTOM,https://www.kappakorea.net/data/productimages/a/3/KLFP356MNBLK.jpg,251
https://www.kappakorea.net/product/view.asp?pno=3230,M,BOTTOM,https://www.kappakorea.net/data/productimages/a/3/KLFP355MNMGY.jpg,252
https://www.kappakorea.net/product/view.asp?pno=3231,M,BOTTOM,https://www.kappakorea.net/data/productimages/a/3/KLFP355MNBLK.jpg,253
https://www.kappakorea.net/product/view.asp?pno=3128,M,BOTTOM,https://www.kappakorea.net/data/productimages/a/3/KLFP361MMBLK.jpg,254
https://www.kappakorea.net/product/view.asp?pno=3129,M,BOTTOM,https://www.kappakorea.net/data/productimages/a/3/KLFP361MMCMG.jpg,255
https://www.kappakorea.net/product/view.asp?pno=3130,M,BOTTOM,https://www.kappakorea.net/data/productimages/a/3/KLFP361MMNVY.jpg,256
https://www.kappakorea.net/product/view.asp?pno=3093,M,BOTTOM,https://www.kappakorea.net/data/productimages/a/3/KLFP353MNBLK.jpg,257
https://www.kappakorea.net/product/view.asp?pno=3094,M,BOTTOM,https://www.kappakorea.net/data/productimages/model01/3/KLFP354MNBKH.jpg,258
https://www.kappakorea.net/product/view.asp?pno=2330,M,BOTTOM,https://www.kappakorea.net/data/productimages/model01/3/KLFP152MNBLK.jpg,259
https://www.kappakorea.net/product/view.asp?pno=2331,M,BOTTOM,https://www.kappakorea.net/data/productimages/model01/3/KLFP152MNWHT.jpg,260
https://www.kappakorea.net/product/view.asp?pno=2745,M,BOTTOM,https://www.kappakorea.net/data/productimages/a/3/KLFP202MNBLK.jpg,261
https://www.kappakorea.net/product/view.asp?pno=2746,M,BOTTOM,https://www.kappakorea.net/data/productimages/a/3/KLFP203MNBLK.jpg,262
https://www.kappakorea.net/product/view.asp?pno=2969,M,BOTTOM,https://www.kappakorea.net/data/productimages/a/3/KLFP201MNCMG.jpg,263
https://www.kappakorea.net/product/view.asp?pno=2781,M,BOTTOM,https://www.kappakorea.net/data/productimages/a/3/KLFP201MNNVY.jpg,264
https://www.kappakorea.net/product/view.asp?pno=2782,M,BOTTOM,https://www.kappakorea.net/data/productimages/a/3/KLFP201MNBLK.jpg,265
https://www.kappakorea.net/product/view.asp?pno=2874,M,BOTTOM,https://www.kappakorea.net/data/productimages/a/3/KLLG222MNBLK.jpg,266
https://www.kappakorea.net/product/view.asp?pno=2321,M,BOTTOM,https://www.kappakorea.net/data/productimages/model01/3/KLPT151MNBLK.jpg,267
https://www.kappakorea.net/product/view.asp?pno=2323,M,BOTTOM,https://www.kappakorea.net/data/productimages/model01/3/KLPT152MNBLK.jpg,268
https://www.kappakorea.net/product/view.asp?pno=2334,M,BOTTOM,https://www.kappakorea.net/data/productimages/model01/3/KLFP153MNBLK.jpg,269
https://www.kappakorea.net/product/view.asp?pno=2300,M,BOTTOM,https://www.kappakorea.net/data/productimages/a/3/KLFP154MNGNY.jpg,270
https://www.kappakorea.net/product/view.asp?pno=2322,M,BOTTOM,https://www.kappakorea.net/data/productimages/a/3/KLPT152MNGNY.jpg,271
https://www.kappakorea.net/product/view.asp?pno=2329,M,BOTTOM,https://www.kappakorea.net/data/productimages/a/3/KLFP152MNRED.jpg,272
https://www.kappakorea.net/product/view.asp?pno=2332,M,BOTTOM,https://www.kappakorea.net/data/productimages/a/3/KLFP153MNRED.jpg,273
https://www.kappakorea.net/product/view.asp?pno=2333,M,BOTTOM,https://www.kappakorea.net/data/productimages/a/3/KLFP153MNDBL.jpg,274
https://www.kappakorea.net/product/view.asp?pno=2335,M,BOTTOM,https://www.kappakorea.net/data/productimages/a/3/KLFP154MNBLK.jpg,275
https://www.kappakorea.net/product/view.asp?pno=2338,M,BOTTOM,https://www.kappakorea.net/data/productimages/a/3/KLFP101MNCMG.jpg,276
https://www.kappakorea.net/product/view.asp?pno=2339,M,BOTTOM,https://www.kappakorea.net/data/productimages/a/3/KLFP101MNBLK.jpg,277
https://www.kappakorea.net/product/view.asp?pno=2340,M,BOTTOM,https://www.kappakorea.net/data/productimages/a/3/KLFP102MNBLK.jpg,278
https://www.kappakorea.net/product/view.asp?pno=2341,M,BOTTOM,https://www.kappakorea.net/data/productimages/a/3/KLFP103MNBLK.jpg,279
https://www.kappakorea.net/product/view.asp?pno=2342,M,BOTTOM,https://www.kappakorea.net/data/productimages/a/3/KLFP104MNNVY.jpg,280
https://www.kappakorea.net/product/view.asp?pno=2343,M,BOTTOM,https://www.kappakorea.net/data/productimages/a/3/KLFP104MNBLK.jpg,281
https://www.kappakorea.net/product/view.asp?pno=2344,M,BOTTOM,https://www.kappakorea.net/data/productimages/a/3/KLFP111MNBLK.jpg,282
https://www.kappakorea.net/product/view.asp?pno=2365,M,BOTTOM,https://www.kappakorea.net/data/productimages/a/3/KLFP161MMCMG.jpg,283
https://www.kappakorea.net/product/view.asp?pno=2366,M,BOTTOM,https://www.kappakorea.net/data/productimages/a/3/KLFP161MMBLK.jpg,284
https://www.kappakorea.net/product/view.asp?pno=2379,M,BOTTOM,https://www.kappakorea.net/data/productimages/a/3/KLPT101MNNVY.jpg,285
https://www.kappakorea.net/product/view.asp?pno=2380,M,BOTTOM,https://www.kappakorea.net/data/productimages/a/3/KLPT101MNBLK.jpg,286
https://www.kappakorea.net/product/view.asp?pno=2381,M,BOTTOM,https://www.kappakorea.net/data/productimages/a/3/KLPT102MNBLK.jpg,287
https://www.kappakorea.net/product/view.asp?pno=2414,M,BOTTOM,https://www.kappakorea.net/data/productimages/a/3/KLFP191MDBLK.jpg,288
https://www.kappakorea.net/product/view.asp?pno=2415,M,BOTTOM,https://www.kappakorea.net/data/productimages/a/3/KLFP191MDGRY.jpg,289
https://www.kappakorea.net/product/view.asp?pno=2416,M,BOTTOM,https://www.kappakorea.net/data/productimages/a/3/KLPT191MDNVY.jpg,290
https://www.kappakorea.net/product/view.asp?pno=2417,M,BOTTOM,https://www.kappakorea.net/data/productimages/a/3/KLPT191MDBLK.jpg,291
https://www.kappakorea.net/product/view.asp?pno=2418,M,BOTTOM,https://www.kappakorea.net/data/productimages/a/3/KLFP192MDBLK.jpg,292
https://www.kappakorea.net/product/view.asp?pno=2684,M,BOTTOM,https://www.kappakorea.net/data/productimages/a/3/KLTK262MMCMG.jpg,293
https://www.kappakorea.net/product/view.asp?pno=2719,M,BOTTOM,https://www.kappakorea.net/data/productimages/a/3/KLTK252MNRED.jpg,294
https://www.kappakorea.net/product/view.asp?pno=2720,M,BOTTOM,https://www.kappakorea.net/data/productimages/a/3/KLTK252MNBLU.jpg,295
https://www.kappakorea.net/product/view.asp?pno=2721,M,BOTTOM,https://www.kappakorea.net/data/productimages/a/3/KLTK252MNBLK.jpg,296
https://www.kappakorea.net/product/view.asp?pno=2738,M,BOTTOM,https://www.kappakorea.net/data/productimages/a/3/KLTK201MNNVY.jpg,297
https://www.kappakorea.net/product/view.asp?pno=2739,M,BOTTOM,https://www.kappakorea.net/data/productimages/a/3/KLTK201MNCMG.jpg,298
https://www.kappakorea.net/product/view.asp?pno=2740,M,BOTTOM,https://www.kappakorea.net/data/productimages/a/3/KLTK201MNBLK.jpg,299
https://www.kappakorea.net/product/view.asp?pno=2783,M,BOTTOM,https://www.kappakorea.net/data/productimages/a/3/KLFH201MNNVY.jpg,300
https://www.kappakorea.net/product/view.asp?pno=2784,M,BOTTOM,https://www.kappakorea.net/data/productimages/a/3/KLFH201MNCMG.jpg,301
https://www.kappakorea.net/product/view.asp?pno=2785,M,BOTTOM,https://www.kappakorea.net/data/productimages/a/3/KLFH201MNBLK.jpg,302
https://www.kappakorea.net/product/view.asp?pno=2797,M,BOTTOM,https://www.kappakorea.net/data/productimages/a/3/KLFH202MNNVY.jpg,303
https://www.kappakorea.net/product/view.asp?pno=2798,M,BOTTOM,https://www.kappakorea.net/data/productimages/a/3/KLFH202MNBLK.jpg,304
https://www.kappakorea.net/product/view.asp?pno=2921,M,BOTTOM,https://www.kappakorea.net/data/productimages/model01/3/KLTK254MNBGE.jpg,305
https://www.kappakorea.net/product/view.asp?pno=2685,M,BOTTOM,https://www.kappakorea.net/data/productimages/a/3/KLTK262MMBLK.jpg,306
https://www.kappakorea.net/product/view.asp?pno=2681,M,BOTTOM,https://www.kappakorea.net/data/productimages/a/3/KLTK261MMCMG.jpg,307
https://www.kappakorea.net/product/view.asp?pno=2682,M,BOTTOM,https://www.kappakorea.net/data/productimages/a/3/KLTK261MMNVY.jpg,308
https://www.kappakorea.net/product/view.asp?pno=2683,M,BOTTOM,https://www.kappakorea.net/data/productimages/a/3/KLTK261MMBLK.jpg,309
https://www.kappakorea.net/product/view.asp?pno=2533,M,BOTTOM,https://www.kappakorea.net/data/productimages/a/3/KLTK291MDORG.jpg,310
https://www.kappakorea.net/product/view.asp?pno=2534,M,BOTTOM,https://www.kappakorea.net/data/productimages/a/3/KLTK291MDKHK.jpg,311
https://www.kappakorea.net/product/view.asp?pno=2535,M,BOTTOM,https://www.kappakorea.net/data/productimages/a/3/KLTK291MDBLK.jpg,312
https://www.kappakorea.net/product/view.asp?pno=2806,M,BOTTOM,https://www.kappakorea.net/data/productimages/a/3/KLTK212MNBLK.jpg,313
https://www.kappakorea.net/product/view.asp?pno=2715,M,BOTTOM,https://www.kappakorea.net/data/productimages/a/3/KLTK241MNKHK.jpg,314
https://www.kappakorea.net/product/view.asp?pno=2716,M,BOTTOM,https://www.kappakorea.net/data/productimages/a/3/KLTK241MNBLK.jpg,315
https://www.kappakorea.net/product/view.asp?pno=2722,M,BOTTOM,https://www.kappakorea.net/data/productimages/a/3/KLTK253MNDMG.jpg,316
https://www.kappakorea.net/product/view.asp?pno=2723,M,BOTTOM,https://www.kappakorea.net/data/productimages/a/3/KLTK253MNRED.jpg,317
https://www.kappakorea.net/product/view.asp?pno=2724,M,BOTTOM,https://www.kappakorea.net/data/productimages/a/3/KLTK253MNBLK.jpg,318
https://www.kappakorea.net/product/view.asp?pno=2770,M,BOTTOM,https://www.kappakorea.net/data/productimages/a/3/KLFH261MMCMG.jpg,319
https://www.kappakorea.net/product/view.asp?pno=2771,M,BOTTOM,https://www.kappakorea.net/data/productimages/a/3/KLFH261MMBLK.jpg,320
https://www.kappakorea.net/product/view.asp?pno=2803,M,BOTTOM,https://www.kappakorea.net/data/productimages/a/3/KLTK202MNNVY.jpg,321
https://www.kappakorea.net/product/view.asp?pno=2804,M,BOTTOM,https://www.kappakorea.net/data/productimages/a/3/KLTK202MNCMG.jpg,322
https://www.kappakorea.net/product/view.asp?pno=2805,M,BOTTOM,https://www.kappakorea.net/data/productimages/a/3/KLTK202MNBLK.jpg,323
https://www.kappakorea.net/product/view.asp?pno=2867,M,BOTTOM,https://www.kappakorea.net/data/productimages/a/3/KLTK251MNDBL.jpg,324
https://www.kappakorea.net/product/view.asp?pno=2866,M,BOTTOM,https://www.kappakorea.net/data/productimages/a/3/KLTK251MNBLK.jpg,325
https://www.kappakorea.net/product/view.asp?pno=2726,M,BOTTOM,https://www.kappakorea.net/data/productimages/a/3/KLTK254MNBLK.jpg,326
https://www.kappakorea.net/product/view.asp?pno=2795,M,BOTTOM,https://www.kappakorea.net/data/productimages/a/3/KLPH201MNCMG.jpg,327
https://www.kappakorea.net/product/view.asp?pno=2796,M,BOTTOM,https://www.kappakorea.net/data/productimages/a/3/KLPH201MNBLK.jpg,328
https://www.kappakorea.net/product/view.asp?pno=2871,M,BOTTOM,https://www.kappakorea.net/data/productimages/a/3/KLTK221MNCMG.jpg,329
https://www.kappakorea.net/product/view.asp?pno=2872,M,BOTTOM,https://www.kappakorea.net/data/productimages/a/3/KLTK221MNBLK.jpg,330
https://www.kappakorea.net/product/view.asp?pno=2873,M,BOTTOM,https://www.kappakorea.net/data/productimages/a/3/KLTK222MNBLK.jpg,331
https://kr.puma.com/train-first-mile-xtreme-woven-9-short.html,M,BOTTOM,http://d8wtay8lm19fy.cloudfront.net/puma_product/420x/5/1/519454_01_01_KOR.jpg,332
https://kr.puma.com/ftblnxt-pro-shorts-39.html,M,BOTTOM,http://d8wtay8lm19fy.cloudfront.net/puma_product/420x/6/5/656836_01_01_KOR.jpg,333
https://kr.puma.com/bvb-shorts-replica-24.html,M,BOTTOM,http://d8wtay8lm19fy.cloudfront.net/puma_product/420x/7/5/757175_02_01_KOR.jpg,334
https://kr.puma.com/acm-shorts-replica.html,M,BOTTOM,http://d8wtay8lm19fy.cloudfront.net/puma_product/420x/7/5/757287_08_01_KOR.jpg,335
https://kr.puma.com/franchise-woven-short.html,M,BOTTOM,http://d8wtay8lm19fy.cloudfront.net/puma_product/420x/5/3/530313_01_01_KOR.jpg,336
https://kr.puma.com/mcfc-shorts-replica-24.html,M,BOTTOM,http://d8wtay8lm19fy.cloudfront.net/puma_product/420x/7/5/757110_04_01_KOR.jpg,337
https://kr.puma.com/tfs-worldhood-shorts-8.html,M,BOTTOM,http://d8wtay8lm19fy.cloudfront.net/puma_product/420x/5/9/598095_01_01_KOR.jpg,338
https://kr.puma.com/train-favorite-blaster-7-woven-short.html,M,BOTTOM,http://d8wtay8lm19fy.cloudfront.net/puma_product/420x/5/1/519636_04_01_KOR.jpg,339
https://kr.puma.com/ftblnxt-graphic-short.html,M,BOTTOM,http://d8wtay8lm19fy.cloudfront.net/puma_product/420x/6/5/656518_06_01_KOR.jpg,340
https://kr.puma.com/run-woven-7-short.html,M,BOTTOM,http://d8wtay8lm19fy.cloudfront.net/puma_product/420x/5/1/519371_03_01_KOR.jpg,341
https://kr.puma.com/run-favorite-woven-5-session-short.html,M,BOTTOM,http://d8wtay8lm19fy.cloudfront.net/puma_product/420x/5/1/519393_01_01_KOR.jpg,342
https://kr.puma.com/train-thermo-r-woven-8-short.html,M,BOTTOM,http://d8wtay8lm19fy.cloudfront.net/puma_product/420x/5/1/519403_01_01_KOR.jpg,343
https://kr.puma.com/csm-woven-short.html,M,BOTTOM,http://d8wtay8lm19fy.cloudfront.net/puma_product/420x/5/9/597196_01_01_KOR.jpg,344
https://kr.puma.com/classics-woven-5-shorts.html,M,BOTTOM,http://d8wtay8lm19fy.cloudfront.net/puma_product/420x/5/9/598492_01_01_KOR.jpg,345
https://kr.puma.com/classics-woven-5-shorts-7.html,M,BOTTOM,http://d8wtay8lm19fy.cloudfront.net/puma_product/420x/5/9/598492_14_01_KOR.jpg,346
https://kr.puma.com/puma-tfs-shorts-8-woven.html,M,BOTTOM,http://d8wtay8lm19fy.cloudfront.net/puma_product/420x/5/9/596471_51_01_KOR.jpg,347
https://kr.puma.com/rider-mesh-pocket-shorts.html,M,BOTTOM,http://d8wtay8lm19fy.cloudfront.net/puma_product/420x/9/2/929399_01_02_KOR.jpg,348
https://kr.puma.com/rider-mesh-pocket-shorts-8.html,M,BOTTOM,http://d8wtay8lm19fy.cloudfront.net/puma_product/420x/9/2/929399_02_01_KOR.jpg,349
https://kr.puma.com/step-back-short.html,M,BOTTOM,http://d8wtay8lm19fy.cloudfront.net/puma_product/420x/5/9/598742_03_01_KOR.jpg,350
https://kr.puma.com/step-back-short-9.html,M,BOTTOM,http://d8wtay8lm19fy.cloudfront.net/puma_product/420x/5/9/598742_04_01_KOR.jpg,351
https://kr.puma.com/puma-club-shorts-10.html,M,BOTTOM,http://d8wtay8lm19fy.cloudfront.net/puma_product/420x/5/9/597171_01_01_KOR.jpg,352
https://kr.puma.com/puma-club-shorts-10-7.html,M,BOTTOM,http://d8wtay8lm19fy.cloudfront.net/puma_product/420x/5/9/597171_03_01_KOR.jpg,353
https://kr.puma.com/piped-woven-shorts.html,M,BOTTOM,http://d8wtay8lm19fy.cloudfront.net/puma_product/420x/9/2/929409_01_01_KOR_01.jpg,354
https://kr.puma.com/piped-woven-shorts-8.html,M,BOTTOM,http://d8wtay8lm19fy.cloudfront.net/puma_product/420x/9/2/929409_02_01_KOR.jpg,355
https://kr.puma.com/mmq-shorts.html,M,BOTTOM,http://d8wtay8lm19fy.cloudfront.net/puma_product/420x/5/9/598524_45_01_KOR.jpg,356
https://kr.puma.com/mmq-shorts-7.html,M,BOTTOM,http://d8wtay8lm19fy.cloudfront.net/puma_product/420x/5/9/598524_80_01_KOR.jpg,357
https://kr.puma.com/puma-x-th-shorts.html,M,BOTTOM,http://d8wtay8lm19fy.cloudfront.net/puma_product/420x/5/9/596751_01_01_KOR.jpg,358
https://kr.puma.com/puma-x-th-shorts-8.html,M,BOTTOM,http://d8wtay8lm19fy.cloudfront.net/puma_product/420x/5/9/596751_02_01_KOR.jpg,359
https://kr.puma.com/puma-x-th-aop-shorts.html,M,BOTTOM,http://d8wtay8lm19fy.cloudfront.net/puma_product/420x/5/9/596752_02_01_KOR.jpg,360
https://kr.puma.com/puma-x-th-reflective-shorts.html,M,BOTTOM,http://d8wtay8lm19fy.cloudfront.net/puma_product/420x/5/9/598024_01_01_KOR.jpg,361
https://kr.puma.com/active-woven-short-5.html,M,BOTTOM,http://d8wtay8lm19fy.cloudfront.net/puma_product/420x/8/5/851704_01_01_KOR_01.jpg,362
https://kr.puma.com/active-woven-short-5-11.html,M,BOTTOM,http://d8wtay8lm19fy.cloudfront.net/puma_product/420x/8/5/851704_02_01_KOR.jpg,363
https://kr.puma.com/puma-woven-short-9.html,M,BOTTOM,http://d8wtay8lm19fy.cloudfront.net/puma_product/420x/5/1/518387_06_01_KOR.jpg,364
https://kr.puma.com/classics-woven-shorts-7.html,M,BOTTOM,http://d8wtay8lm19fy.cloudfront.net/puma_product/420x/9/2/929317_01_01_KOR.jpg,365
https://kr.puma.com/classics-woven-shorts-14.html,M,BOTTOM,http://d8wtay8lm19fy.cloudfront.net/puma_product/420x/9/2/929317_02_01_KOR.jpg,366
https://kr.puma.com/classics-woven-shorts.html,M,BOTTOM,http://d8wtay8lm19fy.cloudfront.net/puma_product/420x/9/2/929317_03_01_KOR.jpg,367
https://kr.puma.com/first-mile-woven-short.html,M,BOTTOM,http://d8wtay8lm19fy.cloudfront.net/puma_product/420x/5/1/519027_01_01_KOR.jpg,368
https://kr.puma.com/training-basic-woven-shorts.html,M,BOTTOM,http://d8wtay8lm19fy.cloudfront.net/puma_product/420x/9/2/929312_01_01_KOR.jpg,369
https://kr.puma.com/training-basic-woven-shorts-1.html,M,BOTTOM,http://d8wtay8lm19fy.cloudfront.net/puma_product/420x/9/2/929312_02_01_KOR.jpg,370
https://kr.puma.com/downtown-shorts-7.html,M,BOTTOM,http://d8wtay8lm19fy.cloudfront.net/puma_product/420x/5/9/596372_18_01_KOR.jpg,371
https://kr.puma.com/downtown-shorts-7-7.html,M,BOTTOM,http://d8wtay8lm19fy.cloudfront.net/puma_product/420x/5/9/596372_25_01_KOR.jpg,372
https://kr.puma.com/reactive-knit-short.html,M,BOTTOM,http://d8wtay8lm19fy.cloudfront.net/puma_product/420x/5/1/518986_01_01_KOR.jpg,373
https://kr.puma.com/reactive-knit-short-7.html,M,BOTTOM,http://d8wtay8lm19fy.cloudfront.net/puma_product/420x/5/1/518986_03_01_KOR.jpg,374
https://kr.puma.com/classics-shorts-10.html,M,BOTTOM,http://d8wtay8lm19fy.cloudfront.net/puma_product/420x/5/9/596264_01_01_KOR.jpg,375
https://kr.puma.com/classics-shorts-10-7.html,M,BOTTOM,http://d8wtay8lm19fy.cloudfront.net/puma_product/420x/5/9/596264_03_01_KOR.jpg,376
https://kr.puma.com/hemp-shorts-8.html,M,BOTTOM,http://d8wtay8lm19fy.cloudfront.net/puma_product/420x/5/9/596618_01_01_KOR.jpg,377
https://kr.puma.com/jackpot-short.html,M,BOTTOM,http://d8wtay8lm19fy.cloudfront.net/puma_product/420x/5/7/578182_01_01_KOR.jpg,378
https://kr.puma.com/jackpot-short-12.html,M,BOTTOM,http://d8wtay8lm19fy.cloudfront.net/puma_product/420x/5/7/578182_02_01_KOR.jpg,379
https://kr.puma.com/mapm-sweat-shorts.html,M,BOTTOM,http://d8wtay8lm19fy.cloudfront.net/puma_product/420x/5/9/596174_01_01_KOR.jpg,380
https://kr.puma.com/active-woven-3-4-pants.html,M,BOTTOM,http://d8wtay8lm19fy.cloudfront.net/puma_product/420x/8/5/852715_01_01_KOR.jpg,381
https://kr.puma.com/sf-sweat-shorts.html,M,BOTTOM,http://d8wtay8lm19fy.cloudfront.net/puma_product/420x/5/9/596147_02_01_KOR.jpg,382
https://kr.puma.com/puma-by-x-bionicr-twyce-run-shorts-men.html,M,BOTTOM,http://d8wtay8lm19fy.cloudfront.net/puma_product/420x/5/2/520075_01_01_KOR.jpg,383
https://kr.puma.com/runner-id-7-short.html,M,BOTTOM,http://d8wtay8lm19fy.cloudfront.net/puma_product/420x/5/1/518955_01_01_KOR.jpg,384
https://kr.puma.com/ftblnxt-shorts-56.html,M,BOTTOM,http://d8wtay8lm19fy.cloudfront.net/puma_product/420x/6/5/656520_04_01_KOR.jpg,385
https://kr.puma.com/ftblnxt-pro-shorts-31.html,M,BOTTOM,http://d8wtay8lm19fy.cloudfront.net/puma_product/420x/6/5/656522_04_01_KOR.jpg,386
https://kr.puma.com/last-lap-2in1-7-short.html,M,BOTTOM,http://d8wtay8lm19fy.cloudfront.net/puma_product/420x/5/1/518952_01_01_KOR.jpg,387
https://kr.puma.com/ignite-session-5-short.html,M,BOTTOM,http://d8wtay8lm19fy.cloudfront.net/puma_product/420x/5/1/518960_01_01_KOR.jpg,388
https://kr.puma.com/ignite-session-7-short.html,M,BOTTOM,http://d8wtay8lm19fy.cloudfront.net/puma_product/420x/5/1/518961_01_01_KOR.jpg,389
https://kr.puma.com/mcfc-shorts-replica-8.html,M,BOTTOM,http://d8wtay8lm19fy.cloudfront.net/puma_product/420x/7/5/755607_08_01_KOR.jpg,390
https://kr.puma.com/getfast-vizshort.html,M,BOTTOM,http://d8wtay8lm19fy.cloudfront.net/puma_product/420x/5/1/518429_02_01_KOR.jpg,391
https://kr.puma.com/collective-graphic-short.html,M,BOTTOM,http://d8wtay8lm19fy.cloudfront.net/puma_product/420x/5/1/518396_01_01_KOR.jpg,392
https://kr.puma.com/collective-graphic-short-7.html,M,BOTTOM,http://d8wtay8lm19fy.cloudfront.net/puma_product/420x/5/1/518396_02_01_KOR.jpg,393
https://kr.puma.com/puma-woven-short.html,M,BOTTOM,http://d8wtay8lm19fy.cloudfront.net/puma_product/420x/5/1/518387_01_01_KOR.jpg,394
https://kr.puma.com/ignite-blocked-7-short.html,M,BOTTOM,http://d8wtay8lm19fy.cloudfront.net/puma_product/420x/5/1/517273_13_01_KOR.jpg,395
https://kr.puma.com/puma-x-ctm-aop-t7-spezial-shorts.html,M,BOTTOM,http://d8wtay8lm19fy.cloudfront.net/puma_product/420x/5/9/595628_01_01_KOR.jpg,396
https://kr.puma.com/bvb-shorts-replica-8.html,M,BOTTOM,http://d8wtay8lm19fy.cloudfront.net/puma_product/420x/7/5/755756_02_01_KOR.jpg,397
https://kr.puma.com/ftblnxt-shorts-32.html,M,BOTTOM,http://d8wtay8lm19fy.cloudfront.net/puma_product/420x/6/5/656433_01_01_KOR.jpg,398
https://kr.puma.com/ftblnxt-woven-shorts-32.html,M,BOTTOM,http://d8wtay8lm19fy.cloudfront.net/puma_product/420x/6/5/656437_01_01_KOR.jpg,399
https://kr.puma.com/vcf-shorts-replica.html,M,BOTTOM,http://d8wtay8lm19fy.cloudfront.net/puma_product/420x/7/5/756183_03_01_KOR.jpg,400
https://kr.puma.com/mcfc-shorts-replica.html,M,BOTTOM,http://d8wtay8lm19fy.cloudfront.net/puma_product/420x/7/5/755607_02_01_KOR.jpg,401
https://kr.puma.com/nufc-shorts-replica-without-inner-slip.html,M,BOTTOM,http://d8wtay8lm19fy.cloudfront.net/puma_product/420x/7/5/756302_01_01_KOR.jpg,402
https://kr.puma.com/acm-shorts-replica-without-inner-slip.html,M,BOTTOM,http://d8wtay8lm19fy.cloudfront.net/puma_product/420x/7/5/755889_02_01_KOR.jpg,403
https://kr.puma.com/pace-5-short-18.html,M,BOTTOM,http://d8wtay8lm19fy.cloudfront.net/puma_product/420x/5/1/517287_03_01_KOR.jpg,404
https://kr.puma.com/snake-pack-luxtg-wvn-shorts.html,M,BOTTOM,http://d8wtay8lm19fy.cloudfront.net/puma_product/420x/5/7/579909_01_01_KOR.jpg,405
https://kr.puma.com/snake-pack-luxtg-wvn-shorts-1.html,M,BOTTOM,http://d8wtay8lm19fy.cloudfront.net/puma_product/420x/5/7/579909_03_01_KOR.jpg,406
https://kr.puma.com/rebel-shorts-9-tr.html,M,BOTTOM,http://d8wtay8lm19fy.cloudfront.net/puma_product/420x/8/4/844240_01_01_KOR.jpg,407
https://kr.puma.com/rebel-shorts-9-tr-7.html,M,BOTTOM,http://d8wtay8lm19fy.cloudfront.net/puma_product/420x/8/4/844240_03_01_KOR.jpg,408
https://kr.puma.com/classics-light-tr-shorts-8-1.html,M,BOTTOM,http://d8wtay8lm19fy.cloudfront.net/puma_product/420x/5/7/579214_06_01_KOR.jpg,409
https://kr.puma.com/ls-neon-woven-shorts-12.html,M,BOTTOM,http://d8wtay8lm19fy.cloudfront.net/puma_product/420x/9/2/928149_03_01_KOR.jpg,410
https://kr.puma.com/iconic-mcs-shorts-10.html,M,BOTTOM,http://d8wtay8lm19fy.cloudfront.net/puma_product/420x/5/7/578432_01_01_KOR.jpg,411
https://kr.puma.com/puma-x-han-shorts.html,M,BOTTOM,http://d8wtay8lm19fy.cloudfront.net/puma_product/420x/5/7/578556_01_01_KOR.jpg,412
https://kr.puma.com/downtown-shorts-8.html,M,BOTTOM,http://d8wtay8lm19fy.cloudfront.net/puma_product/420x/5/7/579107_01_01_KOR.jpg,413
https://kr.puma.com/a-c-e-knit-11-short-7.html,M,BOTTOM,http://d8wtay8lm19fy.cloudfront.net/puma_product/420x/5/1/517351_01_01_KOR.jpg,414
https://kr.puma.com/fd-ess-woven-shorts-56.html,M,BOTTOM,http://d8wtay8lm19fy.cloudfront.net/puma_product/420x/9/2/928147_02_01_KOR.jpg,415
https://kr.puma.com/fd-ess-woven-shorts-50.html,M,BOTTOM,http://d8wtay8lm19fy.cloudfront.net/puma_product/420x/9/2/928147_01_01_KOR.jpg,416
https://kr.puma.com/rt-tricot-5-shorts.html,M,BOTTOM,http://d8wtay8lm19fy.cloudfront.net/puma_product/420x/9/2/928152_01_01_KOR.jpg,417
https://kr.puma.com/rt-tricot-5-shorts-6.html,M,BOTTOM,http://d8wtay8lm19fy.cloudfront.net/puma_product/420x/9/2/928152_02_01_KOR.jpg,418
https://kr.puma.com/pinstripe-aop-shorts.html,M,BOTTOM,http://d8wtay8lm19fy.cloudfront.net/puma_product/420x/5/7/579872_01_01_KOR.jpg,419
https://kr.puma.com/a-c-e-drirelease-10-short-1.html,M,BOTTOM,http://d8wtay8lm19fy.cloudfront.net/puma_product/420x/5/1/517352_05_01_KOR.jpg,420
https://kr.puma.com/iconic-t7-shorts-10.html,M,BOTTOM,http://d8wtay8lm19fy.cloudfront.net/puma_product/420x/5/7/578869_01_01_KOR.jpg,421
https://kr.puma.com/rebel-woven-short-9-7.html,M,BOTTOM,http://d8wtay8lm19fy.cloudfront.net/puma_product/420x/8/4/844098_85_01_KOR.jpg,422
https://kr.puma.com/rebel-woven-short-9.html,M,BOTTOM,http://d8wtay8lm19fy.cloudfront.net/puma_product/420x/8/4/844098_01_01_KOR.jpg,423
https://kr.puma.com/a-c-e-knit-11-short.html,M,BOTTOM,http://d8wtay8lm19fy.cloudfront.net/puma_product/420x/5/1/517351_04_01_KOR.jpg,424
https://kr.puma.com/puma-91074-shorts-8.html,M,BOTTOM,http://d8wtay8lm19fy.cloudfront.net/puma_product/420x/5/7/579993_02_01_KOR.jpg,425
https://kr.puma.com/puma-91074-shorts.html,M,BOTTOM,http://d8wtay8lm19fy.cloudfront.net/puma_product/420x/5/7/579993_01_01_KOR.jpg,426
https://kr.puma.com/puma-xtg-shorts-8-7.html,M,BOTTOM,http://d8wtay8lm19fy.cloudfront.net/puma_product/420x/5/7/579018_30_01_KOR.jpg,427
https://kr.puma.com/puma-xtg-shorts-8.html,M,BOTTOM,http://d8wtay8lm19fy.cloudfront.net/puma_product/420x/5/7/579018_01_01_KOR.jpg,428
https://kr.puma.com/train-first-mile-xtreme-woven-pant.html,M,BOTTOM,http://d8wtay8lm19fy.cloudfront.net/puma_product/420x/5/1/519637_03_01_KOR.jpg,429
https://kr.puma.com/classics-emb-sweat-pants-fl.html,M,BOTTOM,http://d8wtay8lm19fy.cloudfront.net/puma_product/420x/9/2/929801_01_01_KOR.jpg,430
https://kr.puma.com/classics-emb-sweat-pants-fl-1.html,M,BOTTOM,http://d8wtay8lm19fy.cloudfront.net/puma_product/420x/9/2/929801_02_01_KOR.jpg,431
https://kr.puma.com/warm-tricot-bonded-suit-pt.html,M,BOTTOM,http://d8wtay8lm19fy.cloudfront.net/puma_product/420x/9/2/929863_01_01_KOR.jpg,432
https://kr.puma.com/ftblnxt-pant-56.html,M,BOTTOM,http://d8wtay8lm19fy.cloudfront.net/puma_product/420x/6/5/656840_01_01_KOR.jpg,433
https://kr.puma.com/ftblnxt-pro-pant-63.html,M,BOTTOM,http://d8wtay8lm19fy.cloudfront.net/puma_product/420x/6/5/656842_01_01_KOR.jpg,434
https://kr.puma.com/cushion-suit-pants.html,M,BOTTOM,http://d8wtay8lm19fy.cloudfront.net/puma_product/420x/9/2/929731_01_01_KOR.jpg,435
https://kr.puma.com/cushion-suit-pants-8.html,M,BOTTOM,http://d8wtay8lm19fy.cloudfront.net/puma_product/420x/9/2/929731_02_01_KOR.jpg,436
https://kr.puma.com/double-knit-training-suit-pt.html,M,BOTTOM,http://d8wtay8lm19fy.cloudfront.net/puma_product/420x/9/2/929867_01_01_KOR.jpg,437
https://kr.puma.com/evostripe-pants-83.html,M,BOTTOM,http://d8wtay8lm19fy.cloudfront.net/puma_product/420x/5/8/583469_01_01_KOR.jpg,438
https://kr.puma.com/evostripe-pants-94.html,M,BOTTOM,http://d8wtay8lm19fy.cloudfront.net/puma_product/420x/5/8/583469_03_01_KOR.jpg,439
https://kr.puma.com/classics-tech-sweatpants.html,M,BOTTOM,http://d8wtay8lm19fy.cloudfront.net/puma_product/420x/5/9/597783_01_01_KOR.jpg,440
https://kr.puma.com/classics-tech-sweatpants-7.html,M,BOTTOM,http://d8wtay8lm19fy.cloudfront.net/puma_product/420x/5/9/597783_36_01_KOR.jpg,441
https://kr.puma.com/puma-x-mr-doodle-pants.html,M,BOTTOM,http://d8wtay8lm19fy.cloudfront.net/puma_product/420x/5/9/598650_51_01_KOR.jpg,442
https://kr.puma.com/woven-suit-pants.html,M,BOTTOM,http://d8wtay8lm19fy.cloudfront.net/puma_product/420x/9/2/929727_01_01_KOR.jpg,443
https://kr.puma.com/u-i-micro-fleece-pants.html,M,BOTTOM,http://d8wtay8lm19fy.cloudfront.net/puma_product/420x/9/2/929786_01_01_KOR.jpg,444
https://kr.puma.com/u-i-micro-fleece-pants-7.html,M,BOTTOM,http://d8wtay8lm19fy.cloudfront.net/puma_product/420x/9/2/929786_02_01_KOR.jpg,445
https://kr.puma.com/franchise-sweats.html,M,BOTTOM,http://d8wtay8lm19fy.cloudfront.net/puma_product/420x/5/3/530315_01_01_KOR.jpg,446
https://kr.puma.com/franchise-sweats-9.html,M,BOTTOM,http://d8wtay8lm19fy.cloudfront.net/puma_product/420x/5/3/530315_03_01_KOR.jpg,447
https://kr.puma.com/jackpot-pant-105.html,M,BOTTOM,http://d8wtay8lm19fy.cloudfront.net/puma_product/420x/5/7/578181_04_01_KOR.jpg,448
https://kr.puma.com/5-pocket-utility-pant.html,M,BOTTOM,http://d8wtay8lm19fy.cloudfront.net/puma_product/420x/5/9/597601_01_01_KOR.jpg,449
https://kr.puma.com/5-pocket-utility-pant-37.html,M,BOTTOM,http://d8wtay8lm19fy.cloudfront.net/puma_product/420x/5/9/597601_02_01_KOR.jpg,450
https://kr.puma.com/tfs-worldhood-track-pants-wv.html,M,BOTTOM,http://d8wtay8lm19fy.cloudfront.net/puma_product/420x/5/9/597611_01_01_KOR.jpg,451
https://kr.puma.com/classics-cargo-pants.html,M,BOTTOM,http://d8wtay8lm19fy.cloudfront.net/puma_product/420x/5/9/598975_01_01_KOR.jpg,452
https://kr.puma.com/classics-cargo-pants-7.html,M,BOTTOM,http://d8wtay8lm19fy.cloudfront.net/puma_product/420x/5/9/598975_42_01_KOR.jpg,453
https://kr.puma.com/ess-logo-pants-tr-op-40.html,M,BOTTOM,http://d8wtay8lm19fy.cloudfront.net/puma_product/420x/8/5/851758_21_01_KOR.jpg,454
https://kr.puma.com/ess-logo-pants-tr-op-52.html,M,BOTTOM,http://d8wtay8lm19fy.cloudfront.net/puma_product/420x/8/5/851758_23_01_KOR.jpg,455
https://kr.puma.com/run-long-tight.html,M,BOTTOM,http://d8wtay8lm19fy.cloudfront.net/puma_product/420x/5/1/519372_01_01_KOR.jpg,456
https://kr.puma.com/rt-tech-woven-pants.html,M,BOTTOM,http://d8wtay8lm19fy.cloudfront.net/puma_product/420x/9/2/929783_01_01_KOR.jpg,457
https://kr.puma.com/dream-shake-warmup-pant.html,M,BOTTOM,http://d8wtay8lm19fy.cloudfront.net/puma_product/420x/5/9/598738_01_01_KOR.jpg,458
https://kr.puma.com/puma-x-th-track-pants.html,M,BOTTOM,http://d8wtay8lm19fy.cloudfront.net/puma_product/420x/5/9/596748_01_01_KOR.jpg,459
https://kr.puma.com/puma-x-th-track-pants-8.html,M,BOTTOM,http://d8wtay8lm19fy.cloudfront.net/puma_product/420x/5/9/596748_38_01_KOR.jpg,460
https://kr.puma.com/active-woven-pants-cl.html,M,BOTTOM,http://d8wtay8lm19fy.cloudfront.net/puma_product/420x/8/5/851707_01_01_KOR.jpg,461
https://kr.puma.com/mapm-sweat-pants-14.html,M,BOTTOM,http://d8wtay8lm19fy.cloudfront.net/puma_product/420x/5/9/596176_01_01_KOR.jpg,462
https://kr.puma.com/summer-tricot-pants.html,M,BOTTOM,http://d8wtay8lm19fy.cloudfront.net/puma_product/420x/9/2/929306_01_01_KOR.jpg,463
https://kr.puma.com/puma-x-rhude-track-pants-8.html,M,BOTTOM,http://d8wtay8lm19fy.cloudfront.net/puma_product/420x/5/9/596754_01_01_KOR.jpg,464
https://kr.puma.com/puma-x-rhude-track-pants-16.html,M,BOTTOM,http://d8wtay8lm19fy.cloudfront.net/puma_product/420x/5/9/596754_41_01_KOR.jpg,465
https://kr.puma.com/puma-x-rhude-woven-pants.html,M,BOTTOM,http://d8wtay8lm19fy.cloudfront.net/puma_product/420x/5/9/596756_81_01_KOR.jpg,466
https://kr.puma.com/training-woven-pants.html,M,BOTTOM,http://d8wtay8lm19fy.cloudfront.net/puma_product/420x/9/2/929298_01_01_KOR.jpg,467
https://kr.puma.com/rider-woven-jogger-pants.html,M,BOTTOM,http://d8wtay8lm19fy.cloudfront.net/puma_product/420x/9/2/929412_01_01_KOR.jpg,468
https://kr.puma.com/rider-woven-jogger-pants-8.html,M,BOTTOM,http://d8wtay8lm19fy.cloudfront.net/puma_product/420x/9/2/929412_02_01_KOR.jpg,469
https://kr.puma.com/first-mile-2in1-woven-pant.html,M,BOTTOM,http://d8wtay8lm19fy.cloudfront.net/puma_product/420x/5/1/519022_01_01_KOR.jpg,470
https://kr.puma.com/first-mile-2in1-woven-pant-1.html,M,BOTTOM,http://d8wtay8lm19fy.cloudfront.net/puma_product/420x/5/1/519022_02_01_KOR.jpg,471
https://kr.puma.com/tailored-golf-tech-pant.html,M,BOTTOM,http://d8wtay8lm19fy.cloudfront.net/puma_product/420x/5/7/579669_01_01_KOR.jpg,472
https://kr.puma.com/tailored-golf-tech-pant-37.html,M,BOTTOM,http://d8wtay8lm19fy.cloudfront.net/puma_product/420x/5/7/579669_02_01_KOR.jpg,473
https://kr.puma.com/downtown-sweat-pants.html,M,BOTTOM,http://d8wtay8lm19fy.cloudfront.net/puma_product/420x/5/9/596371_01_01_KOR.jpg,474
https://kr.puma.com/downtown-sweat-pants-7.html,M,BOTTOM,http://d8wtay8lm19fy.cloudfront.net/puma_product/420x/5/9/596371_70_01_KOR.jpg,475
https://kr.puma.com/active-woven-3-4-pants-7.html,M,BOTTOM,http://d8wtay8lm19fy.cloudfront.net/puma_product/420x/8/5/852715_06_01_KOR.jpg,476
https://kr.puma.com/sf-street-woven-pants-7.html,M,BOTTOM,http://d8wtay8lm19fy.cloudfront.net/puma_product/420x/5/9/596138_02_01_KOR.jpg,477
https://kr.puma.com/sf-sweat-pants-7.html,M,BOTTOM,http://d8wtay8lm19fy.cloudfront.net/puma_product/420x/5/9/596146_02_01_KOR.jpg,478
https://kr.puma.com/avenir-woven-pants.html,M,BOTTOM,http://d8wtay8lm19fy.cloudfront.net/puma_product/420x/5/9/596461_01_01_KOR.jpg,479
https://kr.puma.com/avenir-woven-pants-7.html,M,BOTTOM,http://d8wtay8lm19fy.cloudfront.net/puma_product/420x/5/9/596461_27_01_KOR.jpg,480
https://kr.puma.com/avenir-pants-cl.html,M,BOTTOM,http://d8wtay8lm19fy.cloudfront.net/puma_product/420x/5/9/596462_01_01_KOR.jpg,481
https://kr.puma.com/avenir-pants-cl-7.html,M,BOTTOM,http://d8wtay8lm19fy.cloudfront.net/puma_product/420x/5/9/596462_03_01_KOR.jpg,482
https://kr.puma.com/training-tricot-pants.html,M,BOTTOM,http://d8wtay8lm19fy.cloudfront.net/puma_product/420x/9/2/929302_01_01_KOR.jpg,483
https://kr.puma.com/training-tricot-pants-6.html,M,BOTTOM,http://d8wtay8lm19fy.cloudfront.net/puma_product/420x/9/2/929302_02_01_KOR.jpg,484
https://kr.puma.com/ftblnxt-pro-pant-55.html,M,BOTTOM,http://d8wtay8lm19fy.cloudfront.net/puma_product/420x/6/5/656528_04_01_KOR.jpg,485
https://kr.puma.com/cube-woven-pants.html,M,BOTTOM,http://d8wtay8lm19fy.cloudfront.net/puma_product/420x/9/2/929168_01_01_KOR.jpg,486
https://kr.puma.com/cube-woven-pants-7.html,M,BOTTOM,http://d8wtay8lm19fy.cloudfront.net/puma_product/420x/9/2/929168_02_01_KOR.jpg,487
https://kr.puma.com/eagle-point-2-1-pants.html,M,BOTTOM,http://d8wtay8lm19fy.cloudfront.net/puma_product/420x/9/2/929271_01_01_KOR.jpg,488
https://kr.puma.com/eagle-point-2-1-pants-7.html,M,BOTTOM,http://d8wtay8lm19fy.cloudfront.net/puma_product/420x/9/2/929271_02_01_KOR.jpg,489
https://kr.puma.com/classics-sweat-jogger-pants.html,M,BOTTOM,http://d8wtay8lm19fy.cloudfront.net/puma_product/420x/9/2/929272_01_01_KOR.jpg,490
https://kr.puma.com/classics-sweat-jogger-pants-1.html,M,BOTTOM,http://d8wtay8lm19fy.cloudfront.net/puma_product/420x/9/2/929272_02_01_KOR.jpg,491
https://kr.puma.com/classics-track-pants.html,M,BOTTOM,http://d8wtay8lm19fy.cloudfront.net/puma_product/420x/9/2/929273_01_01_KOR.jpg,492
https://kr.puma.com/classics-track-pants-7.html,M,BOTTOM,http://d8wtay8lm19fy.cloudfront.net/puma_product/420x/9/2/929273_02_01_KOR.jpg,493
https://kr.puma.com/training-knit-pants.html,M,BOTTOM,http://d8wtay8lm19fy.cloudfront.net/puma_product/420x/9/2/929294_01_01_KOR.jpg,494
https://kr.puma.com/puma-x-rdet-woven-pants.html,M,BOTTOM,http://d8wtay8lm19fy.cloudfront.net/puma_product/420x/5/9/596666_01_01_KOR.jpg,495
https://kr.puma.com/puma-x-rdet-woven-pants-8.html,M,BOTTOM,http://d8wtay8lm19fy.cloudfront.net/puma_product/420x/5/9/596666_49_01_KOR.jpg,496
https://kr.puma.com/evostripe-pants-61.html,M,BOTTOM,http://d8wtay8lm19fy.cloudfront.net/puma_product/420x/5/8/581496_01_01_KOR.jpg,497
https://kr.puma.com/evostripe-pants-72.html,M,BOTTOM,http://d8wtay8lm19fy.cloudfront.net/puma_product/420x/5/8/581496_03_01_KOR.jpg,498
https://kr.puma.com/ftblnxt-pant-40.html,M,BOTTOM,http://d8wtay8lm19fy.cloudfront.net/puma_product/420x/6/5/656526_01_01_KOR.jpg,499
https://kr.puma.com/puma-x-ader-t7-track-pants.html,M,BOTTOM,http://d8wtay8lm19fy.cloudfront.net/puma_product/420x/5/9/595536_01_01_KOR.jpg,500
https://kr.puma.com/puma-x-ader-t7-track-pants-1.html,M,BOTTOM,http://d8wtay8lm19fy.cloudfront.net/puma_product/420x/5/9/595536_60_01_KOR.jpg,501
https://kr.puma.com/puma-xtg-woven-pant-winterized.html,M,BOTTOM,http://d8wtay8lm19fy.cloudfront.net/puma_product/420x/5/9/595319_51_01_KOR.jpg,502
https://kr.puma.com/epoch-hybrid-winterized-pants.html,M,BOTTOM,http://d8wtay8lm19fy.cloudfront.net/puma_product/420x/5/9/595329_01_01_KOR.jpg,503
https://kr.puma.com/puma-x-lb-track-pants-16.html,M,BOTTOM,http://d8wtay8lm19fy.cloudfront.net/puma_product/420x/5/9/595468_02_01_KOR.jpg,504
https://kr.puma.com/ftblnxt-pant-32.html,M,BOTTOM,http://d8wtay8lm19fy.cloudfront.net/puma_product/420x/6/5/656440_02_01_KOR.jpg,505
https://kr.puma.com/rbr-t7-track-pants.html,M,BOTTOM,http://d8wtay8lm19fy.cloudfront.net/puma_product/420x/5/9/595173_01_01_KOR.jpg,506
https://kr.puma.com/mapm-sweat-pants-7.html,M,BOTTOM,http://d8wtay8lm19fy.cloudfront.net/puma_product/420x/5/9/595353_01_01_KOR.jpg,507
https://kr.puma.com/mapm-street-woven-pants.html,M,BOTTOM,http://d8wtay8lm19fy.cloudfront.net/puma_product/420x/5/9/595361_01_01_KOR.jpg,508
https://kr.puma.com/nu-tility-knit-pant.html,M,BOTTOM,http://d8wtay8lm19fy.cloudfront.net/puma_product/420x/5/8/580387_01_01_KOR.jpg,509
https://kr.puma.com/nu-tility-knit-pant-7.html,M,BOTTOM,http://d8wtay8lm19fy.cloudfront.net/puma_product/420x/5/8/580387_03_01_KOR.jpg,510
https://kr.puma.com/iconic-mcs-track-pant-cuff.html,M,BOTTOM,http://d8wtay8lm19fy.cloudfront.net/puma_product/420x/5/9/595300_51_01_KOR.jpg,511
https://kr.puma.com/iconic-mcs-track-pant-cuff-1.html,M,BOTTOM,http://d8wtay8lm19fy.cloudfront.net/puma_product/420x/5/9/595300_56_01_KOR.jpg,512
https://kr.puma.com/downtown-sweat-pants-cuffed.html,M,BOTTOM,http://d8wtay8lm19fy.cloudfront.net/puma_product/420x/5/9/595642_01_01_KOR.jpg,513
https://kr.puma.com/downtown-sweat-pants-cuffed-1.html,M,BOTTOM,http://d8wtay8lm19fy.cloudfront.net/puma_product/420x/5/9/595642_89_01_KOR.jpg,514
https://kr.puma.com/puma-xtg-woven-pant.html,M,BOTTOM,http://d8wtay8lm19fy.cloudfront.net/puma_product/420x/5/9/595311_01_01_KOR.jpg,515
https://kr.puma.com/puma-xtg-woven-pant-7.html,M,BOTTOM,http://d8wtay8lm19fy.cloudfront.net/puma_product/420x/5/9/595311_39_01_KOR.jpg,516
https://kr.puma.com/sf-street-woven-pants.html,M,BOTTOM,http://d8wtay8lm19fy.cloudfront.net/puma_product/420x/5/9/595551_06_01_KOR.jpg,517
https://kr.puma.com/rt-warm-knit-pants.html,M,BOTTOM,http://d8wtay8lm19fy.cloudfront.net/puma_product/420x/9/2/928662_01_01_KOR.jpg,518
https://kr.puma.com/rt-warm-basic-pants.html,M,BOTTOM,http://d8wtay8lm19fy.cloudfront.net/puma_product/420x/9/2/928666_01_01_KOR.jpg,519
https://kr.puma.com/rt-warm-basic-pants-7.html,M,BOTTOM,http://d8wtay8lm19fy.cloudfront.net/puma_product/420x/9/2/928666_02_01_KOR.jpg,520
https://kr.puma.com/ls-eagle-point-pants.html,M,BOTTOM,http://d8wtay8lm19fy.cloudfront.net/puma_product/420x/8/9/898330_01_01_KOR.jpg,521
https://kr.puma.com/ls-eagle-point-pants-24.html,M,BOTTOM,http://d8wtay8lm19fy.cloudfront.net/puma_product/420x/8/9/898330_04_01_KOR.jpg,522
https://kr.puma.com/iconic-t7-track-pant-el-wv.html,M,BOTTOM,http://d8wtay8lm19fy.cloudfront.net/puma_product/420x/5/9/595908_01_01_KOR.jpg,523
https://kr.puma.com/iconic-t7-track-pant-el-wv-1.html,M,BOTTOM,http://d8wtay8lm19fy.cloudfront.net/puma_product/420x/5/9/595908_27_01_KOR.jpg,524
https://kr.puma.com/iconic-t7-track-pant-cuff.html,M,BOTTOM,http://d8wtay8lm19fy.cloudfront.net/puma_product/420x/5/9/595287_01_01_KOR.jpg,525
https://kr.puma.com/iconic-t7-track-pant-cuff-11.html,M,BOTTOM,http://d8wtay8lm19fy.cloudfront.net/puma_product/420x/5/9/595287_06_01_KOR.jpg,526
https://kr.puma.com/iconic-t7-track-pant-cuff-22.html,M,BOTTOM,http://d8wtay8lm19fy.cloudfront.net/puma_product/420x/5/9/595287_11_01_KOR.jpg,527
https://kr.puma.com/rt-warm-woven-pants.html,M,BOTTOM,http://d8wtay8lm19fy.cloudfront.net/puma_product/420x/9/2/928658_01_01_KOR.jpg,528
https://kr.puma.com/ftblnxt-pant-16.html,M,BOTTOM,http://d8wtay8lm19fy.cloudfront.net/puma_product/420x/6/5/656440_01_01_KOR_01.jpg,529
https://kr.puma.com/ftblnxt-woven-pants.html,M,BOTTOM,http://d8wtay8lm19fy.cloudfront.net/puma_product/420x/6/5/656444_01_01_KOR.jpg,530
https://kr.puma.com/alteration-pants.html,M,BOTTOM,http://d8wtay8lm19fy.cloudfront.net/puma_product/420x/5/7/579881_01_01_KOR.jpg,531
https://kr.puma.com/ignite-long-tight.html,M,BOTTOM,http://d8wtay8lm19fy.cloudfront.net/puma_product/420x/5/1/517516_01_01_KOR.jpg,532
https://kr.puma.com/puma-x-han-track-pants-8.html,M,BOTTOM,http://d8wtay8lm19fy.cloudfront.net/puma_product/420x/5/7/578950_01_01_KOR.jpg,533
https://kr.puma.com/rebel-bold-pants-tr-7.html,M,BOTTOM,http://d8wtay8lm19fy.cloudfront.net/puma_product/420x/8/4/844100_85_01_KOR.jpg,534
https://kr.puma.com/rebel-bold-pants-tr.html,M,BOTTOM,http://d8wtay8lm19fy.cloudfront.net/puma_product/420x/8/4/844100_01_01_KOR.jpg,535
https://kr.puma.com/90s-retro-woven-pants-14.html,M,BOTTOM,http://d8wtay8lm19fy.cloudfront.net/puma_product/420x/5/7/578911_03_01_KOR.jpg,536
https://kr.puma.com/90s-retro-woven-pants-7.html,M,BOTTOM,http://d8wtay8lm19fy.cloudfront.net/puma_product/420x/5/7/578911_01_01_KOR.jpg,537
https://kr.puma.com/90s-retro-woven-pants.html,M,BOTTOM,http://d8wtay8lm19fy.cloudfront.net/puma_product/420x/5/7/578911_04_01_KOR.jpg,538
https://kr.puma.com/og-pants-cuffed.html,M,BOTTOM,http://d8wtay8lm19fy.cloudfront.net/puma_product/420x/8/4/844530_01_01_KOR.jpg,539
https://kr.puma.com/rt-3-4-woven-pant-6.html,M,BOTTOM,http://d8wtay8lm19fy.cloudfront.net/puma_product/420x/9/2/928153_02_01_KOR.jpg,540
https://kr.puma.com/rt-woven-pants.html,M,BOTTOM,http://d8wtay8lm19fy.cloudfront.net/puma_product/420x/9/2/928101_01_01_KOR.jpg,541
https://kr.puma.com/iconic-t7-track-pants-woven-2.html,M,BOTTOM,http://d8wtay8lm19fy.cloudfront.net/puma_product/420x/5/7/579007_85_01_KOR.jpg,542
https://kr.puma.com/iconic-t7-track-pants-woven-1.html,M,BOTTOM,http://d8wtay8lm19fy.cloudfront.net/puma_product/420x/5/7/579007_01_01_KOR.jpg,543
https://kr.puma.com/iconic-t7-track-pants-pt-21.html,M,BOTTOM,http://d8wtay8lm19fy.cloudfront.net/puma_product/420x/5/7/579020_24_01_KOR.jpg,544
https://kr.puma.com/iconic-t7-track-pants-pt-14.html,M,BOTTOM,http://d8wtay8lm19fy.cloudfront.net/puma_product/420x/5/7/579020_11_01_KOR.jpg,545
https://kr.puma.com/iconic-t7-track-pants-pt.html,M,BOTTOM,http://d8wtay8lm19fy.cloudfront.net/puma_product/420x/5/7/579020_01_01_KOR.jpg,546
https://kr.puma.com/puma-xtg-woven-pants-14.html,M,BOTTOM,http://d8wtay8lm19fy.cloudfront.net/puma_product/420x/5/7/579014_97_01_KOR.jpg,547
https://kr.puma.com/tfs-og-track-pants.html,M,BOTTOM,http://d8wtay8lm19fy.cloudfront.net/puma_product/420x/5/9/596474_51_01_KOR.jpg,548
https://kr.puma.com/tfs-og-track-pants-7.html,M,BOTTOM,http://d8wtay8lm19fy.cloudfront.net/puma_product/420x/5/9/596474_89_01_KOR.jpg,549
https://kr.puma.com/puma-x-hh-tfs-track-pant.html,M,BOTTOM,http://d8wtay8lm19fy.cloudfront.net/puma_product/420x/5/9/597145_15_01_KOR.jpg,550
https://kr.puma.com/puma-x-hh-tfs-track-pant-8.html,M,BOTTOM,http://d8wtay8lm19fy.cloudfront.net/puma_product/420x/5/9/597145_89_01_KOR.jpg,551
