https://kr.puma.com/gen-g-ss-tee.html,W,TOP,http://d8wtay8lm19fy.cloudfront.net/puma_product/420x/9/3/932099_01_01_KOR.jpg
https://kr.puma.com/puma-x-mr-doodle-cropped-tee.html,W,TOP,http://d8wtay8lm19fy.cloudfront.net/puma_product/420x/5/9/598654_88_01_KOR.jpg
https://kr.puma.com/u-i-ls-tee.html,W,TOP,http://d8wtay8lm19fy.cloudfront.net/puma_product/420x/9/2/929788_01_01_KOR.jpg
https://kr.puma.com/u-i-ls-tee-7.html,W,TOP,http://d8wtay8lm19fy.cloudfront.net/puma_product/420x/9/2/929788_02_01_KOR.jpg
https://kr.puma.com/u-i-ls-tee-14.html,W,TOP,http://d8wtay8lm19fy.cloudfront.net/puma_product/420x/9/2/929788_03_01_KOR.jpg
https://kr.puma.com/ignite-ss-tee.html,W,TOP,http://d8wtay8lm19fy.cloudfront.net/puma_product/420x/5/1/518255_02_01_KOR.jpg
https://kr.puma.com/ignite-ls-tee.html,W,TOP,http://d8wtay8lm19fy.cloudfront.net/puma_product/420x/5/1/518257_03_01_KOR.jpg
https://kr.puma.com/train-favorite-ss-tee.html,W,TOP,http://d8wtay8lm19fy.cloudfront.net/puma_product/420x/5/1/519522_01_01_KOR.jpg
https://kr.puma.com/train-favorite-ss-tee-6.html,W,TOP,http://d8wtay8lm19fy.cloudfront.net/puma_product/420x/5/1/519522_03_01_KOR.jpg
https://kr.puma.com/studio-relaxed-ss-tee.html,W,TOP,http://d8wtay8lm19fy.cloudfront.net/puma_product/420x/5/1/519524_01_01_KOR.jpg
https://kr.puma.com/studio-relaxed-ss-tee-6.html,W,TOP,http://d8wtay8lm19fy.cloudfront.net/puma_product/420x/5/1/519524_02_01_KOR.jpg
https://kr.puma.com/classics-ribbed-longsleeve-cropped-top.html,W,TOP,http://d8wtay8lm19fy.cloudfront.net/puma_product/420x/5/9/597648_01_01_KOR.jpg
https://kr.puma.com/geng-x-puma-partnership-tee.html,W,TOP,http://d8wtay8lm19fy.cloudfront.net/puma_product/420x/9/2/929962_01_01_KOR.jpg
https://kr.puma.com/ignite-heather-ss-tee-18.html,W,TOP,http://d8wtay8lm19fy.cloudfront.net/puma_product/420x/5/1/518256_16_01_KOR.jpg
https://kr.puma.com/run-laser-cat-ss-tee.html,W,TOP,http://d8wtay8lm19fy.cloudfront.net/puma_product/420x/5/1/519341_01_01_KOR.jpg
https://kr.puma.com/run-laser-cat-ss-tee-6.html,W,TOP,http://d8wtay8lm19fy.cloudfront.net/puma_product/420x/5/1/519341_03_01_KOR.jpg
https://kr.puma.com/ess-cut-off-tank.html,W,TOP,http://d8wtay8lm19fy.cloudfront.net/puma_product/420x/8/5/854885_01_01_KOR.jpg
https://kr.puma.com/ess-cut-off-tank-7.html,W,TOP,http://d8wtay8lm19fy.cloudfront.net/puma_product/420x/8/5/854885_02_01_KOR.jpg
https://kr.puma.com/flexible-cat-tee-m-21.html,W,TOP,http://d8wtay8lm19fy.cloudfront.net/puma_product/420x/9/2/929313_04_01_KOR.jpg
https://kr.puma.com/flexible-cat-tee-m-28.html,W,TOP,http://d8wtay8lm19fy.cloudfront.net/puma_product/420x/9/2/929313_05_01_KOR.jpg
https://kr.puma.com/training-woven-jacket-w-14.html,W,TOP,http://d8wtay8lm19fy.cloudfront.net/puma_product/420x/9/2/929314_01_01_KOR.jpg
https://kr.puma.com/training-woven-jacket-w-20.html,W,TOP,http://d8wtay8lm19fy.cloudfront.net/puma_product/420x/9/2/929314_02_01_KOR.jpg
https://kr.puma.com/last-lap-excite-summer-tank.html,W,TOP,http://d8wtay8lm19fy.cloudfront.net/puma_product/420x/5/1/518898_01_01_KOR.jpg
https://kr.puma.com/last-lap-excite-summer-tank-1.html,W,TOP,http://d8wtay8lm19fy.cloudfront.net/puma_product/420x/5/1/518898_02_01_KOR.jpg
https://kr.puma.com/last-lap-excite-summer-tee.html,W,TOP,http://d8wtay8lm19fy.cloudfront.net/puma_product/420x/5/1/518899_01_01_KOR.jpg
https://kr.puma.com/last-lap-excite-summer-tee-1.html,W,TOP,http://d8wtay8lm19fy.cloudfront.net/puma_product/420x/5/1/518899_03_01_KOR.jpg
https://kr.puma.com/cube-ss-tee-14.html,W,TOP,http://d8wtay8lm19fy.cloudfront.net/puma_product/420x/9/2/929339_03_01_KOR.jpg
https://kr.puma.com/the-first-mile-tank.html,W,TOP,http://d8wtay8lm19fy.cloudfront.net/puma_product/420x/5/1/519035_02_01_KOR.jpg
https://kr.puma.com/rtg-layer-tank.html,W,TOP,http://d8wtay8lm19fy.cloudfront.net/puma_product/420x/5/8/581478_01_01_KOR.jpg
https://kr.puma.com/rtg-layer-tank-6.html,W,TOP,http://d8wtay8lm19fy.cloudfront.net/puma_product/420x/5/8/581478_02_01_KOR.jpg
https://kr.puma.com/rotation-sleeveless-polo.html,W,TOP,http://d8wtay8lm19fy.cloudfront.net/puma_product/420x/5/9/595823_01_01_KOR.jpg
https://kr.puma.com/rotation-sleeveless-polo-7.html,W,TOP,http://d8wtay8lm19fy.cloudfront.net/puma_product/420x/5/9/595823_02_01_KOR.jpg
https://kr.puma.com/seoul-city-graphic-tee.html,W,TOP,http://d8wtay8lm19fy.cloudfront.net/puma_product/420x/9/2/929732_01_01_KOR.jpg
https://kr.puma.com/seoul-city-graphic-tee-7.html,W,TOP,http://d8wtay8lm19fy.cloudfront.net/puma_product/420x/9/2/929732_02_01_KOR.jpg
https://kr.puma.com/seoul-city-graphic-tee-14.html,W,TOP,http://d8wtay8lm19fy.cloudfront.net/puma_product/420x/9/2/929732_03_01_KOR.jpg
https://kr.puma.com/seoul-city-graphic-tee-21.html,W,TOP,http://d8wtay8lm19fy.cloudfront.net/puma_product/420x/9/2/929732_04_01_KOR.jpg
https://kr.puma.com/metal-splash-graphic-tee.html,W,TOP,http://d8wtay8lm19fy.cloudfront.net/puma_product/420x/5/1/518970_05_01_KOR.jpg
https://kr.puma.com/metal-splash-deep-v-tee.html,W,TOP,http://d8wtay8lm19fy.cloudfront.net/puma_product/420x/5/1/519037_02_01_KOR.jpg
https://kr.puma.com/w-baselayer.html,W,TOP,http://d8wtay8lm19fy.cloudfront.net/puma_product/420x/5/7/574124_01_01_KOR.jpg
https://kr.puma.com/w-baselayer-7.html,W,TOP,http://d8wtay8lm19fy.cloudfront.net/puma_product/420x/5/7/574124_02_01_KOR.jpg
https://kr.puma.com/w-rotation-polo.html,W,TOP,http://d8wtay8lm19fy.cloudfront.net/puma_product/420x/5/9/595822_01_01_KOR.jpg
https://kr.puma.com/w-rotation-polo-7.html,W,TOP,http://d8wtay8lm19fy.cloudfront.net/puma_product/420x/5/9/595822_02_01_KOR.jpg
https://kr.puma.com/w-rotation-polo-14.html,W,TOP,http://d8wtay8lm19fy.cloudfront.net/puma_product/420x/5/9/595822_04_01_KOR.jpg
https://kr.puma.com/w-fusion-polo.html,W,TOP,http://d8wtay8lm19fy.cloudfront.net/puma_product/420x/5/9/596921_02_01_KOR.jpg
https://kr.puma.com/w-fusion-polo-11.html,W,TOP,http://d8wtay8lm19fy.cloudfront.net/puma_product/420x/5/9/596921_04_01_KOR.jpg
https://kr.puma.com/studio-mixed-lace-tee.html,W,TOP,http://d8wtay8lm19fy.cloudfront.net/puma_product/420x/5/1/519200_01_01_KOR.jpg
https://kr.puma.com/studio-mixed-lace-tee-6.html,W,TOP,http://d8wtay8lm19fy.cloudfront.net/puma_product/420x/5/1/519200_03_01_KOR.jpg
https://kr.puma.com/puma-by-x-bionicr-twyce-run-shirt-sh-sl-wmn.html,W,TOP,http://d8wtay8lm19fy.cloudfront.net/puma_product/420x/5/2/520076_01_01_KOR.jpg
https://kr.puma.com/runner-id-tee-6.html,W,TOP,http://d8wtay8lm19fy.cloudfront.net/puma_product/420x/5/1/518893_01_01_KOR.jpg
https://kr.puma.com/runner-id-tee.html,W,TOP,http://d8wtay8lm19fy.cloudfront.net/puma_product/420x/5/1/518893_04_01_KOR.jpg
https://kr.puma.com/runner-id-long-sleeve.html,W,TOP,http://d8wtay8lm19fy.cloudfront.net/puma_product/420x/5/1/518894_01_01_KOR.jpg
https://kr.puma.com/cube-longsleeves-tee.html,W,TOP,http://d8wtay8lm19fy.cloudfront.net/puma_product/420x/9/2/929338_01_01_KOR.jpg
https://kr.puma.com/cube-longsleeves-tee-7.html,W,TOP,http://d8wtay8lm19fy.cloudfront.net/puma_product/420x/9/2/929338_02_01_KOR.jpg
https://kr.puma.com/cube-ss-tee-7.html,W,TOP,http://d8wtay8lm19fy.cloudfront.net/puma_product/420x/9/2/929339_02_01_KOR.jpg
https://kr.puma.com/ignite-tank-12.html,W,TOP,http://d8wtay8lm19fy.cloudfront.net/puma_product/420x/5/1/518254_08_01_KOR.jpg
https://kr.puma.com/al-loose-fit-tank.html,W,TOP,http://d8wtay8lm19fy.cloudfront.net/puma_product/420x/5/1/519145_03_01_KOR.jpg
https://kr.puma.com/hit-feel-it-tee-12.html,W,TOP,http://d8wtay8lm19fy.cloudfront.net/puma_product/420x/5/1/518319_07_01_KOR.jpg
https://kr.puma.com/ignite-ls-tee-6.html,W,TOP,http://d8wtay8lm19fy.cloudfront.net/puma_product/420x/5/1/518257_02_01_KOR.jpg
https://kr.puma.com/ignite-1-4-zip.html,W,TOP,http://d8wtay8lm19fy.cloudfront.net/puma_product/420x/5/1/518259_01_01_KOR.jpg
https://kr.puma.com/classics-rib-ls-top.html,W,TOP,http://d8wtay8lm19fy.cloudfront.net/puma_product/420x/5/9/595196_01_01_KOR.jpg
https://kr.puma.com/classics-rib-ls-top-6.html,W,TOP,http://d8wtay8lm19fy.cloudfront.net/puma_product/420x/5/9/595196_23_01_KOR.jpg
https://kr.puma.com/ignite-tank.html,W,TOP,http://d8wtay8lm19fy.cloudfront.net/puma_product/420x/5/1/518254_02_01_KOR.jpg
https://kr.puma.com/ignite-heather-ss-tee-6.html,W,TOP,http://d8wtay8lm19fy.cloudfront.net/puma_product/420x/5/1/518256_02_01_KOR.jpg
https://kr.puma.com/amplified-cropped-tee-7.html,W,TOP,http://d8wtay8lm19fy.cloudfront.net/puma_product/420x/5/8/580468_02_01_KOR.jpg
https://kr.puma.com/rt-performance-graphic-tee-1.html,W,TOP,http://d8wtay8lm19fy.cloudfront.net/puma_product/420x/9/2/928836_02_01_KOR.jpg
https://kr.puma.com/rt-performance-graphic-tee-2.html,W,TOP,http://d8wtay8lm19fy.cloudfront.net/puma_product/420x/9/2/928836_03_01_KOR.jpg
https://kr.puma.com/ls-neon-ss-tee-v-2.html,W,TOP,http://d8wtay8lm19fy.cloudfront.net/puma_product/420x/9/2/928720_01_01_KOR.jpg
https://kr.puma.com/ls-neon-ss-tee-v-2-6.html,W,TOP,http://d8wtay8lm19fy.cloudfront.net/puma_product/420x/9/2/928720_02_01_KOR.jpg
https://kr.puma.com/rt-performance-basic-tee-7.html,W,TOP,http://d8wtay8lm19fy.cloudfront.net/puma_product/420x/9/2/928835_02_01_KOR.jpg
https://kr.puma.com/thermo-r-s-s-tee.html,W,TOP,http://d8wtay8lm19fy.cloudfront.net/puma_product/420x/5/1/517449_01_01_KOR.jpg
https://kr.puma.com/thermo-r-s-s-tee-6.html,W,TOP,http://d8wtay8lm19fy.cloudfront.net/puma_product/420x/5/1/517449_03_01_KOR.jpg
https://kr.puma.com/epic-heather-s-s-tee.html,W,TOP,http://d8wtay8lm19fy.cloudfront.net/puma_product/420x/5/1/517450_06_01_KOR.jpg
https://kr.puma.com/tz-tee.html,W,TOP,http://d8wtay8lm19fy.cloudfront.net/puma_product/420x/5/7/578481_01_01_KOR.jpg
https://kr.puma.com/tz-tee-6.html,W,TOP,http://d8wtay8lm19fy.cloudfront.net/puma_product/420x/5/7/578481_14_01_KOR.jpg
https://kr.puma.com/tz-tee-12.html,W,TOP,http://d8wtay8lm19fy.cloudfront.net/puma_product/420x/5/7/578481_20_01_KOR.jpg
https://kr.puma.com/ls-neon-ss-tee-6.html,W,TOP,http://d8wtay8lm19fy.cloudfront.net/puma_product/420x/9/2/928148_02_01_KOR.jpg
https://kr.puma.com/ls-neon-ss-tee-12.html,W,TOP,http://d8wtay8lm19fy.cloudfront.net/puma_product/420x/9/2/928148_03_01_KOR.jpg
https://kr.puma.com/ls-neon-ss-tee-18.html,W,TOP,http://d8wtay8lm19fy.cloudfront.net/puma_product/420x/9/2/928148_04_01_KOR.jpg
https://kr.puma.com/puma-x-sg-sweatshirt.html,W,TOP,http://d8wtay8lm19fy.cloudfront.net/puma_product/420x/5/7/579782_02_01_KOR.jpg
https://kr.puma.com/puma-x-sg-sweatshirt-8.html,W,TOP,http://d8wtay8lm19fy.cloudfront.net/puma_product/420x/5/7/579782_03_01_KOR.jpg
https://kr.puma.com/own-ittank.html,W,TOP,http://d8wtay8lm19fy.cloudfront.net/puma_product/420x/5/1/517394_10_01_KOR.jpg
https://kr.puma.com/graphic-logo-n-2-tee-7.html,W,TOP,http://d8wtay8lm19fy.cloudfront.net/puma_product/420x/5/7/579095_02_01_KOR.jpg
https://kr.puma.com/modern-sports-logo-tee-6.html,W,TOP,http://d8wtay8lm19fy.cloudfront.net/puma_product/420x/8/5/855188_51_01_KOR.jpg
https://kr.puma.com/modern-sports-logo-tee.html,W,TOP,http://d8wtay8lm19fy.cloudfront.net/puma_product/420x/8/5/855188_02_01_KOR.jpg
https://kr.puma.com/rebel-basic-tee-7.html,W,TOP,http://d8wtay8lm19fy.cloudfront.net/puma_product/420x/8/4/844137_11_01_KOR.jpg
https://kr.puma.com/rebel-basic-tee.html,W,TOP,http://d8wtay8lm19fy.cloudfront.net/puma_product/420x/8/4/844137_01_01_KOR.jpg
https://kr.puma.com/a-c-e-ss-tee-7.html,W,TOP,http://d8wtay8lm19fy.cloudfront.net/puma_product/420x/5/1/516648_11_01_KOR.jpg
https://kr.puma.com/90s-retro-tee-wmns-6.html,W,TOP,http://d8wtay8lm19fy.cloudfront.net/puma_product/420x/5/7/579383_02_01_KOR.jpg
https://kr.puma.com/90s-retro-tee-wmns.html,W,TOP,http://d8wtay8lm19fy.cloudfront.net/puma_product/420x/5/7/579383_01_01_KOR.jpg
https://kr.puma.com/og-tee-8.html,W,TOP,http://d8wtay8lm19fy.cloudfront.net/puma_product/420x/8/4/844527_02_01_KOR.jpg
https://kr.puma.com/og-tee.html,W,TOP,http://d8wtay8lm19fy.cloudfront.net/puma_product/420x/8/4/844527_01_01_KOR.jpg
https://kr.puma.com/ftblnxt-pro-shirt-8.html,W,TOP,http://d8wtay8lm19fy.cloudfront.net/puma_product/420x/6/5/656221_02_01_KOR.jpg
https://kr.puma.com/puma-91074-tee-24.html,W,TOP,http://d8wtay8lm19fy.cloudfront.net/puma_product/420x/5/7/579991_38_01_KOR.jpg
https://kr.puma.com/puma-91074-tee-16.html,W,TOP,http://d8wtay8lm19fy.cloudfront.net/puma_product/420x/5/7/579991_11_01_KOR.jpg
https://kr.puma.com/puma-91074-tee-8.html,W,TOP,http://d8wtay8lm19fy.cloudfront.net/puma_product/420x/5/7/579991_02_01_KOR.jpg
https://kr.puma.com/puma-91074-tee.html,W,TOP,http://d8wtay8lm19fy.cloudfront.net/puma_product/420x/5/7/579991_01_01_KOR.jpg
https://kr.puma.com/puma-91074-ls-tee-8.html,W,TOP,http://d8wtay8lm19fy.cloudfront.net/puma_product/420x/5/7/579987_02_01_KOR.jpg
https://kr.puma.com/puma-91074-ls-tee.html,W,TOP,http://d8wtay8lm19fy.cloudfront.net/puma_product/420x/5/7/579987_01_01_KOR.jpg
https://kr.puma.com/graphic-box-logo-tee-7.html,W,TOP,http://d8wtay8lm19fy.cloudfront.net/puma_product/420x/5/7/578157_52_01_KOR.jpg
https://kr.puma.com/ftblnxt-graphic-shirt-32.html,W,TOP,http://d8wtay8lm19fy.cloudfront.net/puma_product/420x/6/5/656220_04_01_KOR.jpg
https://kr.puma.com/sf-street-tee-7.html,W,TOP,http://d8wtay8lm19fy.cloudfront.net/puma_product/420x/5/7/577818_02_01_KOR.jpg
https://kr.puma.com/sf-street-tee.html,W,TOP,http://d8wtay8lm19fy.cloudfront.net/puma_product/420x/5/7/577818_01_01_KOR.jpg
https://kr.puma.com/energy-seamless-tee.html,W,TOP,http://d8wtay8lm19fy.cloudfront.net/puma_product/420x/5/1/517319_01_01_KOR.jpg
https://kr.puma.com/energy-seamless-tee-7.html,W,TOP,http://d8wtay8lm19fy.cloudfront.net/puma_product/420x/5/1/517319_05_01_KOR.jpg
https://kr.puma.com/ess-logo-tee-21.html,W,TOP,http://d8wtay8lm19fy.cloudfront.net/puma_product/420x/8/5/851740_02_01_KOR.jpg
https://kr.puma.com/ess-logo-tee.html,W,TOP,http://d8wtay8lm19fy.cloudfront.net/puma_product/420x/8/5/851740_01_01_KOR.jpg
https://kr.puma.com/puma-xtg-graphic-tee.html,W,TOP,http://d8wtay8lm19fy.cloudfront.net/puma_product/420x/5/7/578016_01_01_KOR.jpg
https://kr.puma.com/gen-g-long-down-jacket.html,W,TOP,http://d8wtay8lm19fy.cloudfront.net/puma_product/420x/9/3/932101_01_01_KOR.jpg
https://kr.puma.com/classics-reversible-fleece-jacket.html,W,TOP,http://d8wtay8lm19fy.cloudfront.net/puma_product/420x/9/2/929274_01_04_KOR.jpg
https://kr.puma.com/classics-reversible-fleece-jacket-2.html,W,TOP,http://d8wtay8lm19fy.cloudfront.net/puma_product/420x/9/2/929274_03_01_KOR.jpg
https://kr.puma.com/classics-reversible-fleece-jacket-3.html,W,TOP,http://d8wtay8lm19fy.cloudfront.net/puma_product/420x/9/2/929274_04_01_KOR.jpg
https://kr.puma.com/sherpa-fz-bonded-jacket-7.html,W,TOP,http://d8wtay8lm19fy.cloudfront.net/puma_product/420x/9/2/929820_02_01_KOR.jpg
https://kr.puma.com/sherpa-light-padded-jacket.html,W,TOP,http://d8wtay8lm19fy.cloudfront.net/puma_product/420x/9/2/929821_01_01_KOR.jpg
https://kr.puma.com/sherpa-light-padded-jacket-1.html,W,TOP,http://d8wtay8lm19fy.cloudfront.net/puma_product/420x/9/2/929821_02_01_KOR.jpg
https://kr.puma.com/sherpa-anorak.html,W,TOP,http://d8wtay8lm19fy.cloudfront.net/puma_product/420x/9/2/929822_01_01_KOR.jpg
https://kr.puma.com/sherpa-anorak-7.html,W,TOP,http://d8wtay8lm19fy.cloudfront.net/puma_product/420x/9/2/929822_02_01_KOR.jpg
https://kr.puma.com/sherpa-fz-padded-hoody.html,W,TOP,http://d8wtay8lm19fy.cloudfront.net/puma_product/420x/9/2/929823_01_01_KOR.jpg
https://kr.puma.com/sherpa-fz-padded-hoody-7.html,W,TOP,http://d8wtay8lm19fy.cloudfront.net/puma_product/420x/9/2/929823_02_01_KOR.jpg
https://kr.puma.com/sherpa-reversible-vest.html,W,TOP,http://d8wtay8lm19fy.cloudfront.net/puma_product/420x/9/2/929825_01_04_KOR.jpg
https://kr.puma.com/sherpa-reversible-vest-7.html,W,TOP,http://d8wtay8lm19fy.cloudfront.net/puma_product/420x/9/2/929825_02_04_KOR.jpg
https://kr.puma.com/run-favorite-puffer-vest.html,W,TOP,http://d8wtay8lm19fy.cloudfront.net/puma_product/420x/5/1/519368_01_01_KOR.jpg
https://kr.puma.com/sherpa-fz-bonded-jacket.html,W,TOP,http://d8wtay8lm19fy.cloudfront.net/puma_product/420x/9/2/929820_01_01_KOR.jpg
https://kr.puma.com/classics-padded-bomber.html,W,TOP,http://d8wtay8lm19fy.cloudfront.net/puma_product/420x/9/2/929794_01_01_KOR.jpg
https://kr.puma.com/classics-padded-bomber-7.html,W,TOP,http://d8wtay8lm19fy.cloudfront.net/puma_product/420x/9/2/929794_02_01_KOR.jpg
https://kr.puma.com/corduroy-sherpa-trim-padded-jacket.html,W,TOP,http://d8wtay8lm19fy.cloudfront.net/puma_product/420x/9/2/929814_01_01_KOR.jpg
https://kr.puma.com/corduroy-sherpa-trim-padded-jacket-1.html,W,TOP,http://d8wtay8lm19fy.cloudfront.net/puma_product/420x/9/2/929814_02_01_KOR.jpg
https://kr.puma.com/u-i-sherpa-reversible-jacket.html,W,TOP,http://d8wtay8lm19fy.cloudfront.net/puma_product/420x/9/2/929784_01_01_KOR.jpg
https://kr.puma.com/w-primaloft-jacket.html,W,TOP,http://d8wtay8lm19fy.cloudfront.net/puma_product/420x/5/9/597709_01_01_KOR.jpg
https://kr.puma.com/w-primaloft-vest.html,W,TOP,http://d8wtay8lm19fy.cloudfront.net/puma_product/420x/5/9/597710_01_01_KOR.jpg
https://kr.puma.com/classics-reversible-fleece-jacket-1.html,W,TOP,http://d8wtay8lm19fy.cloudfront.net/puma_product/420x/9/2/929274_02_04_KOR.jpg
https://kr.puma.com/mid-impact-first-mile-long-line-bra.html,W,TOP,http://d8wtay8lm19fy.cloudfront.net/puma_product/420x/5/1/519564_02_01_KOR.jpg
https://kr.puma.com/4keeps-bra-pm-78.html,W,TOP,http://d8wtay8lm19fy.cloudfront.net/puma_product/420x/5/1/518911_31_01_KOR.jpg
https://kr.puma.com/low-impact-strappy-bra.html,W,TOP,http://d8wtay8lm19fy.cloudfront.net/puma_product/420x/5/1/519471_01_01_KOR.jpg
https://kr.puma.com/low-impact-strappy-bra-6.html,W,TOP,http://d8wtay8lm19fy.cloudfront.net/puma_product/420x/5/1/519471_02_01_KOR.jpg
https://kr.puma.com/high-impact-front-zip-bra-6.html,W,TOP,http://d8wtay8lm19fy.cloudfront.net/puma_product/420x/5/1/519470_04_01_KOR.jpg
https://kr.puma.com/csm-aop-top.html,W,TOP,http://d8wtay8lm19fy.cloudfront.net/puma_product/420x/5/9/597181_02_01_KOR.jpg
https://kr.puma.com/seamless-bra-l.html,W,TOP,http://d8wtay8lm19fy.cloudfront.net/puma_product/420x/5/1/518913_04_01_KOR.jpg
https://kr.puma.com/evide-aop-crop-top.html,W,TOP,http://d8wtay8lm19fy.cloudfront.net/puma_product/420x/5/9/596704_51_01_KOR.jpg
https://kr.puma.com/get-fast-bra-h-26.html,W,TOP,http://d8wtay8lm19fy.cloudfront.net/puma_product/420x/5/1/518286_11_01_KOR.jpg
https://kr.puma.com/thermo-r-bra.html,W,TOP,http://d8wtay8lm19fy.cloudfront.net/puma_product/420x/5/1/518910_01_01_KOR.jpg
https://kr.puma.com/4keeps-bra-m-7.html,W,TOP,http://d8wtay8lm19fy.cloudfront.net/puma_product/420x/5/1/519158_18_01_KOR.jpg
https://kr.puma.com/studio-porcelain-bra.html,W,TOP,http://d8wtay8lm19fy.cloudfront.net/puma_product/420x/5/1/518914_01_01_KOR.jpg
https://kr.puma.com/studio-porcelain-bra-6.html,W,TOP,http://d8wtay8lm19fy.cloudfront.net/puma_product/420x/5/1/518914_02_01_KOR.jpg
https://kr.puma.com/4keeps-bra-pm-60.html,W,TOP,http://d8wtay8lm19fy.cloudfront.net/puma_product/420x/5/1/518911_03_01_KOR.jpg
https://kr.puma.com/4keeps-bra-pm-66.html,W,TOP,http://d8wtay8lm19fy.cloudfront.net/puma_product/420x/5/1/518911_04_01_KOR.jpg
https://kr.puma.com/4keeps-bra-pm-72.html,W,TOP,http://d8wtay8lm19fy.cloudfront.net/puma_product/420x/5/1/518911_08_01_KOR.jpg
https://kr.puma.com/al-always-ready-bra.html,W,TOP,http://d8wtay8lm19fy.cloudfront.net/puma_product/420x/5/1/519150_01_01_KOR.jpg
https://kr.puma.com/4keeps-graphic-bra-m.html,W,TOP,http://d8wtay8lm19fy.cloudfront.net/puma_product/420x/5/1/516997_28_01_KOR.jpg
https://kr.puma.com/strappy-studio-bra-l.html,W,TOP,http://d8wtay8lm19fy.cloudfront.net/puma_product/420x/5/1/518290_03_01_KOR.jpg
https://kr.puma.com/strappy-studio-bra-l-6.html,W,TOP,http://d8wtay8lm19fy.cloudfront.net/puma_product/420x/5/1/518290_04_01_KOR.jpg
https://kr.puma.com/get-fast-bra-h.html,W,TOP,http://d8wtay8lm19fy.cloudfront.net/puma_product/420x/5/1/518286_01_01_KOR.jpg
https://kr.puma.com/get-fast-bra-h-13.html,W,TOP,http://d8wtay8lm19fy.cloudfront.net/puma_product/420x/5/1/518286_08_01_KOR.jpg
https://kr.puma.com/4keeps-bra-pm-40.html,W,TOP,http://d8wtay8lm19fy.cloudfront.net/puma_product/420x/5/1/516998_19_01_KOR_01.jpg
https://kr.puma.com/4keeps-bra-pm-47.html,W,TOP,http://d8wtay8lm19fy.cloudfront.net/puma_product/420x/5/1/516998_26_01_KOR_01.jpg
https://kr.puma.com/feel-it-bra-m.html,W,TOP,http://d8wtay8lm19fy.cloudfront.net/puma_product/420x/5/1/518289_02_01_KOR.jpg
https://kr.puma.com/4keeps-graphic-bra-pm-6.html,W,TOP,http://d8wtay8lm19fy.cloudfront.net/puma_product/420x/5/1/516999_14_01_KOR_01.jpg
https://kr.puma.com/gen-g-hoodie.html,W,TOP,http://d8wtay8lm19fy.cloudfront.net/puma_product/420x/9/3/932100_01_01_KOR.jpg
https://kr.puma.com/classics-emb-logo-crew-fl-28.html,W,TOP,http://d8wtay8lm19fy.cloudfront.net/puma_product/420x/9/2/929799_01_01_KOR.jpg
https://kr.puma.com/classics-emb-logo-crew-fl-35.html,W,TOP,http://d8wtay8lm19fy.cloudfront.net/puma_product/420x/9/2/929799_02_01_KOR.jpg
https://kr.puma.com/classics-emb-logo-crew-fl-42.html,W,TOP,http://d8wtay8lm19fy.cloudfront.net/puma_product/420x/9/2/929799_03_01_KOR.jpg
https://kr.puma.com/puma-club-hoodie-fl.html,W,TOP,http://d8wtay8lm19fy.cloudfront.net/puma_product/420x/5/9/598790_01_01_KOR.jpg
https://kr.puma.com/puma-club-hoodie-fl-8.html,W,TOP,http://d8wtay8lm19fy.cloudfront.net/puma_product/420x/5/9/598790_81_01_KOR_01.jpg
https://kr.puma.com/classics-emb-logo-crew-28.html,W,TOP,http://d8wtay8lm19fy.cloudfront.net/puma_product/420x/9/2/929790_01_01_KOR.jpg
https://kr.puma.com/classics-emb-logo-crew-35.html,W,TOP,http://d8wtay8lm19fy.cloudfront.net/puma_product/420x/9/2/929790_02_01_KOR.jpg
https://kr.puma.com/classics-emb-logo-crew-42.html,W,TOP,http://d8wtay8lm19fy.cloudfront.net/puma_product/420x/9/2/929790_03_01_KOR.jpg
https://kr.puma.com/classics-emb-logo-hoody-28.html,W,TOP,http://d8wtay8lm19fy.cloudfront.net/puma_product/420x/9/2/929791_01_01_KOR.jpg
https://kr.puma.com/classics-emb-logo-hoody-35.html,W,TOP,http://d8wtay8lm19fy.cloudfront.net/puma_product/420x/9/2/929791_02_01_KOR.jpg
https://kr.puma.com/classics-emb-logo-hoody-fl-4.html,W,TOP,http://d8wtay8lm19fy.cloudfront.net/puma_product/420x/9/2/929800_01_01_KOR.jpg
https://kr.puma.com/classics-emb-logo-hoody-fl-5.html,W,TOP,http://d8wtay8lm19fy.cloudfront.net/puma_product/420x/9/2/929800_02_01_KOR.jpg
https://kr.puma.com/u-i-micro-fleece-crew.html,W,TOP,http://d8wtay8lm19fy.cloudfront.net/puma_product/420x/9/2/929785_01_01_KOR.jpg
https://kr.puma.com/u-i-micro-fleece-crew-7.html,W,TOP,http://d8wtay8lm19fy.cloudfront.net/puma_product/420x/9/2/929785_02_01_KOR.jpg
https://kr.puma.com/u-i-hoody.html,W,TOP,http://d8wtay8lm19fy.cloudfront.net/puma_product/420x/9/2/929787_01_01_KOR.jpg
https://kr.puma.com/u-i-hoody-7.html,W,TOP,http://d8wtay8lm19fy.cloudfront.net/puma_product/420x/9/2/929787_02_01_KOR.jpg
https://kr.puma.com/u-i-crew.html,W,TOP,http://d8wtay8lm19fy.cloudfront.net/puma_product/420x/9/2/929789_01_01_KOR.jpg
https://kr.puma.com/u-i-crew-7.html,W,TOP,http://d8wtay8lm19fy.cloudfront.net/puma_product/420x/9/2/929789_02_01_KOR.jpg
https://kr.puma.com/puma-club-aop-hoodie-fl.html,W,TOP,http://d8wtay8lm19fy.cloudfront.net/puma_product/420x/5/9/598791_02_01_KOR.jpg
https://kr.puma.com/train-zip-crew-sweatshirt.html,W,TOP,http://d8wtay8lm19fy.cloudfront.net/puma_product/420x/5/1/519480_01_01_KOR.jpg
https://kr.puma.com/train-zip-crew-sweatshirt-6.html,W,TOP,http://d8wtay8lm19fy.cloudfront.net/puma_product/420x/5/1/519480_04_01_KOR.jpg
https://kr.puma.com/csm-cropped-hoody.html,W,TOP,http://d8wtay8lm19fy.cloudfront.net/puma_product/420x/5/9/597180_02_01_KOR.jpg
https://kr.puma.com/rider-woven-pocket-crew-8.html,W,TOP,http://d8wtay8lm19fy.cloudfront.net/puma_product/420x/9/2/929410_02_01_KOR.jpg
https://kr.puma.com/rider-long-sleeves-tee-16.html,W,TOP,http://d8wtay8lm19fy.cloudfront.net/puma_product/420x/9/2/929416_03_01_KOR.jpg
https://kr.puma.com/rider-woven-pocket-crew.html,W,TOP,http://d8wtay8lm19fy.cloudfront.net/puma_product/420x/9/2/929410_01_01_KOR.jpg
https://kr.puma.com/rider-long-sleeves-tee.html,W,TOP,http://d8wtay8lm19fy.cloudfront.net/puma_product/420x/9/2/929416_01_01_KOR.jpg
https://kr.puma.com/rider-long-sleeves-tee-8.html,W,TOP,http://d8wtay8lm19fy.cloudfront.net/puma_product/420x/9/2/929416_02_01_KOR.jpg
https://kr.puma.com/evide-aop-hoody.html,W,TOP,http://d8wtay8lm19fy.cloudfront.net/puma_product/420x/5/9/597078_02_01_KOR.jpg
https://kr.puma.com/evide-aop-hoody-6.html,W,TOP,http://d8wtay8lm19fy.cloudfront.net/puma_product/420x/5/9/597078_51_01_KOR.jpg
https://kr.puma.com/classics-emb-logo-crew-14.html,W,TOP,http://d8wtay8lm19fy.cloudfront.net/puma_product/420x/9/2/929269_02_01_KOR.jpg
https://kr.puma.com/classics-emb-logo-crew-21.html,W,TOP,http://d8wtay8lm19fy.cloudfront.net/puma_product/420x/9/2/929269_04_01_KOR.jpg
https://kr.puma.com/cube-longsleeves-tee.html,W,TOP,http://d8wtay8lm19fy.cloudfront.net/puma_product/420x/9/2/929338_01_01_KOR.jpg
https://kr.puma.com/cube-crew.html,W,TOP,http://d8wtay8lm19fy.cloudfront.net/puma_product/420x/9/2/929340_01_01_KOR.jpg
https://kr.puma.com/cube-crew-7.html,W,TOP,http://d8wtay8lm19fy.cloudfront.net/puma_product/420x/9/2/929340_02_01_KOR.jpg
https://kr.puma.com/classics-emb-logo-hoody.html,W,TOP,http://d8wtay8lm19fy.cloudfront.net/puma_product/420x/9/2/929268_01_01_KOR.jpg
https://kr.puma.com/classics-emb-logo-hoody-7.html,W,TOP,http://d8wtay8lm19fy.cloudfront.net/puma_product/420x/9/2/929268_02_01_KOR.jpg
https://kr.puma.com/classics-emb-logo-hoody-14.html,W,TOP,http://d8wtay8lm19fy.cloudfront.net/puma_product/420x/9/2/929268_03_01_KOR.jpg
https://kr.puma.com/classics-emb-logo-hoody-21.html,W,TOP,http://d8wtay8lm19fy.cloudfront.net/puma_product/420x/9/2/929268_04_01_KOR.jpg
https://kr.puma.com/classics-emb-logo-crew.html,W,TOP,http://d8wtay8lm19fy.cloudfront.net/puma_product/420x/9/2/929269_01_01_KOR.jpg
https://kr.puma.com/classics-emb-logo-crew-7.html,W,TOP,http://d8wtay8lm19fy.cloudfront.net/puma_product/420x/9/2/929269_03_01_KOR.jpg
https://kr.puma.com/puma-x-rdet-hoodie-8.html,W,TOP,http://d8wtay8lm19fy.cloudfront.net/puma_product/420x/5/9/596662_85_01_KOR.jpg
https://kr.puma.com/puma-x-rdet-graphic-crew.html,W,TOP,http://d8wtay8lm19fy.cloudfront.net/puma_product/420x/5/9/596663_40_01_KOR.jpg
https://kr.puma.com/puma-x-rdet-crew-8.html,W,TOP,http://d8wtay8lm19fy.cloudfront.net/puma_product/420x/5/9/596664_49_01_KOR.jpg
https://kr.puma.com/ess-hoody-tr-big-logo.html,W,TOP,http://d8wtay8lm19fy.cloudfront.net/puma_product/420x/9/2/929275_01_01_KOR.jpg
https://kr.puma.com/ess-hoody-tr-big-logo-7.html,W,TOP,http://d8wtay8lm19fy.cloudfront.net/puma_product/420x/9/2/929275_02_01_KOR.jpg
https://kr.puma.com/ess-hoody-tr-40.html,W,TOP,http://d8wtay8lm19fy.cloudfront.net/puma_product/420x/9/2/929276_01_01_KOR.jpg
https://kr.puma.com/ess-logo-crew-sweat-tr-40.html,W,TOP,http://d8wtay8lm19fy.cloudfront.net/puma_product/420x/9/2/929277_01_01_KOR.jpg
https://kr.puma.com/ess-logo-crew-sweat-tr-47.html,W,TOP,http://d8wtay8lm19fy.cloudfront.net/puma_product/420x/9/2/929277_02_01_KOR.jpg
https://kr.puma.com/puma-x-ader-turtleneck-16.html,W,TOP,http://d8wtay8lm19fy.cloudfront.net/puma_product/420x/5/9/595538_48_01_KOR.jpg
https://kr.puma.com/puma-x-ader-turtleneck-24.html,W,TOP,http://d8wtay8lm19fy.cloudfront.net/puma_product/420x/5/9/595538_49_01_KOR.jpg
https://kr.puma.com/puma-x-ader-crew-40.html,W,TOP,http://d8wtay8lm19fy.cloudfront.net/puma_product/420x/5/9/595539_01_01_KOR.jpg
https://kr.puma.com/puma-x-ader-crew-48.html,W,TOP,http://d8wtay8lm19fy.cloudfront.net/puma_product/420x/5/9/595539_60_01_KOR.jpg
https://kr.puma.com/al-crew-sweat-6.html,W,TOP,http://d8wtay8lm19fy.cloudfront.net/puma_product/420x/5/1/519147_01_01_KOR.jpg
https://kr.puma.com/al-crew-sweat.html,W,TOP,http://d8wtay8lm19fy.cloudfront.net/puma_product/420x/5/1/519147_03_01_KOR.jpg
https://kr.puma.com/al-hoody.html,W,TOP,http://d8wtay8lm19fy.cloudfront.net/puma_product/420x/5/1/519148_01_01_KOR.jpg
https://kr.puma.com/al-hoody-6.html,W,TOP,http://d8wtay8lm19fy.cloudfront.net/puma_product/420x/5/1/519148_02_01_KOR.jpg
https://kr.puma.com/puma-xtg-fleece-hoody.html,W,TOP,http://d8wtay8lm19fy.cloudfront.net/puma_product/420x/5/9/595243_01_01_KOR.jpg
https://kr.puma.com/puma-xtg-fleece-hoody-aop.html,W,TOP,http://d8wtay8lm19fy.cloudfront.net/puma_product/420x/5/9/595635_64_01_KOR.jpg
https://kr.puma.com/shift-hoodie.html,W,TOP,http://d8wtay8lm19fy.cloudfront.net/puma_product/420x/5/1/518245_02_01_KOR.jpg
https://kr.puma.com/puma-xtg-crew-22.html,W,TOP,http://d8wtay8lm19fy.cloudfront.net/puma_product/420x/5/9/595238_01_01_KOR.jpg
https://kr.puma.com/puma-xtg-crew-28.html,W,TOP,http://d8wtay8lm19fy.cloudfront.net/puma_product/420x/5/9/595238_14_01_KOR.jpg
https://kr.puma.com/puma-xtg-crew-48.html,W,TOP,http://d8wtay8lm19fy.cloudfront.net/puma_product/420x/5/9/595238_20_01_KOR.jpg
https://kr.puma.com/xtg-hoody.html,W,TOP,http://d8wtay8lm19fy.cloudfront.net/puma_product/420x/5/9/595741_01_01_KOR.jpg
https://kr.puma.com/xtg-hoody-6.html,W,TOP,http://d8wtay8lm19fy.cloudfront.net/puma_product/420x/5/9/595741_14_01_KOR.jpg
https://kr.puma.com/xtg-hoody-12.html,W,TOP,http://d8wtay8lm19fy.cloudfront.net/puma_product/420x/5/9/595741_20_01_KOR.jpg
https://kr.puma.com/classics-t7-crew.html,W,TOP,http://d8wtay8lm19fy.cloudfront.net/puma_product/420x/5/9/595203_14_01_KOR.jpg
https://kr.puma.com/classics-t7-crew-6.html,W,TOP,http://d8wtay8lm19fy.cloudfront.net/puma_product/420x/5/9/595203_23_01_KOR.jpg
https://kr.puma.com/modern-sports-hoody-6.html,W,TOP,http://d8wtay8lm19fy.cloudfront.net/puma_product/420x/8/5/854238_02_01_KOR.jpg
https://kr.puma.com/modern-sports-hoody.html,W,TOP,http://d8wtay8lm19fy.cloudfront.net/puma_product/420x/8/5/854238_01_01_KOR.jpg
https://kr.puma.com/90s-retro-hoody-7.html,W,TOP,http://d8wtay8lm19fy.cloudfront.net/puma_product/420x/5/7/578912_02_01_KOR.jpg
https://kr.puma.com/90s-retro-hoody.html,W,TOP,http://d8wtay8lm19fy.cloudfront.net/puma_product/420x/5/7/578912_01_01_KOR.jpg
https://kr.puma.com/ls-color-blocked-anorak-6.html,W,TOP,http://d8wtay8lm19fy.cloudfront.net/puma_product/420x/9/2/928095_02_01_KOR.jpg
https://kr.puma.com/ls-color-blocked-anorak.html,W,TOP,http://d8wtay8lm19fy.cloudfront.net/puma_product/420x/9/2/928095_01_01_KOR.jpg
https://kr.puma.com/ls-color-point-basic-crew.html,W,TOP,http://d8wtay8lm19fy.cloudfront.net/puma_product/420x/9/2/928094_01_01_KOR.jpg
https://kr.puma.com/train-first-mile-xtreme-jacket.html,W,TOP,http://d8wtay8lm19fy.cloudfront.net/puma_product/420x/5/1/519567_02_01_KOR.jpg
https://kr.puma.com/evostripe-full-zip-hoodie.html,W,TOP,http://d8wtay8lm19fy.cloudfront.net/puma_product/420x/5/8/583890_01_01_KOR.jpg
https://kr.puma.com/evostripe-full-zip-hoodie-8.html,W,TOP,http://d8wtay8lm19fy.cloudfront.net/puma_product/420x/5/8/583890_05_01_KOR.jpg
https://kr.puma.com/double-knit-training-suit-jkt-w.html,W,TOP,http://d8wtay8lm19fy.cloudfront.net/puma_product/420x/9/2/929868_01_01_KOR.jpg
https://kr.puma.com/warm-tricot-bonded-suit-jkt-w.html,W,TOP,http://d8wtay8lm19fy.cloudfront.net/puma_product/420x/9/2/929864_01_01_KOR.jpg
https://kr.puma.com/warm-tricot-bonded-suit-jkt-w-1.html,W,TOP,http://d8wtay8lm19fy.cloudfront.net/puma_product/420x/9/2/929864_02_01_KOR.jpg
https://kr.puma.com/cushion-suit-jkt.html,W,TOP,http://d8wtay8lm19fy.cloudfront.net/puma_product/420x/9/2/929730_01_01_KOR.jpg
https://kr.puma.com/cushion-suit-jkt-8.html,W,TOP,http://d8wtay8lm19fy.cloudfront.net/puma_product/420x/9/2/929730_02_01_KOR.jpg
https://kr.puma.com/woven-suit-jkt-w.html,W,TOP,http://d8wtay8lm19fy.cloudfront.net/puma_product/420x/9/2/929728_01_01_KOR.jpg
https://kr.puma.com/woven-suit-jkt-w-8.html,W,TOP,http://d8wtay8lm19fy.cloudfront.net/puma_product/420x/9/2/929728_02_01_KOR.jpg
https://kr.puma.com/classics-archive-windbreaker-2.html,W,TOP,http://d8wtay8lm19fy.cloudfront.net/puma_product/420x/9/2/929792_01_01_KOR.jpg
https://kr.puma.com/classics-archive-windbreaker-3.html,W,TOP,http://d8wtay8lm19fy.cloudfront.net/puma_product/420x/9/2/929792_02_01_KOR.jpg
https://kr.puma.com/classics-coach-jacket.html,W,TOP,http://d8wtay8lm19fy.cloudfront.net/puma_product/420x/9/2/929793_01_01_KOR.jpg
https://kr.puma.com/classics-coach-jacket-7.html,W,TOP,http://d8wtay8lm19fy.cloudfront.net/puma_product/420x/9/2/929793_02_01_KOR.jpg
https://kr.puma.com/cloudspun-w-warm-up-jacket-2.html,W,TOP,http://d8wtay8lm19fy.cloudfront.net/puma_product/420x/5/9/595850_01_01_KOR.jpg
https://kr.puma.com/cloudspun-w-warm-up-jacket-3.html,W,TOP,http://d8wtay8lm19fy.cloudfront.net/puma_product/420x/5/9/595850_02_01_KOR.jpg
https://kr.puma.com/run-ultra-jacket.html,W,TOP,http://d8wtay8lm19fy.cloudfront.net/puma_product/420x/5/1/519343_01_01_KOR.jpg
https://kr.puma.com/run-ultra-jacket-6.html,W,TOP,http://d8wtay8lm19fy.cloudfront.net/puma_product/420x/5/1/519343_03_01_KOR.jpg
https://kr.puma.com/csm-cropped-aop-jacket.html,W,TOP,http://d8wtay8lm19fy.cloudfront.net/puma_product/420x/5/9/597190_02_01_KOR.jpg
https://kr.puma.com/rt-tech-wind-jacket.html,W,TOP,http://d8wtay8lm19fy.cloudfront.net/puma_product/420x/9/2/929782_01_01_KOR.jpg
https://kr.puma.com/rt-tech-wind-jacket-8.html,W,TOP,http://d8wtay8lm19fy.cloudfront.net/puma_product/420x/9/2/929782_02_01_KOR.jpg
https://kr.puma.com/summer-tricot-jacket-w.html,W,TOP,http://d8wtay8lm19fy.cloudfront.net/puma_product/420x/9/2/929307_01_01_KOR.jpg
https://kr.puma.com/summer-tricot-jacket-w-6.html,W,TOP,http://d8wtay8lm19fy.cloudfront.net/puma_product/420x/9/2/929307_02_01_KOR.jpg
https://kr.puma.com/training-woven-jacket-w.html,W,TOP,http://d8wtay8lm19fy.cloudfront.net/puma_product/420x/9/2/929299_01_01_KOR.jpg
https://kr.puma.com/training-woven-jacket-w-7.html,W,TOP,http://d8wtay8lm19fy.cloudfront.net/puma_product/420x/9/2/929299_02_01_KOR.jpg
https://kr.puma.com/classics-mesh-bomber.html,W,TOP,http://d8wtay8lm19fy.cloudfront.net/puma_product/420x/5/9/598498_02_01_KOR.jpg
https://kr.puma.com/be-bold-woven-jacket.html,W,TOP,http://d8wtay8lm19fy.cloudfront.net/puma_product/420x/5/1/518925_03_01_KOR.jpg
https://kr.puma.com/evide-jacket.html,W,TOP,http://d8wtay8lm19fy.cloudfront.net/puma_product/420x/5/9/596327_01_01_KOR.jpg
https://kr.puma.com/evide-jacket-6.html,W,TOP,http://d8wtay8lm19fy.cloudfront.net/puma_product/420x/5/9/596327_32_01_KOR.jpg
https://kr.puma.com/the-first-mile-anorak-6.html,W,TOP,http://d8wtay8lm19fy.cloudfront.net/puma_product/420x/5/1/519034_02_01_KOR.jpg
https://kr.puma.com/the-first-mile-anorak.html,W,TOP,http://d8wtay8lm19fy.cloudfront.net/puma_product/420x/5/1/519034_03_01_KOR.jpg
https://kr.puma.com/metal-splash-anorak.html,W,TOP,http://d8wtay8lm19fy.cloudfront.net/puma_product/420x/5/1/519199_01_01_KOR.jpg
https://kr.puma.com/cloudspun-w-warm-up-vest.html,W,TOP,http://d8wtay8lm19fy.cloudfront.net/puma_product/420x/5/9/595852_01_01_KOR.jpg
https://kr.puma.com/training-tricot-jacket-w.html,W,TOP,http://d8wtay8lm19fy.cloudfront.net/puma_product/420x/9/2/929303_01_01_KOR.jpg
https://kr.puma.com/training-tricot-jacket-w-7.html,W,TOP,http://d8wtay8lm19fy.cloudfront.net/puma_product/420x/9/2/929303_02_01_KOR.jpg
https://kr.puma.com/puma-by-x-bionicr-rainsphere-run-jacket-wmn.html,W,TOP,http://d8wtay8lm19fy.cloudfront.net/puma_product/420x/5/2/520079_01_01_KOR.jpg
https://kr.puma.com/runner-id-jacket.html,W,TOP,http://d8wtay8lm19fy.cloudfront.net/puma_product/420x/5/1/518895_01_01_KOR.jpg
https://kr.puma.com/cube-1-2-zip-woven-jacket.html,W,TOP,http://d8wtay8lm19fy.cloudfront.net/puma_product/420x/9/2/929167_01_01_KOR.jpg
https://kr.puma.com/cube-1-2-zip-woven-jacket-7.html,W,TOP,http://d8wtay8lm19fy.cloudfront.net/puma_product/420x/9/2/929167_02_01_KOR.jpg
https://kr.puma.com/classics-t7-track-jkt-ft.html,W,TOP,http://d8wtay8lm19fy.cloudfront.net/puma_product/420x/5/9/595204_01_01_KOR.jpg
https://kr.puma.com/classics-t7-track-jkt-ft-8.html,W,TOP,http://d8wtay8lm19fy.cloudfront.net/puma_product/420x/5/9/595204_17_01_KOR.jpg
https://kr.puma.com/eagle-point-2-1-jacket.html,W,TOP,http://d8wtay8lm19fy.cloudfront.net/puma_product/420x/9/2/929270_01_01_KOR.jpg
https://kr.puma.com/eagle-point-2-1-jacket-7.html,W,TOP,http://d8wtay8lm19fy.cloudfront.net/puma_product/420x/9/2/929270_02_01_KOR.jpg
https://kr.puma.com/training-knit-jacket-w.html,W,TOP,http://d8wtay8lm19fy.cloudfront.net/puma_product/420x/9/2/929295_01_01_KOR.jpg
https://kr.puma.com/training-knit-jacket-w-7.html,W,TOP,http://d8wtay8lm19fy.cloudfront.net/puma_product/420x/9/2/929295_02_01_KOR.jpg
https://kr.puma.com/puma-x-rdet-aop-windbreaker.html,W,TOP,http://d8wtay8lm19fy.cloudfront.net/puma_product/420x/5/9/596660_02_01_KOR.jpg
https://kr.puma.com/puma-x-rdet-bomber-jacket.html,W,TOP,http://d8wtay8lm19fy.cloudfront.net/puma_product/420x/5/9/596661_01_01_KOR.jpg
https://kr.puma.com/evostripe-fz-hoody-45.html,W,TOP,http://d8wtay8lm19fy.cloudfront.net/puma_product/420x/5/8/581245_01_01_KOR.jpg
https://kr.puma.com/evostripe-fz-hoody-53.html,W,TOP,http://d8wtay8lm19fy.cloudfront.net/puma_product/420x/5/8/581245_17_01_KOR.jpg
https://kr.puma.com/classics-archive-windbreaker.html,W,TOP,http://d8wtay8lm19fy.cloudfront.net/puma_product/420x/9/2/929309_01_01_KOR.jpg
https://kr.puma.com/classics-archive-windbreaker-1.html,W,TOP,http://d8wtay8lm19fy.cloudfront.net/puma_product/420x/9/2/929309_02_01_KOR.jpg
https://kr.puma.com/puma-x-ader-t7-track-top.html,W,TOP,http://d8wtay8lm19fy.cloudfront.net/puma_product/420x/5/9/595533_01_01_KOR.jpg
https://kr.puma.com/puma-x-ader-t7-track-top-8.html,W,TOP,http://d8wtay8lm19fy.cloudfront.net/puma_product/420x/5/9/595533_60_01_KOR.jpg
https://kr.puma.com/puma-x-ader-windbreaker-16.html,W,TOP,http://d8wtay8lm19fy.cloudfront.net/puma_product/420x/5/9/595535_02_01_KOR.jpg
https://kr.puma.com/puma-x-ader-windbreaker-24.html,W,TOP,http://d8wtay8lm19fy.cloudfront.net/puma_product/420x/5/9/595535_06_01_KOR.jpg
https://kr.puma.com/al-long-bomber-jacket.html,W,TOP,http://d8wtay8lm19fy.cloudfront.net/puma_product/420x/5/1/519149_01_01_KOR.jpg
https://kr.puma.com/hit-feel-it-sweat-jacket.html,W,TOP,http://d8wtay8lm19fy.cloudfront.net/puma_product/420x/5/1/518323_10_01_KOR.jpg
https://kr.puma.com/puma-woven-warm-up-jacket.html,W,TOP,http://d8wtay8lm19fy.cloudfront.net/puma_product/420x/5/1/518304_03_01_KOR.jpg
https://kr.puma.com/puma-woven-warm-up-jacket-6.html,W,TOP,http://d8wtay8lm19fy.cloudfront.net/puma_product/420x/5/1/518304_04_01_KOR.jpg
https://kr.puma.com/chase-woven-jacket-6.html,W,TOP,http://d8wtay8lm19fy.cloudfront.net/puma_product/420x/5/9/595493_01_01_KOR.jpg
https://kr.puma.com/rt-hybrid-jacket-fl.html,W,TOP,http://d8wtay8lm19fy.cloudfront.net/puma_product/420x/9/2/928665_01_01_KOR_01.jpg
https://kr.puma.com/rt-hybrid-jacket-fl-7.html,W,TOP,http://d8wtay8lm19fy.cloudfront.net/puma_product/420x/9/2/928665_02_01_KOR_01.jpg
https://kr.puma.com/ignite-wind-jacket.html,W,TOP,http://d8wtay8lm19fy.cloudfront.net/puma_product/420x/5/1/518260_03_01_KOR.jpg
https://kr.puma.com/rt-warm-knit-jkt-wns.html,W,TOP,http://d8wtay8lm19fy.cloudfront.net/puma_product/420x/9/2/928663_01_01_KOR.jpg
https://kr.puma.com/rt-warm-knit-jkt-wns-7.html,W,TOP,http://d8wtay8lm19fy.cloudfront.net/puma_product/420x/9/2/928663_02_01_KOR.jpg
https://kr.puma.com/classics-poly-track-jkt.html,W,TOP,http://d8wtay8lm19fy.cloudfront.net/puma_product/420x/5/9/595205_01_01_KOR.jpg
https://kr.puma.com/classics-poly-track-jkt-6.html,W,TOP,http://d8wtay8lm19fy.cloudfront.net/puma_product/420x/5/9/595205_23_01_KOR.jpg
https://kr.puma.com/rt-warm-woven-jkt-wns.html,W,TOP,http://d8wtay8lm19fy.cloudfront.net/puma_product/420x/9/2/928659_01_01_KOR.jpg
https://kr.puma.com/rt-warm-woven-jkt-wns-7.html,W,TOP,http://d8wtay8lm19fy.cloudfront.net/puma_product/420x/9/2/928659_02_01_KOR.jpg
https://kr.puma.com/fd-windbreaker-55.html,W,TOP,http://d8wtay8lm19fy.cloudfront.net/puma_product/420x/9/2/928108_02_01_KOR.jpg
https://kr.puma.com/fd-windbreaker-49.html,W,TOP,http://d8wtay8lm19fy.cloudfront.net/puma_product/420x/9/2/928108_01_01_KOR.jpg
https://kr.puma.com/rt-woven-jkt-w-16.html,W,TOP,http://d8wtay8lm19fy.cloudfront.net/puma_product/420x/9/2/928102_01_01_KOR.jpg
https://kr.puma.com/rt-ss-knit-jkt-w-6.html,W,TOP,http://d8wtay8lm19fy.cloudfront.net/puma_product/420x/9/2/928098_02_01_KOR.jpg
https://kr.puma.com/rt-ss-knit-jkt-w.html,W,TOP,http://d8wtay8lm19fy.cloudfront.net/puma_product/420x/9/2/928098_01_01_KOR.jpg
https://kr.puma.com/rt-ss-tricot-jkt-w.html,W,TOP,http://d8wtay8lm19fy.cloudfront.net/puma_product/420x/9/2/928106_01_01_KOR.jpg
https://kr.puma.com/rt-ss-tricot-jkt-w-6.html,W,TOP,http://d8wtay8lm19fy.cloudfront.net/puma_product/420x/9/2/928106_02_01_KOR.jpg
https://kr.puma.com/puma-xtg-94-jacket-woven-6.html,W,TOP,http://d8wtay8lm19fy.cloudfront.net/puma_product/420x/5/7/578024_13_01_KOR.jpg
https://kr.puma.com/classics-t7-track-jacket-pt-2.html,W,TOP,http://d8wtay8lm19fy.cloudfront.net/puma_product/420x/5/7/579060_30_01_KOR.jpg
https://kr.puma.com/classics-t7-track-jacket-pt.html,W,TOP,http://d8wtay8lm19fy.cloudfront.net/puma_product/420x/5/7/579060_01_01_KOR.jpg
https://kr.puma.com/puma-x-hh-tfs-track-top.html,W,TOP,http://d8wtay8lm19fy.cloudfront.net/puma_product/420x/5/9/597144_15_01_KOR.jpg
https://kr.puma.com/puma-x-hh-tfs-track-top-7.html,W,TOP,http://d8wtay8lm19fy.cloudfront.net/puma_product/420x/5/9/597144_89_01_KOR.jpg
https://kr.puma.com/puma-x-hh-half-zip-sweater.html,W,TOP,http://d8wtay8lm19fy.cloudfront.net/puma_product/420x/5/9/597146_01_01_KOR.jpg
https://kr.puma.com/puma-x-hh-half-zip-sweater-1.html,W,TOP,http://d8wtay8lm19fy.cloudfront.net/puma_product/420x/5/9/597146_15_01_KOR.jpg
https://kr.puma.com/tfs-og-retro-track-jacket.html,W,TOP,http://d8wtay8lm19fy.cloudfront.net/puma_product/420x/5/9/598555_88_01_KOR.jpg
