https://kr.puma.com/gen-g-long-down-jacket.html,M,TOP,http://d8wtay8lm19fy.cloudfront.net/puma_product/420x/9/3/932101_01_01_KOR.jpg
https://kr.puma.com/classics-reversible-fleece-jacket.html,M,TOP,http://d8wtay8lm19fy.cloudfront.net/puma_product/420x/9/2/929274_01_04_KOR.jpg
https://kr.puma.com/classics-reversible-fleece-jacket-2.html,M,TOP,http://d8wtay8lm19fy.cloudfront.net/puma_product/420x/9/2/929274_03_01_KOR.jpg
https://kr.puma.com/classics-reversible-fleece-jacket-3.html,M,TOP,http://d8wtay8lm19fy.cloudfront.net/puma_product/420x/9/2/929274_04_01_KOR.jpg
https://kr.puma.com/sherpa-fz-bonded-jacket-7.html,M,TOP,http://d8wtay8lm19fy.cloudfront.net/puma_product/420x/9/2/929820_02_01_KOR.jpg
https://kr.puma.com/sherpa-light-padded-jacket.html,M,TOP,http://d8wtay8lm19fy.cloudfront.net/puma_product/420x/9/2/929821_01_01_KOR.jpg
https://kr.puma.com/sherpa-light-padded-jacket-1.html,M,TOP,http://d8wtay8lm19fy.cloudfront.net/puma_product/420x/9/2/929821_02_01_KOR.jpg
https://kr.puma.com/sherpa-anorak.html,M,TOP,http://d8wtay8lm19fy.cloudfront.net/puma_product/420x/9/2/929822_01_01_KOR.jpg
https://kr.puma.com/sherpa-anorak-7.html,M,TOP,http://d8wtay8lm19fy.cloudfront.net/puma_product/420x/9/2/929822_02_01_KOR.jpg
https://kr.puma.com/sherpa-fz-padded-hoody.html,M,TOP,http://d8wtay8lm19fy.cloudfront.net/puma_product/420x/9/2/929823_01_01_KOR.jpg
https://kr.puma.com/sherpa-fz-padded-hoody-7.html,M,TOP,http://d8wtay8lm19fy.cloudfront.net/puma_product/420x/9/2/929823_02_01_KOR.jpg
https://kr.puma.com/sherpa-reversible-vest.html,M,TOP,http://d8wtay8lm19fy.cloudfront.net/puma_product/420x/9/2/929825_01_04_KOR.jpg
https://kr.puma.com/sherpa-reversible-vest-7.html,M,TOP,http://d8wtay8lm19fy.cloudfront.net/puma_product/420x/9/2/929825_02_04_KOR.jpg
https://kr.puma.com/run-favorite-puffer-vest-6.html,M,TOP,http://d8wtay8lm19fy.cloudfront.net/puma_product/420x/5/1/519399_01_01_KOR.jpg
https://kr.puma.com/sherpa-fz-bonded-jacket.html,M,TOP,http://d8wtay8lm19fy.cloudfront.net/puma_product/420x/9/2/929820_01_01_KOR.jpg
https://kr.puma.com/classics-padded-bomber.html,M,TOP,http://d8wtay8lm19fy.cloudfront.net/puma_product/420x/9/2/929794_01_01_KOR.jpg
https://kr.puma.com/classics-padded-bomber-7.html,M,TOP,http://d8wtay8lm19fy.cloudfront.net/puma_product/420x/9/2/929794_02_01_KOR.jpg
https://kr.puma.com/corduroy-sherpa-trim-padded-jacket.html,M,TOP,http://d8wtay8lm19fy.cloudfront.net/puma_product/420x/9/2/929814_01_01_KOR.jpg
https://kr.puma.com/corduroy-sherpa-trim-padded-jacket-1.html,M,TOP,http://d8wtay8lm19fy.cloudfront.net/puma_product/420x/9/2/929814_02_01_KOR.jpg
https://kr.puma.com/u-i-sherpa-reversible-jacket.html,M,TOP,http://d8wtay8lm19fy.cloudfront.net/puma_product/420x/9/2/929784_01_01_KOR.jpg
https://kr.puma.com/primaloft-stlth-jacket.html,M,TOP,http://d8wtay8lm19fy.cloudfront.net/puma_product/420x/5/9/597586_01_01_KOR.jpg
https://kr.puma.com/classics-reversible-fleece-jacket-1.html,M,TOP,http://d8wtay8lm19fy.cloudfront.net/puma_product/420x/9/2/929274_02_04_KOR.jpg
https://kr.puma.com/gen-g-ss-tee.html,M,TOP,http://d8wtay8lm19fy.cloudfront.net/puma_product/420x/9/3/932099_01_01_KOR.jpg
https://kr.puma.com/bvb-away-shirt-replica-ss-w-sponsor-logo-w-opel.html,M,TOP,http://d8wtay8lm19fy.cloudfront.net/puma_product/420x/7/5/757161_02_01_KOR.jpg
https://kr.puma.com/acm-away-shirt-replica.html,M,TOP,http://d8wtay8lm19fy.cloudfront.net/puma_product/420x/7/5/757278_02_01_KOR.jpg
https://kr.puma.com/mcfc-third-shirt-replica-ss-with-sponsor-logo.html,M,TOP,http://d8wtay8lm19fy.cloudfront.net/puma_product/420x/7/5/757095_03_01_KOR.jpg
https://kr.puma.com/ftblnxt-shirt-64.html,M,TOP,http://d8wtay8lm19fy.cloudfront.net/puma_product/420x/6/5/656825_01_01_KOR.jpg
https://kr.puma.com/ftblnxt-pro-tee-16.html,M,TOP,http://d8wtay8lm19fy.cloudfront.net/puma_product/420x/6/5/656829_01_01_KOR.jpg
https://kr.puma.com/ftblnxt-graphic-shirt-core-10.html,M,TOP,http://d8wtay8lm19fy.cloudfront.net/puma_product/420x/6/5/656830_01_01_KOR.jpg
https://kr.puma.com/ftblnxt-graphic-shirt-core-11.html,M,TOP,http://d8wtay8lm19fy.cloudfront.net/puma_product/420x/6/5/656830_02_01_KOR.jpg
https://kr.puma.com/ftblnxt-1-4-zip-top-32.html,M,TOP,http://d8wtay8lm19fy.cloudfront.net/puma_product/420x/6/5/656847_01_01_KOR.jpg
https://kr.puma.com/bvb-home-shirt-replica-ss-w-sponsor-logo-w-opel.html,M,TOP,http://d8wtay8lm19fy.cloudfront.net/puma_product/420x/7/5/757156_01_01_KOR_01.jpg
https://kr.puma.com/bvb-third-shirt-replica-ss-w-evonik-w-o-opel.html,M,TOP,http://d8wtay8lm19fy.cloudfront.net/puma_product/420x/7/5/757165_03_01_KOR.jpg
https://kr.puma.com/acm-home-shirt-replica.html,M,TOP,http://d8wtay8lm19fy.cloudfront.net/puma_product/420x/7/5/757277_01_01_KOR_01.jpg
https://kr.puma.com/acm-third-shirt-replica.html,M,TOP,http://d8wtay8lm19fy.cloudfront.net/puma_product/420x/7/5/757279_03_01_KOR.jpg
https://kr.puma.com/puma-x-mr-doodle-relaxed-tee.html,M,TOP,http://d8wtay8lm19fy.cloudfront.net/puma_product/420x/5/9/598649_88_01_KOR.jpg
https://kr.puma.com/puma-x-mr-doodle-relaxed-tee-1.html,M,TOP,http://d8wtay8lm19fy.cloudfront.net/puma_product/420x/5/9/598649_97_01_KOR.jpg
https://kr.puma.com/tfs-graphic-tee.html,M,TOP,http://d8wtay8lm19fy.cloudfront.net/puma_product/420x/5/9/597614_51_01_KOR.jpg
https://kr.puma.com/tfs-graphic-tee-7.html,M,TOP,http://d8wtay8lm19fy.cloudfront.net/puma_product/420x/5/9/597614_52_01_KOR.jpg
https://kr.puma.com/u-i-ls-tee.html,M,TOP,http://d8wtay8lm19fy.cloudfront.net/puma_product/420x/9/2/929788_01_01_KOR.jpg
https://kr.puma.com/u-i-ls-tee-7.html,M,TOP,http://d8wtay8lm19fy.cloudfront.net/puma_product/420x/9/2/929788_02_01_KOR.jpg
https://kr.puma.com/u-i-ls-tee-14.html,M,TOP,http://d8wtay8lm19fy.cloudfront.net/puma_product/420x/9/2/929788_03_01_KOR.jpg
https://kr.puma.com/franchise-graphic-tee.html,M,TOP,http://d8wtay8lm19fy.cloudfront.net/puma_product/420x/5/3/530480_01_01_KOR.jpg
https://kr.puma.com/franchise-graphic-tee-9.html,M,TOP,http://d8wtay8lm19fy.cloudfront.net/puma_product/420x/5/3/530480_03_01_KOR.jpg
https://kr.puma.com/franchise-graphic-tee-18.html,M,TOP,http://d8wtay8lm19fy.cloudfront.net/puma_product/420x/5/3/530480_05_01_KOR.jpg
https://kr.puma.com/franchise-street-tee.html,M,TOP,http://d8wtay8lm19fy.cloudfront.net/puma_product/420x/5/3/530481_01_01_KOR.jpg
https://kr.puma.com/franchise-street-tee-9.html,M,TOP,http://d8wtay8lm19fy.cloudfront.net/puma_product/420x/5/3/530481_02_01_KOR.jpg
https://kr.puma.com/franchise-street-tee-18.html,M,TOP,http://d8wtay8lm19fy.cloudfront.net/puma_product/420x/5/3/530481_03_01_KOR.jpg
https://kr.puma.com/mcfc-away-shirt-replica-ss-with-sponsor-logo-1.html,M,TOP,http://d8wtay8lm19fy.cloudfront.net/puma_product/420x/7/5/757065_02_01_KOR.jpg
https://kr.puma.com/train-first-mile-xtreme-short-sleeve-tee.html,M,TOP,http://d8wtay8lm19fy.cloudfront.net/puma_product/420x/5/1/519453_01_01_KOR.jpg
https://kr.puma.com/cloudspun-warm-up-zip.html,M,TOP,http://d8wtay8lm19fy.cloudfront.net/puma_product/420x/5/9/595803_07_01_KOR.jpg
https://kr.puma.com/cloudspun-warm-up-zip-8.html,M,TOP,http://d8wtay8lm19fy.cloudfront.net/puma_product/420x/5/9/595803_09_01_KOR.jpg
https://kr.puma.com/cloudspun-stlth-zip.html,M,TOP,http://d8wtay8lm19fy.cloudfront.net/puma_product/420x/5/9/597588_01_01_KOR.jpg
https://kr.puma.com/cloudspun-stlth-zip-9.html,M,TOP,http://d8wtay8lm19fy.cloudfront.net/puma_product/420x/5/9/597588_04_01_KOR.jpg
https://kr.puma.com/sherpa-1-4-zip.html,M,TOP,http://d8wtay8lm19fy.cloudfront.net/puma_product/420x/5/9/597597_04_01_KOR.jpg
https://kr.puma.com/baselayer-14.html,M,TOP,http://d8wtay8lm19fy.cloudfront.net/puma_product/420x/5/9/597598_01_01_KOR.jpg
https://kr.puma.com/baselayer-23.html,M,TOP,http://d8wtay8lm19fy.cloudfront.net/puma_product/420x/5/9/597598_02_01_KOR.jpg
https://kr.puma.com/train-evoknit-short-sleeve-tee-1.html,M,TOP,http://d8wtay8lm19fy.cloudfront.net/puma_product/420x/5/1/519401_02_01_KOR.jpg
https://kr.puma.com/ignite-ss-tee-18.html,M,TOP,http://d8wtay8lm19fy.cloudfront.net/puma_product/420x/5/1/518585_26_01_KOR.jpg
https://kr.puma.com/ignite-halfzip-top-20.html,M,TOP,http://d8wtay8lm19fy.cloudfront.net/puma_product/420x/5/1/518404_04_01_KOR.jpg
https://kr.puma.com/mcfc-home-authentic-shirt-ss-with-sponsor-logo-1.html,M,TOP,http://d8wtay8lm19fy.cloudfront.net/puma_product/420x/7/5/757057_01_01_KOR.jpg
https://kr.puma.com/mcfc-home-shirt-replica-ss-with-sponsor-logo-1.html,M,TOP,http://d8wtay8lm19fy.cloudfront.net/puma_product/420x/7/5/757058_01_01_KOR.jpg
https://kr.puma.com/mcfc-gk-shirt-replica-ls-with-sponsor-logo.html,M,TOP,http://d8wtay8lm19fy.cloudfront.net/puma_product/420x/7/5/757102_20_01_KOR.jpg
https://kr.puma.com/mcfc-training-jersey-32.html,M,TOP,http://d8wtay8lm19fy.cloudfront.net/puma_product/420x/7/5/757878_01_01_KOR.jpg
https://kr.puma.com/train-favorite-blaster-short-sleeve-tee.html,M,TOP,http://d8wtay8lm19fy.cloudfront.net/puma_product/420x/5/1/519635_01_01_KOR.jpg
https://kr.puma.com/train-favorite-blaster-short-sleeve-tee-1.html,M,TOP,http://d8wtay8lm19fy.cloudfront.net/puma_product/420x/5/1/519635_02_01_KOR.jpg
https://kr.puma.com/train-favorite-blaster-short-sleeve-tee-2.html,M,TOP,http://d8wtay8lm19fy.cloudfront.net/puma_product/420x/5/1/519635_06_01_KOR.jpg
https://kr.puma.com/puma-exo-adapt-short-sleeve-tee.html,M,TOP,http://d8wtay8lm19fy.cloudfront.net/puma_product/420x/5/1/519809_01_01_KOR.jpg
https://kr.puma.com/geng-x-puma-partnership-tee.html,M,TOP,http://d8wtay8lm19fy.cloudfront.net/puma_product/420x/9/2/929962_01_01_KOR.jpg
https://kr.puma.com/run-laser-cat-ss-tee-12.html,M,TOP,http://d8wtay8lm19fy.cloudfront.net/puma_product/420x/5/1/519369_01_01_KOR.jpg
https://kr.puma.com/run-laser-cat-ss-tee-19.html,M,TOP,http://d8wtay8lm19fy.cloudfront.net/puma_product/420x/5/1/519369_04_01_KOR.jpg
https://kr.puma.com/run-favorite-heather-ss-tee.html,M,TOP,http://d8wtay8lm19fy.cloudfront.net/puma_product/420x/5/1/519387_01_01_KOR.jpg
https://kr.puma.com/run-favorite-heather-ss-tee-1.html,M,TOP,http://d8wtay8lm19fy.cloudfront.net/puma_product/420x/5/1/519387_03_01_KOR.jpg
https://kr.puma.com/train-thermo-r-bnd-short-sleeve-tee.html,M,TOP,http://d8wtay8lm19fy.cloudfront.net/puma_product/420x/5/1/519400_01_01_KOR.jpg
https://kr.puma.com/train-thermo-r-bnd-short-sleeve-tee-1.html,M,TOP,http://d8wtay8lm19fy.cloudfront.net/puma_product/420x/5/1/519400_03_01_KOR.jpg
https://kr.puma.com/train-evoknit-short-sleeve-tee.html,M,TOP,http://d8wtay8lm19fy.cloudfront.net/puma_product/420x/5/1/519401_01_01_KOR.jpg
https://kr.puma.com/pars-and-stripes-polo.html,M,TOP,http://d8wtay8lm19fy.cloudfront.net/puma_product/420x/5/9/596397_02_01_KOR.jpg
https://kr.puma.com/csm-ss-aop-tee.html,M,TOP,http://d8wtay8lm19fy.cloudfront.net/puma_product/420x/5/9/597188_02_01_KOR_01.jpg
https://kr.puma.com/csm-logo-tee.html,M,TOP,http://d8wtay8lm19fy.cloudfront.net/puma_product/420x/5/9/597273_02_01_KOR.jpg
https://kr.puma.com/ftblnxt-shirt-56.html,M,TOP,http://d8wtay8lm19fy.cloudfront.net/puma_product/420x/6/5/656511_07_01_KOR.jpg
https://kr.puma.com/flexible-cat-tee-m-ver-2.html,M,TOP,http://d8wtay8lm19fy.cloudfront.net/puma_product/420x/9/2/929315_01_01_KOR.jpg
https://kr.puma.com/flexible-cat-tee-m-ver-2-7.html,M,TOP,http://d8wtay8lm19fy.cloudfront.net/puma_product/420x/9/2/929315_02_01_KOR.jpg
https://kr.puma.com/flexible-cat-tee-m-ver-2-14.html,M,TOP,http://d8wtay8lm19fy.cloudfront.net/puma_product/420x/9/2/929315_03_01_KOR.jpg
https://kr.puma.com/classics-sleeveless-tee.html,M,TOP,http://d8wtay8lm19fy.cloudfront.net/puma_product/420x/5/9/598491_01_01_KOR.jpg
https://kr.puma.com/classics-sleeveless-tee-7.html,M,TOP,http://d8wtay8lm19fy.cloudfront.net/puma_product/420x/5/9/598491_14_01_KOR.jpg
https://kr.puma.com/puma-tfs-polo.html,M,TOP,http://d8wtay8lm19fy.cloudfront.net/puma_product/420x/5/9/596467_01_01_KOR.jpg
https://kr.puma.com/rider-graphic-ss-tee.html,M,TOP,http://d8wtay8lm19fy.cloudfront.net/puma_product/420x/9/2/929398_01_01_KOR.jpg
https://kr.puma.com/rider-graphic-ss-tee-8.html,M,TOP,http://d8wtay8lm19fy.cloudfront.net/puma_product/420x/9/2/929398_02_01_KOR.jpg
https://kr.puma.com/rider-graphic-ss-tee-16.html,M,TOP,http://d8wtay8lm19fy.cloudfront.net/puma_product/420x/9/2/929398_03_01_KOR.jpg
https://kr.puma.com/puma-tie-dye-print-tee.html,M,TOP,http://d8wtay8lm19fy.cloudfront.net/puma_product/420x/9/2/929405_01_01_KOR.jpg
https://kr.puma.com/puma-tie-dye-print-tee-8.html,M,TOP,http://d8wtay8lm19fy.cloudfront.net/puma_product/420x/9/2/929405_02_01_KOR.jpg
https://kr.puma.com/pull-up-ss-tee.html,M,TOP,http://d8wtay8lm19fy.cloudfront.net/puma_product/420x/5/9/598740_07_01_KOR.jpg
https://kr.puma.com/pull-up-ss-tee-9.html,M,TOP,http://d8wtay8lm19fy.cloudfront.net/puma_product/420x/5/9/598740_10_01_KOR.jpg
https://kr.puma.com/pull-up-ss-tee-18.html,M,TOP,http://d8wtay8lm19fy.cloudfront.net/puma_product/420x/5/9/598740_11_01_KOR.jpg
https://kr.puma.com/fadeaway-jersey.html,M,TOP,http://d8wtay8lm19fy.cloudfront.net/puma_product/420x/5/9/598745_01_01_KOR.jpg
https://kr.puma.com/fadeaway-jersey-9.html,M,TOP,http://d8wtay8lm19fy.cloudfront.net/puma_product/420x/5/9/598745_05_01_KOR.jpg
https://kr.puma.com/clutch-shooting-shirt.html,M,TOP,http://d8wtay8lm19fy.cloudfront.net/puma_product/420x/5/9/598747_04_01_KOR.jpg
https://kr.puma.com/flexible-cat-tee-m-21.html,M,TOP,http://d8wtay8lm19fy.cloudfront.net/puma_product/420x/9/2/929313_04_01_KOR.jpg
https://kr.puma.com/flexible-cat-tee-m-28.html,M,TOP,http://d8wtay8lm19fy.cloudfront.net/puma_product/420x/9/2/929313_05_01_KOR.jpg
https://kr.puma.com/classics-logo-tank-40.html,M,TOP,http://d8wtay8lm19fy.cloudfront.net/puma_product/420x/5/9/596269_01_01_KOR.jpg
https://kr.puma.com/classics-logo-tank-47.html,M,TOP,http://d8wtay8lm19fy.cloudfront.net/puma_product/420x/5/9/596269_02_01_KOR.jpg
https://kr.puma.com/ess-tank.html,M,TOP,http://d8wtay8lm19fy.cloudfront.net/puma_product/420x/8/5/851742_01_01_KOR.jpg
https://kr.puma.com/puma-club-tee.html,M,TOP,http://d8wtay8lm19fy.cloudfront.net/puma_product/420x/5/9/597166_01_01_KOR.jpg
https://kr.puma.com/puma-club-tee-7.html,M,TOP,http://d8wtay8lm19fy.cloudfront.net/puma_product/420x/5/9/597166_02_01_KOR.jpg
https://kr.puma.com/color-blocked-tee.html,M,TOP,http://d8wtay8lm19fy.cloudfront.net/puma_product/420x/9/2/929406_01_01_KOR.jpg
https://kr.puma.com/color-blocked-tee-8.html,M,TOP,http://d8wtay8lm19fy.cloudfront.net/puma_product/420x/9/2/929406_02_01_KOR.jpg
https://kr.puma.com/color-blocked-tee-16.html,M,TOP,http://d8wtay8lm19fy.cloudfront.net/puma_product/420x/9/2/929406_03_01_KOR.jpg
https://kr.puma.com/flexible-cat-tee-m.html,M,TOP,http://d8wtay8lm19fy.cloudfront.net/puma_product/420x/9/2/929313_01_01_KOR.jpg
https://kr.puma.com/flexible-cat-tee-m-7.html,M,TOP,http://d8wtay8lm19fy.cloudfront.net/puma_product/420x/9/2/929313_02_01_KOR.jpg
https://kr.puma.com/flexible-cat-tee-m-14.html,M,TOP,http://d8wtay8lm19fy.cloudfront.net/puma_product/420x/9/2/929313_03_01_KOR.jpg
https://kr.puma.com/mmq-tee.html,M,TOP,http://d8wtay8lm19fy.cloudfront.net/puma_product/420x/5/9/598523_45_01_KOR.jpg
https://kr.puma.com/mmq-tee-7.html,M,TOP,http://d8wtay8lm19fy.cloudfront.net/puma_product/420x/5/9/598523_80_01_KOR.jpg
https://kr.puma.com/woven-pocket-tee.html,M,TOP,http://d8wtay8lm19fy.cloudfront.net/puma_product/420x/9/2/929407_01_01_KOR.jpg
https://kr.puma.com/woven-pocket-tee-8.html,M,TOP,http://d8wtay8lm19fy.cloudfront.net/puma_product/420x/9/2/929407_02_01_KOR.jpg
https://kr.puma.com/rtg-evoknit-basic-tee.html,M,TOP,http://d8wtay8lm19fy.cloudfront.net/puma_product/420x/5/8/581505_01_01_KOR.jpg
https://kr.puma.com/rtg-evoknit-basic-tee-7.html,M,TOP,http://d8wtay8lm19fy.cloudfront.net/puma_product/420x/5/8/581505_11_01_KOR.jpg
https://kr.puma.com/avenir-tee.html,M,TOP,http://d8wtay8lm19fy.cloudfront.net/puma_product/420x/5/9/596457_01_01_KOR.jpg
https://kr.puma.com/avenir-tee-7.html,M,TOP,http://d8wtay8lm19fy.cloudfront.net/puma_product/420x/5/9/596457_02_01_KOR.jpg
https://kr.puma.com/avenir-tee-14.html,M,TOP,http://d8wtay8lm19fy.cloudfront.net/puma_product/420x/5/9/596457_27_01_KOR.jpg
https://kr.puma.com/cube-ss-tee-14.html,M,TOP,http://d8wtay8lm19fy.cloudfront.net/puma_product/420x/9/2/929339_03_01_KOR.jpg
https://kr.puma.com/cube-ss-tee-21.html,M,TOP,http://d8wtay8lm19fy.cloudfront.net/puma_product/420x/9/2/929339_04_01_KOR.jpg
https://kr.puma.com/classics-archive-logo-tee.html,M,TOP,http://d8wtay8lm19fy.cloudfront.net/puma_product/420x/9/2/929316_01_01_KOR.jpg
https://kr.puma.com/classics-archive-logo-tee-7.html,M,TOP,http://d8wtay8lm19fy.cloudfront.net/puma_product/420x/9/2/929316_02_01_KOR.jpg
https://kr.puma.com/classics-archive-logo-tee-14.html,M,TOP,http://d8wtay8lm19fy.cloudfront.net/puma_product/420x/9/2/929316_03_01_KOR.jpg
https://kr.puma.com/classics-archive-logo-tee-21.html,M,TOP,http://d8wtay8lm19fy.cloudfront.net/puma_product/420x/9/2/929316_04_01_KOR.jpg
https://kr.puma.com/classics-archive-logo-tee-28.html,M,TOP,http://d8wtay8lm19fy.cloudfront.net/puma_product/420x/9/2/929316_05_01_KOR.jpg
https://kr.puma.com/last-lap-graphic-tee.html,M,TOP,http://d8wtay8lm19fy.cloudfront.net/puma_product/420x/5/1/518968_02_01_KOR.jpg
https://kr.puma.com/last-lap-graphic-tee-7.html,M,TOP,http://d8wtay8lm19fy.cloudfront.net/puma_product/420x/5/1/518968_04_01_KOR.jpg
https://kr.puma.com/first-mile-camo-tee.html,M,TOP,http://d8wtay8lm19fy.cloudfront.net/puma_product/420x/5/1/519023_02_01_KOR.jpg
https://kr.puma.com/power-thermo-r-tee.html,M,TOP,http://d8wtay8lm19fy.cloudfront.net/puma_product/420x/5/1/518974_01_01_KOR.jpg
https://kr.puma.com/power-thermo-r-tee-7.html,M,TOP,http://d8wtay8lm19fy.cloudfront.net/puma_product/420x/5/1/518974_02_01_KOR.jpg
https://kr.puma.com/downtown-towelling-tee.html,M,TOP,http://d8wtay8lm19fy.cloudfront.net/puma_product/420x/5/8/581310_01_01_KOR.jpg
https://kr.puma.com/downtown-towelling-tee-7.html,M,TOP,http://d8wtay8lm19fy.cloudfront.net/puma_product/420x/5/8/581310_32_01_KOR.jpg
https://kr.puma.com/downtown-tee-27.html,M,TOP,http://d8wtay8lm19fy.cloudfront.net/puma_product/420x/5/9/596367_01_01_KOR.jpg
https://kr.puma.com/downtown-tee-34.html,M,TOP,http://d8wtay8lm19fy.cloudfront.net/puma_product/420x/5/9/596367_52_01_KOR.jpg
https://kr.puma.com/downtown-striped-tee.html,M,TOP,http://d8wtay8lm19fy.cloudfront.net/puma_product/420x/5/9/596398_18_01_KOR.jpg
https://kr.puma.com/downtown-striped-tee-7.html,M,TOP,http://d8wtay8lm19fy.cloudfront.net/puma_product/420x/5/9/596398_25_01_KOR.jpg
https://kr.puma.com/rtg-tee.html,M,TOP,http://d8wtay8lm19fy.cloudfront.net/puma_product/420x/5/8/581504_01_01_KOR.jpg
https://kr.puma.com/rtg-tee-7.html,M,TOP,http://d8wtay8lm19fy.cloudfront.net/puma_product/420x/5/8/581504_23_01_KOR.jpg
https://kr.puma.com/rtg-tee-14.html,M,TOP,http://d8wtay8lm19fy.cloudfront.net/puma_product/420x/5/8/581504_41_01_KOR.jpg
https://kr.puma.com/hemp-tee.html,M,TOP,http://d8wtay8lm19fy.cloudfront.net/puma_product/420x/5/9/596620_01_01_KOR.jpg
https://kr.puma.com/hemp-tee-7.html,M,TOP,http://d8wtay8lm19fy.cloudfront.net/puma_product/420x/5/9/596620_25_01_KOR.jpg
https://kr.puma.com/ess-small-logo-tee-42.html,M,TOP,http://d8wtay8lm19fy.cloudfront.net/puma_product/420x/8/5/851741_02_01_KOR.jpg
https://kr.puma.com/rancho-polo-8.html,M,TOP,http://d8wtay8lm19fy.cloudfront.net/puma_product/420x/5/9/595783_04_01_KOR.jpg
https://kr.puma.com/rancho-polo.html,M,TOP,http://d8wtay8lm19fy.cloudfront.net/puma_product/420x/5/9/595783_08_01_KOR.jpg
https://kr.puma.com/slow-play-polo.html,M,TOP,http://d8wtay8lm19fy.cloudfront.net/puma_product/420x/5/9/596373_01_01_KOR.jpg
https://kr.puma.com/tournament-polo.html,M,TOP,http://d8wtay8lm19fy.cloudfront.net/puma_product/420x/5/9/596391_01_01_KOR.jpg
https://kr.puma.com/tournament-polo-9.html,M,TOP,http://d8wtay8lm19fy.cloudfront.net/puma_product/420x/5/9/596391_02_01_KOR.jpg
https://kr.puma.com/mapm-street-tee.html,M,TOP,http://d8wtay8lm19fy.cloudfront.net/puma_product/420x/5/9/596172_01_01_KOR.jpg
https://kr.puma.com/mapm-street-tee-7.html,M,TOP,http://d8wtay8lm19fy.cloudfront.net/puma_product/420x/5/9/596172_06_01_KOR.jpg
https://kr.puma.com/mapm-polo-14.html,M,TOP,http://d8wtay8lm19fy.cloudfront.net/puma_product/420x/5/9/596182_01_01_KOR.jpg
https://kr.puma.com/mapm-polo-21.html,M,TOP,http://d8wtay8lm19fy.cloudfront.net/puma_product/420x/5/9/596182_06_01_KOR.jpg
https://kr.puma.com/mapm-logo-tee-42.html,M,TOP,http://d8wtay8lm19fy.cloudfront.net/puma_product/420x/5/9/596186_01_01_KOR.jpg
https://kr.puma.com/mapm-logo-tee-49.html,M,TOP,http://d8wtay8lm19fy.cloudfront.net/puma_product/420x/5/9/596186_04_01_KOR.jpg
https://kr.puma.com/ess-pique-polo-42.html,M,TOP,http://d8wtay8lm19fy.cloudfront.net/puma_product/420x/8/5/851759_21_01_KOR.jpg
https://kr.puma.com/ess-pique-polo-62.html,M,TOP,http://d8wtay8lm19fy.cloudfront.net/puma_product/420x/8/5/851759_22_01_KOR.jpg
https://kr.puma.com/puma-ss-tech-tee.html,M,TOP,http://d8wtay8lm19fy.cloudfront.net/puma_product/420x/5/1/518389_02_01_KOR.jpg
https://kr.puma.com/puma-ss-tech-tee-7.html,M,TOP,http://d8wtay8lm19fy.cloudfront.net/puma_product/420x/5/1/518389_03_01_KOR.jpg
https://kr.puma.com/puma-x-rhude-graphic-tee.html,M,TOP,http://d8wtay8lm19fy.cloudfront.net/puma_product/420x/5/9/596757_01_01_KOR.jpg
https://kr.puma.com/evostripe-tee.html,M,TOP,http://d8wtay8lm19fy.cloudfront.net/puma_product/420x/5/8/581465_01_01_KOR.jpg
https://kr.puma.com/evostripe-tee-11.html,M,TOP,http://d8wtay8lm19fy.cloudfront.net/puma_product/420x/5/8/581465_02_01_KOR.jpg
https://kr.puma.com/evostripe-tee-22.html,M,TOP,http://d8wtay8lm19fy.cloudfront.net/puma_product/420x/5/8/581465_32_01_KOR.jpg
https://kr.puma.com/ess-logo-tee-63.html,M,TOP,http://d8wtay8lm19fy.cloudfront.net/puma_product/420x/8/5/851740_03_01_KOR.jpg
https://kr.puma.com/ess-logo-tee-42.html,M,TOP,http://d8wtay8lm19fy.cloudfront.net/puma_product/420x/8/5/851740_05_01_KOR.jpg
https://kr.puma.com/ess-logo-tee-84.html,M,TOP,http://d8wtay8lm19fy.cloudfront.net/puma_product/420x/8/5/853400_27_01_KOR.jpg
https://kr.puma.com/seoul-city-tee.html,M,TOP,http://d8wtay8lm19fy.cloudfront.net/puma_product/420x/9/2/929638_01_01_KOR.jpg
https://kr.puma.com/seoul-city-tee-7.html,M,TOP,http://d8wtay8lm19fy.cloudfront.net/puma_product/420x/9/2/929638_02_01_KOR.jpg
https://kr.puma.com/seoul-city-graphic-tee.html,M,TOP,http://d8wtay8lm19fy.cloudfront.net/puma_product/420x/9/2/929732_01_01_KOR.jpg
https://kr.puma.com/seoul-city-graphic-tee-7.html,M,TOP,http://d8wtay8lm19fy.cloudfront.net/puma_product/420x/9/2/929732_02_01_KOR.jpg
https://kr.puma.com/seoul-city-graphic-tee-14.html,M,TOP,http://d8wtay8lm19fy.cloudfront.net/puma_product/420x/9/2/929732_03_01_KOR.jpg
https://kr.puma.com/seoul-city-graphic-tee-21.html,M,TOP,http://d8wtay8lm19fy.cloudfront.net/puma_product/420x/9/2/929732_04_01_KOR.jpg
https://kr.puma.com/rider-relaxed-fit-tee.html,M,TOP,http://d8wtay8lm19fy.cloudfront.net/puma_product/420x/9/2/929411_01_01_KOR.jpg
https://kr.puma.com/rider-relaxed-fit-tee-8.html,M,TOP,http://d8wtay8lm19fy.cloudfront.net/puma_product/420x/9/2/929411_02_01_KOR.jpg
https://kr.puma.com/last-lap-tee.html,M,TOP,http://d8wtay8lm19fy.cloudfront.net/puma_product/420x/5/1/518947_01_01_KOR.jpg
https://kr.puma.com/last-lap-tee-7.html,M,TOP,http://d8wtay8lm19fy.cloudfront.net/puma_product/420x/5/1/518947_02_01_KOR.jpg
https://kr.puma.com/first-mile-ss-tee.html,M,TOP,http://d8wtay8lm19fy.cloudfront.net/puma_product/420x/5/1/519021_01_01_KOR.jpg
https://kr.puma.com/first-mile-ss-tee-7.html,M,TOP,http://d8wtay8lm19fy.cloudfront.net/puma_product/420x/5/1/519021_03_01_KOR.jpg
https://kr.puma.com/baselayer.html,M,TOP,http://d8wtay8lm19fy.cloudfront.net/puma_product/420x/5/7/573268_01_01_KOR.jpg
https://kr.puma.com/baselayer-7.html,M,TOP,http://d8wtay8lm19fy.cloudfront.net/puma_product/420x/5/7/573268_02_01_KOR.jpg
https://kr.puma.com/rotation-polo-99.html,M,TOP,http://d8wtay8lm19fy.cloudfront.net/puma_product/420x/5/7/577874_01_01_KOR.jpg
https://kr.puma.com/rotation-polo-108.html,M,TOP,http://d8wtay8lm19fy.cloudfront.net/puma_product/420x/5/7/577874_02_01_KOR.jpg
https://kr.puma.com/rotation-polo-117.html,M,TOP,http://d8wtay8lm19fy.cloudfront.net/puma_product/420x/5/7/577874_27_01_KOR.jpg
https://kr.puma.com/warm-up-1-4-zip.html,M,TOP,http://d8wtay8lm19fy.cloudfront.net/puma_product/420x/5/9/596818_01_01_KOR.jpg
https://kr.puma.com/alterknit-jacquard-polo.html,M,TOP,http://d8wtay8lm19fy.cloudfront.net/puma_product/420x/5/9/597122_01_01_KOR.jpg
https://kr.puma.com/alterknit-jacquard-polo-8.html,M,TOP,http://d8wtay8lm19fy.cloudfront.net/puma_product/420x/5/9/597122_03_01_KOR.jpg
https://kr.puma.com/active-soft-tee-15.html,M,TOP,http://d8wtay8lm19fy.cloudfront.net/puma_product/420x/8/5/852522_02_01_KOR.jpg
https://kr.puma.com/puma-by-x-bionicr-twyce-run-shirt-sh-sl-men.html,M,TOP,http://d8wtay8lm19fy.cloudfront.net/puma_product/420x/5/2/520074_01_01_KOR.jpg
https://kr.puma.com/runner-id-thermo-r-tee.html,M,TOP,http://d8wtay8lm19fy.cloudfront.net/puma_product/420x/5/1/518956_02_01_KOR.jpg
https://kr.puma.com/runner-id-thermo-r-tee-7.html,M,TOP,http://d8wtay8lm19fy.cloudfront.net/puma_product/420x/5/1/518956_06_01_KOR.jpg
https://kr.puma.com/ftblnxt-pro-tee-8.html,M,TOP,http://d8wtay8lm19fy.cloudfront.net/puma_product/420x/6/5/656515_04_01_KOR.jpg
https://kr.puma.com/ftblnxt-graphic-shirt-core-8.html,M,TOP,http://d8wtay8lm19fy.cloudfront.net/puma_product/420x/6/5/656516_03_01_KOR.jpg
https://kr.puma.com/ftblnxt-graphic-shirt-core-9.html,M,TOP,http://d8wtay8lm19fy.cloudfront.net/puma_product/420x/6/5/656516_04_01_KOR.jpg
https://kr.puma.com/cube-longsleeves-tee.html,M,TOP,http://d8wtay8lm19fy.cloudfront.net/puma_product/420x/9/2/929338_01_01_KOR.jpg
https://kr.puma.com/cube-longsleeves-tee-7.html,M,TOP,http://d8wtay8lm19fy.cloudfront.net/puma_product/420x/9/2/929338_02_01_KOR.jpg
https://kr.puma.com/cube-ss-tee.html,M,TOP,http://d8wtay8lm19fy.cloudfront.net/puma_product/420x/9/2/929339_01_01_KOR.jpg
https://kr.puma.com/cube-ss-tee-7.html,M,TOP,http://d8wtay8lm19fy.cloudfront.net/puma_product/420x/9/2/929339_02_01_KOR.jpg
https://kr.puma.com/puma-x-rdet-tee.html,M,TOP,http://d8wtay8lm19fy.cloudfront.net/puma_product/420x/5/9/596665_01_01_KOR.jpg
https://kr.puma.com/puma-x-rdet-tee-8.html,M,TOP,http://d8wtay8lm19fy.cloudfront.net/puma_product/420x/5/9/596665_40_01_KOR.jpg
https://kr.puma.com/puma-x-rdet-tee-16.html,M,TOP,http://d8wtay8lm19fy.cloudfront.net/puma_product/420x/5/9/596665_73_01_KOR.jpg
https://kr.puma.com/ignite-s-s-tee-14.html,M,TOP,http://d8wtay8lm19fy.cloudfront.net/puma_product/420x/5/1/517268_30_01_KOR.jpg
https://kr.puma.com/ignite-s-s-tee-21.html,M,TOP,http://d8wtay8lm19fy.cloudfront.net/puma_product/420x/5/1/517268_31_01_KOR.jpg
https://kr.puma.com/ignite-singlet.html,M,TOP,http://d8wtay8lm19fy.cloudfront.net/puma_product/420x/5/1/518403_02_01_KOR.jpg
https://kr.puma.com/ftblnxt-graphic-shirt-48.html,M,TOP,http://d8wtay8lm19fy.cloudfront.net/puma_product/420x/6/5/656513_02_01_KOR.jpg
https://kr.puma.com/puma-x-ader-turtleneck-16.html,M,TOP,http://d8wtay8lm19fy.cloudfront.net/puma_product/420x/5/9/595538_48_01_KOR.jpg
https://kr.puma.com/puma-x-ader-turtleneck-24.html,M,TOP,http://d8wtay8lm19fy.cloudfront.net/puma_product/420x/5/9/595538_49_01_KOR.jpg
https://kr.puma.com/collective-loud-tee.html,M,TOP,http://d8wtay8lm19fy.cloudfront.net/puma_product/420x/5/1/518393_01_01_KOR.jpg
https://kr.puma.com/collective-loud-tee-7.html,M,TOP,http://d8wtay8lm19fy.cloudfront.net/puma_product/420x/5/1/518393_03_01_KOR.jpg
https://kr.puma.com/epoch-hybrid-winterized-savannah.html,M,TOP,http://d8wtay8lm19fy.cloudfront.net/puma_product/420x/5/9/595328_01_01_KOR.jpg
https://kr.puma.com/epoch-hybrid-winterized-savannah-1.html,M,TOP,http://d8wtay8lm19fy.cloudfront.net/puma_product/420x/5/9/595328_37_01_KOR.jpg
https://kr.puma.com/puma-x-lb-tee-24.html,M,TOP,http://d8wtay8lm19fy.cloudfront.net/puma_product/420x/5/9/595473_01_01_KOR.jpg
https://kr.puma.com/puma-x-lb-tee-32.html,M,TOP,http://d8wtay8lm19fy.cloudfront.net/puma_product/420x/5/9/595473_69_01_KOR.jpg
https://kr.puma.com/ftblnxt-graphic-shirt-core-7.html,M,TOP,http://d8wtay8lm19fy.cloudfront.net/puma_product/420x/6/5/656428_04_01_KOR.jpg
https://kr.puma.com/sf-street-tee-14.html,M,TOP,http://d8wtay8lm19fy.cloudfront.net/puma_product/420x/5/9/595553_02_01_KOR.jpg
https://kr.puma.com/sf-street-tee-21.html,M,TOP,http://d8wtay8lm19fy.cloudfront.net/puma_product/420x/5/9/595553_04_01_KOR.jpg
https://kr.puma.com/mapm-polo-7.html,M,TOP,http://d8wtay8lm19fy.cloudfront.net/puma_product/420x/5/9/595351_04_01_KOR.jpg
https://kr.puma.com/mapm-logo-tee-21.html,M,TOP,http://d8wtay8lm19fy.cloudfront.net/puma_product/420x/5/9/595352_04_01_KOR.jpg
https://kr.puma.com/downtown-graphic-tee.html,M,TOP,http://d8wtay8lm19fy.cloudfront.net/puma_product/420x/5/9/595688_01_01_KOR.jpg
https://kr.puma.com/downtown-graphic-tee-8.html,M,TOP,http://d8wtay8lm19fy.cloudfront.net/puma_product/420x/5/9/595688_89_01_KOR.jpg
https://kr.puma.com/bvb-cup-shirt-replica-with-evonik-logo-without-opel-logo.html,M,TOP,http://d8wtay8lm19fy.cloudfront.net/puma_product/420x/7/5/755749_11_01_KOR.jpg
https://kr.puma.com/nufc-3rd-shirt-replica-ss-with-sponsor.html,M,TOP,http://d8wtay8lm19fy.cloudfront.net/puma_product/420x/7/5/756298_02_01_KOR.jpg
https://kr.puma.com/nufc-away-shirt-replica-ss-with-sponsor.html,M,TOP,http://d8wtay8lm19fy.cloudfront.net/puma_product/420x/7/5/756299_03_01_KOR.jpg
https://kr.puma.com/power-bnd-tee.html,M,TOP,http://d8wtay8lm19fy.cloudfront.net/puma_product/420x/5/1/518370_01_01_KOR.jpg
https://kr.puma.com/reactive-evoknit-tee-7.html,M,TOP,http://d8wtay8lm19fy.cloudfront.net/puma_product/420x/5/1/518307_02_01_KOR.jpg
https://kr.puma.com/reactive-tech-tee.html,M,TOP,http://d8wtay8lm19fy.cloudfront.net/puma_product/420x/5/1/518353_03_01_KOR.jpg
https://kr.puma.com/reactive-tech-tee-7.html,M,TOP,http://d8wtay8lm19fy.cloudfront.net/puma_product/420x/5/1/518353_04_01_KOR.jpg
https://kr.puma.com/acm-away-shirt-replica-ss-with-sponsor-logo.html,M,TOP,http://d8wtay8lm19fy.cloudfront.net/puma_product/420x/7/5/755883_02_01_KOR.jpg
https://kr.puma.com/vcf-3rd-shirt-replica.html,M,TOP,http://d8wtay8lm19fy.cloudfront.net/puma_product/420x/7/5/756181_02_01_KOR.jpg
https://kr.puma.com/mcfc-fc-third-shirt-replica-ss-with-sponsor-logo.html,M,TOP,http://d8wtay8lm19fy.cloudfront.net/puma_product/420x/7/5/755594_03_01_KOR.jpg
https://kr.puma.com/ignite-heather-tee.html,M,TOP,http://d8wtay8lm19fy.cloudfront.net/puma_product/420x/5/1/518435_01_01_KOR.jpg
https://kr.puma.com/ignite-heather-tee-7.html,M,TOP,http://d8wtay8lm19fy.cloudfront.net/puma_product/420x/5/1/518435_02_01_KOR.jpg
https://kr.puma.com/bvb-away-shirt-replica-with-evonik-logo-with-opel-logo-1.html,M,TOP,http://d8wtay8lm19fy.cloudfront.net/puma_product/420x/7/5/755745_12_01_KOR.jpg
https://kr.puma.com/puma-x-ctm-tee.html,M,TOP,http://d8wtay8lm19fy.cloudfront.net/puma_product/420x/5/9/595623_01_01_KOR.jpg
https://kr.puma.com/puma-x-ctm-tee-8.html,M,TOP,http://d8wtay8lm19fy.cloudfront.net/puma_product/420x/5/9/595623_02_01_KOR.jpg
https://kr.puma.com/acm-third-shirt-replica-ss-with-sponsor-logo.html,M,TOP,http://d8wtay8lm19fy.cloudfront.net/puma_product/420x/7/5/755886_03_01_KOR.jpg
https://kr.puma.com/ftblnxt-shirt-40.html,M,TOP,http://d8wtay8lm19fy.cloudfront.net/puma_product/420x/6/5/656423_01_01_KOR.jpg
https://kr.puma.com/ftblnxt-pro-tee.html,M,TOP,http://d8wtay8lm19fy.cloudfront.net/puma_product/420x/6/5/656427_01_01_KOR.jpg
https://kr.puma.com/ftblnxt-graphic-shirt-core-4.html,M,TOP,http://d8wtay8lm19fy.cloudfront.net/puma_product/420x/6/5/656428_03_01_KOR.jpg
https://kr.puma.com/ftblnxt-graphic-shirt-core-5.html,M,TOP,http://d8wtay8lm19fy.cloudfront.net/puma_product/420x/6/5/656428_06_01_KOR.jpg
https://kr.puma.com/ftblnxt-1-4-zip-top-16.html,M,TOP,http://d8wtay8lm19fy.cloudfront.net/puma_product/420x/6/5/656450_01_01_KOR.jpg
https://kr.puma.com/vcf-home-shirt-replica.html,M,TOP,http://d8wtay8lm19fy.cloudfront.net/puma_product/420x/7/5/756180_01_01_KOR.jpg
https://kr.puma.com/vcf-away-shirt-replica.html,M,TOP,http://d8wtay8lm19fy.cloudfront.net/puma_product/420x/7/5/756182_03_01_KOR.jpg
https://kr.puma.com/mcfc-home-authentic-shirt-ss-with-sponsor-logo.html,M,TOP,http://d8wtay8lm19fy.cloudfront.net/puma_product/420x/7/5/755585_01_01_KOR.jpg
https://kr.puma.com/mcfc-home-shirt-replica-ss-with-sponsor-logo.html,M,TOP,http://d8wtay8lm19fy.cloudfront.net/puma_product/420x/7/5/755586_01_01_KOR.jpg
https://kr.puma.com/mcfc-home-shirt-replica-ls-with-sponsor-logo.html,M,TOP,http://d8wtay8lm19fy.cloudfront.net/puma_product/420x/7/5/755587_01_01_KOR.jpg
https://kr.puma.com/mcfc-away-shirt-replica-ss-with-sponsor-logo.html,M,TOP,http://d8wtay8lm19fy.cloudfront.net/puma_product/420x/7/5/755590_02_01_KOR.jpg
https://kr.puma.com/nufc-home-shirt-replica-ss-with-sponsor.html,M,TOP,http://d8wtay8lm19fy.cloudfront.net/puma_product/420x/7/5/756297_01_01_KOR.jpg
https://kr.puma.com/alteration-tee.html,M,TOP,http://d8wtay8lm19fy.cloudfront.net/puma_product/420x/5/7/579880_01_01_KOR.jpg
https://kr.puma.com/rt-performance-graphic-tee-1.html,M,TOP,http://d8wtay8lm19fy.cloudfront.net/puma_product/420x/9/2/928836_02_01_KOR.jpg
https://kr.puma.com/rt-performance-graphic-tee-2.html,M,TOP,http://d8wtay8lm19fy.cloudfront.net/puma_product/420x/9/2/928836_03_01_KOR.jpg
https://kr.puma.com/graphic-tee-puma-xtg.html,M,TOP,http://d8wtay8lm19fy.cloudfront.net/puma_product/420x/5/9/595663_73_01_KOR.jpg
https://kr.puma.com/acm-home-shirt-replica-ss-with-sponsor-logo.html,M,TOP,http://d8wtay8lm19fy.cloudfront.net/puma_product/420x/7/5/755857_01_01_KOR.jpg
https://kr.puma.com/ls-neon-ss-tee-v-2.html,M,TOP,http://d8wtay8lm19fy.cloudfront.net/puma_product/420x/9/2/928720_01_01_KOR.jpg
https://kr.puma.com/ls-neon-ss-tee-v-2-6.html,M,TOP,http://d8wtay8lm19fy.cloudfront.net/puma_product/420x/9/2/928720_02_01_KOR.jpg
https://kr.puma.com/rt-performance-basic-tee-7.html,M,TOP,http://d8wtay8lm19fy.cloudfront.net/puma_product/420x/9/2/928835_02_01_KOR.jpg
https://kr.puma.com/ignite-s-s-tee.html,M,TOP,http://d8wtay8lm19fy.cloudfront.net/puma_product/420x/5/1/517268_10_01_KOR.jpg
https://kr.puma.com/ignite-s-s-tee-7.html,M,TOP,http://d8wtay8lm19fy.cloudfront.net/puma_product/420x/5/1/517268_12_01_KOR.jpg
https://kr.puma.com/pace-s-s-tee.html,M,TOP,http://d8wtay8lm19fy.cloudfront.net/puma_product/420x/5/1/517282_02_01_KOR.jpg
https://kr.puma.com/snake-pack-aop-tee.html,M,TOP,http://d8wtay8lm19fy.cloudfront.net/puma_product/420x/5/7/579911_01_01_KOR.jpg
https://kr.puma.com/snake-pack-aop-tee-7.html,M,TOP,http://d8wtay8lm19fy.cloudfront.net/puma_product/420x/5/7/579911_02_01_KOR.jpg
https://kr.puma.com/rebel-basic-tee-14.html,M,TOP,http://d8wtay8lm19fy.cloudfront.net/puma_product/420x/8/5/854214_02_01_KOR.jpg
https://kr.puma.com/rebel-basic-tee-21.html,M,TOP,http://d8wtay8lm19fy.cloudfront.net/puma_product/420x/8/5/854214_29_01_KOR.jpg
https://kr.puma.com/bnd-tech-ss-tee-14.html,M,TOP,http://d8wtay8lm19fy.cloudfront.net/puma_product/420x/5/1/517339_05_01_KOR.jpg
https://kr.puma.com/graphic-retro-sports-tee-aop.html,M,TOP,http://d8wtay8lm19fy.cloudfront.net/puma_product/420x/5/7/578729_36_01_KOR.jpg
https://kr.puma.com/ls-neon-ss-tee-6.html,M,TOP,http://d8wtay8lm19fy.cloudfront.net/puma_product/420x/9/2/928148_02_01_KOR.jpg
https://kr.puma.com/ls-neon-ss-tee-12.html,M,TOP,http://d8wtay8lm19fy.cloudfront.net/puma_product/420x/9/2/928148_03_01_KOR.jpg
https://kr.puma.com/ls-neon-ss-tee-18.html,M,TOP,http://d8wtay8lm19fy.cloudfront.net/puma_product/420x/9/2/928148_04_01_KOR.jpg
https://kr.puma.com/puma-x-han-half-zip.html,M,TOP,http://d8wtay8lm19fy.cloudfront.net/puma_product/420x/5/7/578249_70_01_KOR.jpg
https://kr.puma.com/graphic-palms-photo-tee.html,M,TOP,http://d8wtay8lm19fy.cloudfront.net/puma_product/420x/5/7/578839_34_01_KOR.jpg
https://kr.puma.com/graphic-palms-photo-tee-7.html,M,TOP,http://d8wtay8lm19fy.cloudfront.net/puma_product/420x/5/7/578839_52_01_KOR.jpg
https://kr.puma.com/waves-graphic-tee.html,M,TOP,http://d8wtay8lm19fy.cloudfront.net/puma_product/420x/8/5/854080_02_01_KOR.jpg
https://kr.puma.com/waves-graphic-tee-15.html,M,TOP,http://d8wtay8lm19fy.cloudfront.net/puma_product/420x/8/5/854080_06_01_KOR.jpg
https://kr.puma.com/photoprint-skyline-tee.html,M,TOP,http://d8wtay8lm19fy.cloudfront.net/puma_product/420x/8/5/854994_01_01_KOR.jpg
https://kr.puma.com/photoprint-skyline-tee-16.html,M,TOP,http://d8wtay8lm19fy.cloudfront.net/puma_product/420x/8/5/854994_03_01_KOR.jpg
https://kr.puma.com/graphic-multiple-logo-tee-21.html,M,TOP,http://d8wtay8lm19fy.cloudfront.net/puma_product/420x/5/7/578158_02_01_KOR.jpg
https://kr.puma.com/n-r-g-ss-tech-tee-7.html,M,TOP,http://d8wtay8lm19fy.cloudfront.net/puma_product/420x/5/1/517308_07_01_KOR.jpg
https://kr.puma.com/vent-graphic-ss-tee.html,M,TOP,http://d8wtay8lm19fy.cloudfront.net/puma_product/420x/5/1/517338_07_01_KOR.jpg
https://kr.puma.com/pinstripe-aop-tee.html,M,TOP,http://d8wtay8lm19fy.cloudfront.net/puma_product/420x/5/7/579870_01_01_KOR.jpg
https://kr.puma.com/pinstripe-aop-tee-7.html,M,TOP,http://d8wtay8lm19fy.cloudfront.net/puma_product/420x/5/7/579870_02_01_KOR.jpg
https://kr.puma.com/graphic-logo-n-2-tee-7.html,M,TOP,http://d8wtay8lm19fy.cloudfront.net/puma_product/420x/5/7/579095_02_01_KOR.jpg
https://kr.puma.com/rebel-basic-tee-7.html,M,TOP,http://d8wtay8lm19fy.cloudfront.net/puma_product/420x/8/4/844137_11_01_KOR.jpg
https://kr.puma.com/rebel-basic-tee.html,M,TOP,http://d8wtay8lm19fy.cloudfront.net/puma_product/420x/8/4/844137_01_01_KOR.jpg
https://kr.puma.com/a-c-e-ss-tee-7.html,M,TOP,http://d8wtay8lm19fy.cloudfront.net/puma_product/420x/5/1/516648_11_01_KOR.jpg
https://kr.puma.com/og-tee-8.html,M,TOP,http://d8wtay8lm19fy.cloudfront.net/puma_product/420x/8/4/844527_02_01_KOR.jpg
https://kr.puma.com/og-tee.html,M,TOP,http://d8wtay8lm19fy.cloudfront.net/puma_product/420x/8/4/844527_01_01_KOR.jpg
https://kr.puma.com/ftblnxt-pro-shirt-8.html,M,TOP,http://d8wtay8lm19fy.cloudfront.net/puma_product/420x/6/5/656221_02_01_KOR.jpg
https://kr.puma.com/puma-91074-tee-24.html,M,TOP,http://d8wtay8lm19fy.cloudfront.net/puma_product/420x/5/7/579991_38_01_KOR.jpg
https://kr.puma.com/puma-91074-tee-16.html,M,TOP,http://d8wtay8lm19fy.cloudfront.net/puma_product/420x/5/7/579991_11_01_KOR.jpg
https://kr.puma.com/puma-91074-tee-8.html,M,TOP,http://d8wtay8lm19fy.cloudfront.net/puma_product/420x/5/7/579991_02_01_KOR.jpg
https://kr.puma.com/puma-91074-tee.html,M,TOP,http://d8wtay8lm19fy.cloudfront.net/puma_product/420x/5/7/579991_01_01_KOR.jpg
https://kr.puma.com/puma-91074-ls-tee-8.html,M,TOP,http://d8wtay8lm19fy.cloudfront.net/puma_product/420x/5/7/579987_02_01_KOR.jpg
https://kr.puma.com/puma-91074-ls-tee.html,M,TOP,http://d8wtay8lm19fy.cloudfront.net/puma_product/420x/5/7/579987_01_01_KOR.jpg
https://kr.puma.com/ls-color-blocked-anorak-6.html,M,TOP,http://d8wtay8lm19fy.cloudfront.net/puma_product/420x/9/2/928095_02_01_KOR.jpg
https://kr.puma.com/ls-color-blocked-anorak.html,M,TOP,http://d8wtay8lm19fy.cloudfront.net/puma_product/420x/9/2/928095_01_01_KOR.jpg
https://kr.puma.com/graphic-box-logo-tee-7.html,M,TOP,http://d8wtay8lm19fy.cloudfront.net/puma_product/420x/5/7/578157_52_01_KOR.jpg
https://kr.puma.com/classics-logo-tee-29.html,M,TOP,http://d8wtay8lm19fy.cloudfront.net/puma_product/420x/5/7/579070_88_01_KOR.jpg
https://kr.puma.com/ftblnxt-graphic-shirt-32.html,M,TOP,http://d8wtay8lm19fy.cloudfront.net/puma_product/420x/6/5/656220_04_01_KOR.jpg
https://kr.puma.com/sf-street-tee-7.html,M,TOP,http://d8wtay8lm19fy.cloudfront.net/puma_product/420x/5/7/577818_02_01_KOR.jpg
https://kr.puma.com/sf-street-tee.html,M,TOP,http://d8wtay8lm19fy.cloudfront.net/puma_product/420x/5/7/577818_01_01_KOR.jpg
https://kr.puma.com/pace-s-s-tee-7.html,M,TOP,http://d8wtay8lm19fy.cloudfront.net/puma_product/420x/5/1/517282_06_01_KOR.jpg
https://kr.puma.com/ignite-halfzip-top-13.html,M,TOP,http://d8wtay8lm19fy.cloudfront.net/puma_product/420x/5/1/517010_10_01_KOR.jpg
https://kr.puma.com/energy-seamless-tee.html,M,TOP,http://d8wtay8lm19fy.cloudfront.net/puma_product/420x/5/1/517319_01_01_KOR.jpg
https://kr.puma.com/energy-seamless-tee-7.html,M,TOP,http://d8wtay8lm19fy.cloudfront.net/puma_product/420x/5/1/517319_05_01_KOR.jpg
https://kr.puma.com/ess-logo-tee-21.html,M,TOP,http://d8wtay8lm19fy.cloudfront.net/puma_product/420x/8/5/851740_02_01_KOR.jpg
https://kr.puma.com/ess-logo-tee.html,M,TOP,http://d8wtay8lm19fy.cloudfront.net/puma_product/420x/8/5/851740_01_01_KOR.jpg
https://kr.puma.com/graphic-tee-tfs.html,M,TOP,http://d8wtay8lm19fy.cloudfront.net/puma_product/420x/5/9/597167_52_01_KOR.jpg
https://kr.puma.com/ess-tank-24.html,M,TOP,http://d8wtay8lm19fy.cloudfront.net/puma_product/420x/8/5/851742_02_01_KOR.jpg
https://kr.puma.com/gen-g-hoodie.html,M,TOP,http://d8wtay8lm19fy.cloudfront.net/puma_product/420x/9/3/932100_01_01_KOR.jpg
https://kr.puma.com/classics-emb-logo-crew-fl-28.html,M,TOP,http://d8wtay8lm19fy.cloudfront.net/puma_product/420x/9/2/929799_01_01_KOR.jpg
https://kr.puma.com/classics-emb-logo-crew-fl-35.html,M,TOP,http://d8wtay8lm19fy.cloudfront.net/puma_product/420x/9/2/929799_02_01_KOR.jpg
https://kr.puma.com/classics-emb-logo-crew-fl-42.html,M,TOP,http://d8wtay8lm19fy.cloudfront.net/puma_product/420x/9/2/929799_03_01_KOR.jpg
https://kr.puma.com/evostripe-crew-14.html,M,TOP,http://d8wtay8lm19fy.cloudfront.net/puma_product/420x/5/8/583464_01_01_KOR.jpg
https://kr.puma.com/evostripe-crew-21.html,M,TOP,http://d8wtay8lm19fy.cloudfront.net/puma_product/420x/5/8/583464_34_01_KOR.jpg
https://kr.puma.com/evostripe-hoodie.html,M,TOP,http://d8wtay8lm19fy.cloudfront.net/puma_product/420x/5/8/583465_01_01_KOR.jpg
https://kr.puma.com/evostripe-hoodie-11.html,M,TOP,http://d8wtay8lm19fy.cloudfront.net/puma_product/420x/5/8/583465_03_01_KOR.jpg
https://kr.puma.com/classics-tech-crew.html,M,TOP,http://d8wtay8lm19fy.cloudfront.net/puma_product/420x/5/9/597781_01_01_KOR.jpg
https://kr.puma.com/classics-tech-crew-7.html,M,TOP,http://d8wtay8lm19fy.cloudfront.net/puma_product/420x/5/9/597781_02_01_KOR.jpg
https://kr.puma.com/classics-tech-crew-14.html,M,TOP,http://d8wtay8lm19fy.cloudfront.net/puma_product/420x/5/9/597781_36_01_KOR.jpg
https://kr.puma.com/puma-x-mr-doodle-aop-hoodie.html,M,TOP,http://d8wtay8lm19fy.cloudfront.net/puma_product/420x/5/9/598640_02_01_KOR.jpg
https://kr.puma.com/puma-club-hoodie-fl.html,M,TOP,http://d8wtay8lm19fy.cloudfront.net/puma_product/420x/5/9/598790_01_01_KOR.jpg
https://kr.puma.com/puma-club-hoodie-fl-8.html,M,TOP,http://d8wtay8lm19fy.cloudfront.net/puma_product/420x/5/9/598790_81_01_KOR_01.jpg
https://kr.puma.com/classics-woven-crew.html,M,TOP,http://d8wtay8lm19fy.cloudfront.net/puma_product/420x/5/9/598974_01_01_KOR.jpg
https://kr.puma.com/ess-hoody-fl-big-logo.html,M,TOP,http://d8wtay8lm19fy.cloudfront.net/puma_product/420x/8/5/851743_01_01_KOR.jpg
https://kr.puma.com/ess-hoody-fl-big-logo-21.html,M,TOP,http://d8wtay8lm19fy.cloudfront.net/puma_product/420x/8/5/851743_02_01_KOR.jpg
https://kr.puma.com/ess-hoody-fl-big-logo-42.html,M,TOP,http://d8wtay8lm19fy.cloudfront.net/puma_product/420x/8/5/851743_03_01_KOR.jpg
https://kr.puma.com/ess-hoody-fl-63.html,M,TOP,http://d8wtay8lm19fy.cloudfront.net/puma_product/420x/8/5/851744_21_01_KOR.jpg
https://kr.puma.com/ess-hoody-fl-84.html,M,TOP,http://d8wtay8lm19fy.cloudfront.net/puma_product/420x/8/5/851744_23_01_KOR.jpg
https://kr.puma.com/ess-logo-crew-sweat-fl-big-logo.html,M,TOP,http://d8wtay8lm19fy.cloudfront.net/puma_product/420x/8/5/851747_01_01_KOR.jpg
https://kr.puma.com/ess-logo-crew-sweat-fl-big-logo-1.html,M,TOP,http://d8wtay8lm19fy.cloudfront.net/puma_product/420x/8/5/851747_03_01_KOR.jpg
https://kr.puma.com/classics-emb-logo-crew-28.html,M,TOP,http://d8wtay8lm19fy.cloudfront.net/puma_product/420x/9/2/929790_01_01_KOR.jpg
https://kr.puma.com/classics-emb-logo-crew-35.html,M,TOP,http://d8wtay8lm19fy.cloudfront.net/puma_product/420x/9/2/929790_02_01_KOR.jpg
https://kr.puma.com/classics-emb-logo-crew-42.html,M,TOP,http://d8wtay8lm19fy.cloudfront.net/puma_product/420x/9/2/929790_03_01_KOR.jpg
https://kr.puma.com/classics-emb-logo-hoody-28.html,M,TOP,http://d8wtay8lm19fy.cloudfront.net/puma_product/420x/9/2/929791_01_01_KOR.jpg
https://kr.puma.com/classics-emb-logo-hoody-35.html,M,TOP,http://d8wtay8lm19fy.cloudfront.net/puma_product/420x/9/2/929791_02_01_KOR.jpg
https://kr.puma.com/classics-emb-logo-hoody-fl-4.html,M,TOP,http://d8wtay8lm19fy.cloudfront.net/puma_product/420x/9/2/929800_01_01_KOR.jpg
https://kr.puma.com/classics-emb-logo-hoody-fl-5.html,M,TOP,http://d8wtay8lm19fy.cloudfront.net/puma_product/420x/9/2/929800_02_01_KOR.jpg
https://kr.puma.com/classics-longsleeve-tee-embr-1.html,M,TOP,http://d8wtay8lm19fy.cloudfront.net/puma_product/420x/5/9/597759_02_01_KOR.jpg
https://kr.puma.com/u-i-micro-fleece-crew.html,M,TOP,http://d8wtay8lm19fy.cloudfront.net/puma_product/420x/9/2/929785_01_01_KOR.jpg
https://kr.puma.com/u-i-micro-fleece-crew-7.html,M,TOP,http://d8wtay8lm19fy.cloudfront.net/puma_product/420x/9/2/929785_02_01_KOR.jpg
https://kr.puma.com/u-i-hoody.html,M,TOP,http://d8wtay8lm19fy.cloudfront.net/puma_product/420x/9/2/929787_01_01_KOR.jpg
https://kr.puma.com/u-i-hoody-7.html,M,TOP,http://d8wtay8lm19fy.cloudfront.net/puma_product/420x/9/2/929787_02_01_KOR.jpg
https://kr.puma.com/u-i-crew.html,M,TOP,http://d8wtay8lm19fy.cloudfront.net/puma_product/420x/9/2/929789_01_01_KOR.jpg
https://kr.puma.com/u-i-crew-7.html,M,TOP,http://d8wtay8lm19fy.cloudfront.net/puma_product/420x/9/2/929789_02_01_KOR.jpg
https://kr.puma.com/classics-longsleeve-tee-embr.html,M,TOP,http://d8wtay8lm19fy.cloudfront.net/puma_product/420x/5/9/597759_01_01_KOR.jpg
https://kr.puma.com/franchise-hoodie.html,M,TOP,http://d8wtay8lm19fy.cloudfront.net/puma_product/420x/5/3/530314_01_01_KOR.jpg
https://kr.puma.com/franchise-hoodie-9.html,M,TOP,http://d8wtay8lm19fy.cloudfront.net/puma_product/420x/5/3/530314_03_01_KOR.jpg
https://kr.puma.com/cloudspun-crewneck.html,M,TOP,http://d8wtay8lm19fy.cloudfront.net/puma_product/420x/5/9/597596_01_01_KOR.jpg
https://kr.puma.com/cloudspun-crewneck-9.html,M,TOP,http://d8wtay8lm19fy.cloudfront.net/puma_product/420x/5/9/597596_04_01_KOR.jpg
https://kr.puma.com/cloudspun-crewneck-22.html,M,TOP,http://d8wtay8lm19fy.cloudfront.net/puma_product/420x/5/9/597596_05_01_KOR.jpg
https://kr.puma.com/tfs-worldhood-crew.html,M,TOP,http://d8wtay8lm19fy.cloudfront.net/puma_product/420x/5/9/598091_02_01_KOR.jpg
https://kr.puma.com/v-neck-trainer.html,M,TOP,http://d8wtay8lm19fy.cloudfront.net/puma_product/420x/9/3/930078_01_01_KOR.jpg
https://kr.puma.com/v-neck-trainer-10.html,M,TOP,http://d8wtay8lm19fy.cloudfront.net/puma_product/420x/9/3/930078_02_01_KOR.jpg
https://kr.puma.com/v-neck-trainer-20.html,M,TOP,http://d8wtay8lm19fy.cloudfront.net/puma_product/420x/9/3/930078_03_01_KOR.jpg
https://kr.puma.com/modern-sports-crew-fl.html,M,TOP,http://d8wtay8lm19fy.cloudfront.net/puma_product/420x/5/8/583478_01_01_KOR.jpg
https://kr.puma.com/modern-sports-crew-fl-8.html,M,TOP,http://d8wtay8lm19fy.cloudfront.net/puma_product/420x/5/8/583478_03_01_KOR.jpg
https://kr.puma.com/modern-sports-crew-fl-16.html,M,TOP,http://d8wtay8lm19fy.cloudfront.net/puma_product/420x/5/8/583478_34_01_KOR.jpg
https://kr.puma.com/puma-club-aop-hoodie-fl.html,M,TOP,http://d8wtay8lm19fy.cloudfront.net/puma_product/420x/5/9/598791_02_01_KOR.jpg
https://kr.puma.com/csm-hoody.html,M,TOP,http://d8wtay8lm19fy.cloudfront.net/puma_product/420x/5/9/597187_04_01_KOR.jpg
https://kr.puma.com/puma-x-th-hoodie.html,M,TOP,http://d8wtay8lm19fy.cloudfront.net/puma_product/420x/5/9/596749_01_01_KOR.jpg
https://kr.puma.com/hemp-hoody.html,M,TOP,http://d8wtay8lm19fy.cloudfront.net/puma_product/420x/5/9/596622_25_01_KOR.jpg
https://kr.puma.com/rider-woven-pocket-crew-8.html,M,TOP,http://d8wtay8lm19fy.cloudfront.net/puma_product/420x/9/2/929410_02_01_KOR.jpg
https://kr.puma.com/rider-woven-pocket-crew.html,M,TOP,http://d8wtay8lm19fy.cloudfront.net/puma_product/420x/9/2/929410_01_01_KOR.jpg
https://kr.puma.com/downtown-hoody.html,M,TOP,http://d8wtay8lm19fy.cloudfront.net/puma_product/420x/5/9/596365_01_01_KOR.jpg
https://kr.puma.com/downtown-hoody-7.html,M,TOP,http://d8wtay8lm19fy.cloudfront.net/puma_product/420x/5/9/596365_02_01_KOR.jpg
https://kr.puma.com/downtown-hoody-14.html,M,TOP,http://d8wtay8lm19fy.cloudfront.net/puma_product/420x/5/9/596365_32_01_KOR.jpg
https://kr.puma.com/downtown-crew-40.html,M,TOP,http://d8wtay8lm19fy.cloudfront.net/puma_product/420x/5/9/596368_01_01_KOR.jpg
https://kr.puma.com/downtown-crew-47.html,M,TOP,http://d8wtay8lm19fy.cloudfront.net/puma_product/420x/5/9/596368_70_01_KOR.jpg
https://kr.puma.com/avenir-crew.html,M,TOP,http://d8wtay8lm19fy.cloudfront.net/puma_product/420x/5/9/596458_02_01_KOR.jpg
https://kr.puma.com/avenir-hoody.html,M,TOP,http://d8wtay8lm19fy.cloudfront.net/puma_product/420x/5/9/596459_01_01_KOR.jpg
https://kr.puma.com/avenir-hoody-7.html,M,TOP,http://d8wtay8lm19fy.cloudfront.net/puma_product/420x/5/9/596459_03_01_KOR.jpg
https://kr.puma.com/avenir-graphic-crew.html,M,TOP,http://d8wtay8lm19fy.cloudfront.net/puma_product/420x/5/9/597046_01_01_KOR.jpg
https://kr.puma.com/avenir-graphic-crew-7.html,M,TOP,http://d8wtay8lm19fy.cloudfront.net/puma_product/420x/5/9/597046_11_01_KOR.jpg
https://kr.puma.com/classics-emb-logo-crew-14.html,M,TOP,http://d8wtay8lm19fy.cloudfront.net/puma_product/420x/9/2/929269_02_01_KOR.jpg
https://kr.puma.com/classics-emb-logo-crew-21.html,M,TOP,http://d8wtay8lm19fy.cloudfront.net/puma_product/420x/9/2/929269_04_01_KOR.jpg
https://kr.puma.com/cube-crew.html,M,TOP,http://d8wtay8lm19fy.cloudfront.net/puma_product/420x/9/2/929340_01_01_KOR.jpg
https://kr.puma.com/cube-crew-7.html,M,TOP,http://d8wtay8lm19fy.cloudfront.net/puma_product/420x/9/2/929340_02_01_KOR.jpg
https://kr.puma.com/classics-logo-fz-hoody.html,M,TOP,http://d8wtay8lm19fy.cloudfront.net/puma_product/420x/5/9/596263_01_01_KOR.jpg
https://kr.puma.com/classics-logo-fz-hoody-11.html,M,TOP,http://d8wtay8lm19fy.cloudfront.net/puma_product/420x/5/9/596263_03_01_KOR.jpg
https://kr.puma.com/ess-hoody-tr-big-logo-14.html,M,TOP,http://d8wtay8lm19fy.cloudfront.net/puma_product/420x/8/5/851745_01_01_KOR.jpg
https://kr.puma.com/ess-hoody-tr-big-logo-34.html,M,TOP,http://d8wtay8lm19fy.cloudfront.net/puma_product/420x/8/5/851745_03_01_KOR.jpg
https://kr.puma.com/ess-logo-crew-sweat-tr-big-logo.html,M,TOP,http://d8wtay8lm19fy.cloudfront.net/puma_product/420x/8/5/851750_01_01_KOR.jpg
https://kr.puma.com/ess-logo-crew-sweat-tr-big-logo-1.html,M,TOP,http://d8wtay8lm19fy.cloudfront.net/puma_product/420x/8/5/851750_03_01_KOR.jpg
https://kr.puma.com/ess-logo-crew-sweat-tr-54.html,M,TOP,http://d8wtay8lm19fy.cloudfront.net/puma_product/420x/8/5/851752_21_01_KOR.jpg
https://kr.puma.com/ess-logo-crew-sweat-tr-74.html,M,TOP,http://d8wtay8lm19fy.cloudfront.net/puma_product/420x/8/5/851752_23_01_KOR.jpg
https://kr.puma.com/classics-emb-logo-hoody.html,M,TOP,http://d8wtay8lm19fy.cloudfront.net/puma_product/420x/9/2/929268_01_01_KOR.jpg
https://kr.puma.com/classics-emb-logo-hoody-7.html,M,TOP,http://d8wtay8lm19fy.cloudfront.net/puma_product/420x/9/2/929268_02_01_KOR.jpg
https://kr.puma.com/classics-emb-logo-hoody-14.html,M,TOP,http://d8wtay8lm19fy.cloudfront.net/puma_product/420x/9/2/929268_03_01_KOR.jpg
https://kr.puma.com/classics-emb-logo-hoody-21.html,M,TOP,http://d8wtay8lm19fy.cloudfront.net/puma_product/420x/9/2/929268_04_01_KOR.jpg
https://kr.puma.com/classics-emb-logo-crew.html,M,TOP,http://d8wtay8lm19fy.cloudfront.net/puma_product/420x/9/2/929269_01_01_KOR.jpg
https://kr.puma.com/classics-emb-logo-crew-7.html,M,TOP,http://d8wtay8lm19fy.cloudfront.net/puma_product/420x/9/2/929269_03_01_KOR.jpg
https://kr.puma.com/puma-x-rdet-hoodie-8.html,M,TOP,http://d8wtay8lm19fy.cloudfront.net/puma_product/420x/5/9/596662_85_01_KOR.jpg
https://kr.puma.com/puma-x-rdet-graphic-crew.html,M,TOP,http://d8wtay8lm19fy.cloudfront.net/puma_product/420x/5/9/596663_40_01_KOR.jpg
https://kr.puma.com/puma-x-rdet-crew-8.html,M,TOP,http://d8wtay8lm19fy.cloudfront.net/puma_product/420x/5/9/596664_49_01_KOR.jpg
https://kr.puma.com/evostripe-crew.html,M,TOP,http://d8wtay8lm19fy.cloudfront.net/puma_product/420x/5/8/581470_01_01_KOR.jpg
https://kr.puma.com/evostripe-crew-7.html,M,TOP,http://d8wtay8lm19fy.cloudfront.net/puma_product/420x/5/8/581470_03_01_KOR.jpg
https://kr.puma.com/ess-hoody-tr-big-logo.html,M,TOP,http://d8wtay8lm19fy.cloudfront.net/puma_product/420x/9/2/929275_01_01_KOR.jpg
https://kr.puma.com/ess-hoody-tr-big-logo-7.html,M,TOP,http://d8wtay8lm19fy.cloudfront.net/puma_product/420x/9/2/929275_02_01_KOR.jpg
https://kr.puma.com/ess-hoody-tr-40.html,M,TOP,http://d8wtay8lm19fy.cloudfront.net/puma_product/420x/9/2/929276_01_01_KOR.jpg
https://kr.puma.com/ess-logo-crew-sweat-tr-40.html,M,TOP,http://d8wtay8lm19fy.cloudfront.net/puma_product/420x/9/2/929277_01_01_KOR.jpg
https://kr.puma.com/ess-logo-crew-sweat-tr-47.html,M,TOP,http://d8wtay8lm19fy.cloudfront.net/puma_product/420x/9/2/929277_02_01_KOR.jpg
https://kr.puma.com/puma-x-ader-crew-40.html,M,TOP,http://d8wtay8lm19fy.cloudfront.net/puma_product/420x/5/9/595539_01_01_KOR.jpg
https://kr.puma.com/puma-x-ader-crew-48.html,M,TOP,http://d8wtay8lm19fy.cloudfront.net/puma_product/420x/5/9/595539_60_01_KOR.jpg
https://kr.puma.com/athletics-hoody-fl.html,M,TOP,http://d8wtay8lm19fy.cloudfront.net/puma_product/420x/5/8/580150_01_01_KOR.jpg
https://kr.puma.com/athletics-hoody-fl-7.html,M,TOP,http://d8wtay8lm19fy.cloudfront.net/puma_product/420x/5/8/580150_03_01_KOR.jpg
https://kr.puma.com/puma-x-lb-hoodie-16.html,M,TOP,http://d8wtay8lm19fy.cloudfront.net/puma_product/420x/5/9/595470_01_01_KOR.jpg
https://kr.puma.com/puma-x-lb-hoodie-24.html,M,TOP,http://d8wtay8lm19fy.cloudfront.net/puma_product/420x/5/9/595470_02_01_KOR.jpg
https://kr.puma.com/puma-x-lb-hoodie-32.html,M,TOP,http://d8wtay8lm19fy.cloudfront.net/puma_product/420x/5/9/595470_21_01_KOR.jpg
https://kr.puma.com/puma-x-tyakasha-hoodie.html,M,TOP,http://d8wtay8lm19fy.cloudfront.net/puma_product/420x/5/9/595558_01_01_KOR.jpg
https://kr.puma.com/puma-x-tyakasha-hoodie-8.html,M,TOP,http://d8wtay8lm19fy.cloudfront.net/puma_product/420x/5/9/595558_64_01_KOR.jpg
https://kr.puma.com/puma-x-tyakasha-crew.html,M,TOP,http://d8wtay8lm19fy.cloudfront.net/puma_product/420x/5/9/595562_01_01_KOR.jpg
https://kr.puma.com/puma-x-tyakasha-crew-8.html,M,TOP,http://d8wtay8lm19fy.cloudfront.net/puma_product/420x/5/9/595562_02_01_KOR.jpg
https://kr.puma.com/collective-hoodie.html,M,TOP,http://d8wtay8lm19fy.cloudfront.net/puma_product/420x/5/1/518361_03_01_KOR.jpg
https://kr.puma.com/nu-tility-crew.html,M,TOP,http://d8wtay8lm19fy.cloudfront.net/puma_product/420x/5/8/580385_01_01_KOR.jpg
https://kr.puma.com/nu-tility-crew-7.html,M,TOP,http://d8wtay8lm19fy.cloudfront.net/puma_product/420x/5/8/580385_06_01_KOR.jpg
https://kr.puma.com/nu-tility-crew-14.html,M,TOP,http://d8wtay8lm19fy.cloudfront.net/puma_product/420x/5/8/580385_20_01_KOR_1.jpg
https://kr.puma.com/iconic-mcs-crew-tr.html,M,TOP,http://d8wtay8lm19fy.cloudfront.net/puma_product/420x/5/9/595304_01_01_KOR.jpg
https://kr.puma.com/iconic-mcs-crew-tr-14.html,M,TOP,http://d8wtay8lm19fy.cloudfront.net/puma_product/420x/5/9/595304_06_01_KOR.jpg
https://kr.puma.com/iconic-mcs-crew-tr-7.html,M,TOP,http://d8wtay8lm19fy.cloudfront.net/puma_product/420x/5/9/595304_11_01_KOR.jpg
https://kr.puma.com/downtown-po-hoody-8.html,M,TOP,http://d8wtay8lm19fy.cloudfront.net/puma_product/420x/5/9/595638_01_01_KOR.jpg
https://kr.puma.com/downtown-crew-24.html,M,TOP,http://d8wtay8lm19fy.cloudfront.net/puma_product/420x/5/9/595639_01_01_KOR.jpg
https://kr.puma.com/downtown-crew-32.html,M,TOP,http://d8wtay8lm19fy.cloudfront.net/puma_product/420x/5/9/595639_89_01_KOR.jpg
https://kr.puma.com/downtown-po-graphic-hoody.html,M,TOP,http://d8wtay8lm19fy.cloudfront.net/puma_product/420x/5/9/595712_14_01_KOR.jpg
https://kr.puma.com/classics-emb-logo-crew-fl.html,M,TOP,http://d8wtay8lm19fy.cloudfront.net/puma_product/420x/9/2/928974_01_01_KOR.jpg
https://kr.puma.com/classics-emb-logo-crew-fl-7.html,M,TOP,http://d8wtay8lm19fy.cloudfront.net/puma_product/420x/9/2/928974_02_01_KOR.jpg
https://kr.puma.com/classics-emb-logo-crew-fl-14.html,M,TOP,http://d8wtay8lm19fy.cloudfront.net/puma_product/420x/9/2/928974_03_01_KOR.jpg
https://kr.puma.com/classics-emb-logo-crew-fl-21.html,M,TOP,http://d8wtay8lm19fy.cloudfront.net/puma_product/420x/9/2/928974_04_01_KOR.jpg
https://kr.puma.com/classics-emb-logo-hoody-fl.html,M,TOP,http://d8wtay8lm19fy.cloudfront.net/puma_product/420x/9/2/928975_01_01_KOR.jpg
https://kr.puma.com/classics-emb-logo-hoody-fl-1.html,M,TOP,http://d8wtay8lm19fy.cloudfront.net/puma_product/420x/9/2/928975_02_01_KOR.jpg
https://kr.puma.com/classics-emb-logo-hoody-fl-2.html,M,TOP,http://d8wtay8lm19fy.cloudfront.net/puma_product/420x/9/2/928975_03_01_KOR.jpg
https://kr.puma.com/classics-emb-logo-hoody-fl-3.html,M,TOP,http://d8wtay8lm19fy.cloudfront.net/puma_product/420x/9/2/928975_04_01_KOR.jpg
https://kr.puma.com/puma-xtg-crew-34.html,M,TOP,http://d8wtay8lm19fy.cloudfront.net/puma_product/420x/5/9/595314_01_01_KOR.jpg
https://kr.puma.com/puma-xtg-crew-54.html,M,TOP,http://d8wtay8lm19fy.cloudfront.net/puma_product/420x/5/9/595314_06_01_KOR.jpg
https://kr.puma.com/sf-street-hoody.html,M,TOP,http://d8wtay8lm19fy.cloudfront.net/puma_product/420x/5/9/595552_02_01_KOR.jpg
https://kr.puma.com/sf-street-hoody-7.html,M,TOP,http://d8wtay8lm19fy.cloudfront.net/puma_product/420x/5/9/595552_06_01_KOR.jpg
https://kr.puma.com/ess-hoody-fl-21.html,M,TOP,http://d8wtay8lm19fy.cloudfront.net/puma_product/420x/8/5/851744_01_01_KOR.jpg
https://kr.puma.com/ess-hoody-fl-42.html,M,TOP,http://d8wtay8lm19fy.cloudfront.net/puma_product/420x/8/5/851744_03_01_KOR.jpg
https://kr.puma.com/ess-logo-crew-sweat-fl-big-logo-2.html,M,TOP,http://d8wtay8lm19fy.cloudfront.net/puma_product/420x/8/5/851747_06_01_KOR.jpg
https://kr.puma.com/ess-fz-hoody-tr-36.html,M,TOP,http://d8wtay8lm19fy.cloudfront.net/puma_product/420x/8/5/851767_03_01_KOR.jpg
https://kr.puma.com/iconic-t7-crew-tr.html,M,TOP,http://d8wtay8lm19fy.cloudfront.net/puma_product/420x/5/9/595295_01_01_KOR.jpg
https://kr.puma.com/iconic-t7-crew-tr-7.html,M,TOP,http://d8wtay8lm19fy.cloudfront.net/puma_product/420x/5/9/595295_06_01_KOR.jpg
https://kr.puma.com/puma-x-ctm-crew.html,M,TOP,http://d8wtay8lm19fy.cloudfront.net/puma_product/420x/5/9/595624_01_01_KOR.jpg
https://kr.puma.com/puma-x-ctm-hoodie.html,M,TOP,http://d8wtay8lm19fy.cloudfront.net/puma_product/420x/5/9/595625_01_01_KOR.jpg
https://kr.puma.com/puma-x-ctm-aop-crew.html,M,TOP,http://d8wtay8lm19fy.cloudfront.net/puma_product/420x/5/9/595632_01_01_KOR.jpg
https://kr.puma.com/rebel-hoody-tr-23.html,M,TOP,http://d8wtay8lm19fy.cloudfront.net/puma_product/420x/8/4/844141_85_01_KOR.jpg
https://kr.puma.com/rebel-hoody-tr-16.html,M,TOP,http://d8wtay8lm19fy.cloudfront.net/puma_product/420x/8/4/844141_01_01_KOR.jpg
https://kr.puma.com/rebel-crew-tr-7.html,M,TOP,http://d8wtay8lm19fy.cloudfront.net/puma_product/420x/8/4/844140_11_01_KOR.jpg
https://kr.puma.com/rebel-crew-tr.html,M,TOP,http://d8wtay8lm19fy.cloudfront.net/puma_product/420x/8/4/844140_01_01_KOR.jpg
https://kr.puma.com/og-crew-8.html,M,TOP,http://d8wtay8lm19fy.cloudfront.net/puma_product/420x/8/4/844528_06_01_KOR.jpg
https://kr.puma.com/og-crew.html,M,TOP,http://d8wtay8lm19fy.cloudfront.net/puma_product/420x/8/4/844528_04_01_KOR.jpg
https://kr.puma.com/90s-retro-hoody-7.html,M,TOP,http://d8wtay8lm19fy.cloudfront.net/puma_product/420x/5/7/578912_02_01_KOR.jpg
https://kr.puma.com/90s-retro-hoody.html,M,TOP,http://d8wtay8lm19fy.cloudfront.net/puma_product/420x/5/7/578912_01_01_KOR.jpg
https://kr.puma.com/og-hoodie-8.html,M,TOP,http://d8wtay8lm19fy.cloudfront.net/puma_product/420x/8/4/844529_02_01_KOR.jpg
https://kr.puma.com/og-hoodie.html,M,TOP,http://d8wtay8lm19fy.cloudfront.net/puma_product/420x/8/4/844529_01_01_KOR.jpg
https://kr.puma.com/ls-color-point-basic-crew.html,M,TOP,http://d8wtay8lm19fy.cloudfront.net/puma_product/420x/9/2/928094_01_01_KOR.jpg
https://kr.puma.com/sf-street-crew-neck-7.html,M,TOP,http://d8wtay8lm19fy.cloudfront.net/puma_product/420x/5/7/577817_06_01_KOR.jpg
https://kr.puma.com/sf-street-crew-neck.html,M,TOP,http://d8wtay8lm19fy.cloudfront.net/puma_product/420x/5/7/577817_01_01_KOR.jpg
https://kr.puma.com/ess-hoody-tr-20.html,M,TOP,http://d8wtay8lm19fy.cloudfront.net/puma_product/420x/8/5/851746_03_01_KOR.jpg
https://kr.puma.com/ess-hoody-tr.html,M,TOP,http://d8wtay8lm19fy.cloudfront.net/puma_product/420x/8/5/851746_01_01_KOR.jpg
https://kr.puma.com/puma-xtg-crew-11.html,M,TOP,http://d8wtay8lm19fy.cloudfront.net/puma_product/420x/5/7/577991_30_01_KOR.jpg
https://kr.puma.com/puma-xtg-crew.html,M,TOP,http://d8wtay8lm19fy.cloudfront.net/puma_product/420x/5/7/577991_01_01_KOR.jpg
https://kr.puma.com/ess-fz-hoody-tr-56.html,M,TOP,http://d8wtay8lm19fy.cloudfront.net/puma_product/420x/8/5/851767_06_01_KOR.jpg
https://kr.puma.com/ess-fz-hoody-tr-16.html,M,TOP,http://d8wtay8lm19fy.cloudfront.net/puma_product/420x/8/5/851767_01_01_KOR.jpg
https://kr.puma.com/puma-tfs-crew.html,M,TOP,http://d8wtay8lm19fy.cloudfront.net/puma_product/420x/5/9/596463_01_01_KOR.jpg
https://kr.puma.com/puma-tfs-crew-7.html,M,TOP,http://d8wtay8lm19fy.cloudfront.net/puma_product/420x/5/9/596463_52_01_KOR.jpg
https://kr.puma.com/puma-tfs-hoodie.html,M,TOP,http://d8wtay8lm19fy.cloudfront.net/puma_product/420x/5/9/597045_01_01_KOR.jpg
https://kr.puma.com/puma-tfs-hoodie-7.html,M,TOP,http://d8wtay8lm19fy.cloudfront.net/puma_product/420x/5/9/597045_02_01_KOR.jpg
https://kr.puma.com/puma-x-hh-hoody.html,M,TOP,http://d8wtay8lm19fy.cloudfront.net/puma_product/420x/5/9/597149_04_01_KOR.jpg
https://kr.puma.com/puma-x-hh-hoody-7.html,M,TOP,http://d8wtay8lm19fy.cloudfront.net/puma_product/420x/5/9/597149_89_01_KOR.jpg
https://kr.puma.com/train-first-mile-xtreme-woven-jacket.html,M,TOP,http://d8wtay8lm19fy.cloudfront.net/puma_product/420x/5/1/519455_03_01_KOR.jpg
https://kr.puma.com/warm-tricot-bonded-suit-jkt.html,M,TOP,http://d8wtay8lm19fy.cloudfront.net/puma_product/420x/9/2/929862_01_01_KOR.jpg
https://kr.puma.com/warm-tricot-bonded-suit-jkt-1.html,M,TOP,http://d8wtay8lm19fy.cloudfront.net/puma_product/420x/9/2/929862_02_01_KOR.jpg
https://kr.puma.com/ftblnxt-pro-jacket-31.html,M,TOP,http://d8wtay8lm19fy.cloudfront.net/puma_product/420x/6/5/656844_01_01_KOR.jpg
https://kr.puma.com/cushion-suit-jkt.html,M,TOP,http://d8wtay8lm19fy.cloudfront.net/puma_product/420x/9/2/929730_01_01_KOR.jpg
https://kr.puma.com/cushion-suit-jkt-8.html,M,TOP,http://d8wtay8lm19fy.cloudfront.net/puma_product/420x/9/2/929730_02_01_KOR.jpg
https://kr.puma.com/double-knit-training-suit-jkt.html,M,TOP,http://d8wtay8lm19fy.cloudfront.net/puma_product/420x/9/2/929866_01_01_KOR.jpg
https://kr.puma.com/double-knit-training-suit-jkt-1.html,M,TOP,http://d8wtay8lm19fy.cloudfront.net/puma_product/420x/9/2/929866_02_01_KOR.jpg
https://kr.puma.com/evostripe-track-jacket.html,M,TOP,http://d8wtay8lm19fy.cloudfront.net/puma_product/420x/5/8/583466_01_01_KOR.jpg
https://kr.puma.com/evostripe-track-jacket-7.html,M,TOP,http://d8wtay8lm19fy.cloudfront.net/puma_product/420x/5/8/583466_02_01_KOR.jpg
https://kr.puma.com/evostripe-fz-hoodie.html,M,TOP,http://d8wtay8lm19fy.cloudfront.net/puma_product/420x/5/8/583467_01_01_KOR.jpg
https://kr.puma.com/evostripe-fz-hoodie-11.html,M,TOP,http://d8wtay8lm19fy.cloudfront.net/puma_product/420x/5/8/583467_03_01_KOR.jpg
https://kr.puma.com/puma-x-mr-doodle-rev-coach-jacket.html,M,TOP,http://d8wtay8lm19fy.cloudfront.net/puma_product/420x/5/9/598638_02_01_KOR.jpg
https://kr.puma.com/ess-fz-hoody-tr-79.html,M,TOP,http://d8wtay8lm19fy.cloudfront.net/puma_product/420x/8/5/851767_21_01_KOR.jpg
https://kr.puma.com/ess-fz-hoody-tr-100.html,M,TOP,http://d8wtay8lm19fy.cloudfront.net/puma_product/420x/8/5/851767_23_01_KOR.jpg
https://kr.puma.com/woven-suit-jkt.html,M,TOP,http://d8wtay8lm19fy.cloudfront.net/puma_product/420x/9/2/929726_01_01_KOR.jpg
https://kr.puma.com/woven-suit-jkt-8.html,M,TOP,http://d8wtay8lm19fy.cloudfront.net/puma_product/420x/9/2/929726_02_01_KOR.jpg
https://kr.puma.com/classics-archive-windbreaker-2.html,M,TOP,http://d8wtay8lm19fy.cloudfront.net/puma_product/420x/9/2/929792_01_01_KOR.jpg
https://kr.puma.com/classics-archive-windbreaker-3.html,M,TOP,http://d8wtay8lm19fy.cloudfront.net/puma_product/420x/9/2/929792_02_01_KOR.jpg
https://kr.puma.com/classics-coach-jacket.html,M,TOP,http://d8wtay8lm19fy.cloudfront.net/puma_product/420x/9/2/929793_01_01_KOR.jpg
https://kr.puma.com/classics-coach-jacket-7.html,M,TOP,http://d8wtay8lm19fy.cloudfront.net/puma_product/420x/9/2/929793_02_01_KOR.jpg
https://kr.puma.com/mcfc-stadium-jacket-w-zipped-pockets.html,M,TOP,http://d8wtay8lm19fy.cloudfront.net/puma_product/420x/7/5/758033_10_01_KOR.jpg
https://kr.puma.com/mcfc-training-winter-jacket.html,M,TOP,http://d8wtay8lm19fy.cloudfront.net/puma_product/420x/7/5/757899_13_01_KOR.jpg
https://kr.puma.com/tfs-worldhood-track-top-wv.html,M,TOP,http://d8wtay8lm19fy.cloudfront.net/puma_product/420x/5/9/597610_01_01_KOR.jpg
https://kr.puma.com/classics-tech-fz-hoodie.html,M,TOP,http://d8wtay8lm19fy.cloudfront.net/puma_product/420x/5/9/597782_01_01_KOR.jpg
https://kr.puma.com/classics-tech-fz-hoodie-7.html,M,TOP,http://d8wtay8lm19fy.cloudfront.net/puma_product/420x/5/9/597782_02_01_KOR.jpg
https://kr.puma.com/classics-tech-fz-hoodie-14.html,M,TOP,http://d8wtay8lm19fy.cloudfront.net/puma_product/420x/5/9/597782_36_01_KOR.jpg
https://kr.puma.com/ess-track-jacket-tr.html,M,TOP,http://d8wtay8lm19fy.cloudfront.net/puma_product/420x/8/5/851771_01_01_KOR.jpg
https://kr.puma.com/ess-track-jacket-tr-15.html,M,TOP,http://d8wtay8lm19fy.cloudfront.net/puma_product/420x/8/5/851771_03_01_KOR.jpg
https://kr.puma.com/ignite-woven-jacket.html,M,TOP,http://d8wtay8lm19fy.cloudfront.net/puma_product/420x/5/1/518586_05_01_KOR.jpg
https://kr.puma.com/run-ultra-jacket-12.html,M,TOP,http://d8wtay8lm19fy.cloudfront.net/puma_product/420x/5/1/519370_01_01_KOR.jpg
https://kr.puma.com/run-ultra-jacket-19.html,M,TOP,http://d8wtay8lm19fy.cloudfront.net/puma_product/420x/5/1/519370_04_01_KOR.jpg
https://kr.puma.com/rt-tech-wind-jacket.html,M,TOP,http://d8wtay8lm19fy.cloudfront.net/puma_product/420x/9/2/929782_01_01_KOR.jpg
https://kr.puma.com/rt-tech-wind-jacket-8.html,M,TOP,http://d8wtay8lm19fy.cloudfront.net/puma_product/420x/9/2/929782_02_01_KOR.jpg
https://kr.puma.com/puma-x-th-windbreaker.html,M,TOP,http://d8wtay8lm19fy.cloudfront.net/puma_product/420x/5/9/596746_02_01_KOR.jpg
https://kr.puma.com/puma-x-th-track-jacket.html,M,TOP,http://d8wtay8lm19fy.cloudfront.net/puma_product/420x/5/9/596747_01_01_KOR.jpg
https://kr.puma.com/puma-x-th-track-jacket-8.html,M,TOP,http://d8wtay8lm19fy.cloudfront.net/puma_product/420x/5/9/596747_38_01_KOR.jpg
https://kr.puma.com/puma-x-th-reflective-windbreaker.html,M,TOP,http://d8wtay8lm19fy.cloudfront.net/puma_product/420x/5/9/598023_01_01_KOR.jpg
https://kr.puma.com/mapm-sweat-jacket.html,M,TOP,http://d8wtay8lm19fy.cloudfront.net/puma_product/420x/5/9/596175_01_01_KOR.jpg
https://kr.puma.com/summer-tricot-jacket.html,M,TOP,http://d8wtay8lm19fy.cloudfront.net/puma_product/420x/9/2/929305_01_01_KOR.jpg
https://kr.puma.com/summer-tricot-jacket-6.html,M,TOP,http://d8wtay8lm19fy.cloudfront.net/puma_product/420x/9/2/929305_02_01_KOR.jpg
https://kr.puma.com/puma-x-rhude-track-jacket.html,M,TOP,http://d8wtay8lm19fy.cloudfront.net/puma_product/420x/5/9/596753_01_01_KOR.jpg
https://kr.puma.com/puma-x-rhude-track-jacket-8.html,M,TOP,http://d8wtay8lm19fy.cloudfront.net/puma_product/420x/5/9/596753_41_01_KOR.jpg
https://kr.puma.com/puma-x-rhude-hz-jacket.html,M,TOP,http://d8wtay8lm19fy.cloudfront.net/puma_product/420x/5/9/596755_41_01_KOR.jpg
https://kr.puma.com/puma-x-rhude-hz-jacket-8.html,M,TOP,http://d8wtay8lm19fy.cloudfront.net/puma_product/420x/5/9/596755_69_01_KOR.jpg
https://kr.puma.com/training-woven-jacket.html,M,TOP,http://d8wtay8lm19fy.cloudfront.net/puma_product/420x/9/2/929297_01_01_KOR.jpg
https://kr.puma.com/training-woven-jacket-6.html,M,TOP,http://d8wtay8lm19fy.cloudfront.net/puma_product/420x/9/2/929297_02_01_KOR.jpg
https://kr.puma.com/first-mile-utility-jacket-9.html,M,TOP,http://d8wtay8lm19fy.cloudfront.net/puma_product/420x/5/1/519024_01_01_KOR.jpg
https://kr.puma.com/first-mile-utility-jacket.html,M,TOP,http://d8wtay8lm19fy.cloudfront.net/puma_product/420x/5/1/519024_03_01_KOR.jpg
https://kr.puma.com/zephyr-jacket.html,M,TOP,http://d8wtay8lm19fy.cloudfront.net/puma_product/420x/5/7/577902_01_01_KOR.jpg
https://kr.puma.com/zephyr-jacket-8.html,M,TOP,http://d8wtay8lm19fy.cloudfront.net/puma_product/420x/5/7/577902_03_01_KOR.jpg
https://kr.puma.com/cloudspun-warm-up-vest.html,M,TOP,http://d8wtay8lm19fy.cloudfront.net/puma_product/420x/5/9/597127_01_01_KOR.jpg
https://kr.puma.com/essentials-solid-windbreaker.html,M,TOP,http://d8wtay8lm19fy.cloudfront.net/puma_product/420x/5/8/581224_01_01_KOR.jpg
https://kr.puma.com/essentials-solid-windbreaker-1.html,M,TOP,http://d8wtay8lm19fy.cloudfront.net/puma_product/420x/5/8/581224_11_01_KOR.jpg
https://kr.puma.com/sf-street-woven-jkt.html,M,TOP,http://d8wtay8lm19fy.cloudfront.net/puma_product/420x/5/9/596137_02_01_KOR.jpg
https://kr.puma.com/sf-hooded-sweat-jacket.html,M,TOP,http://d8wtay8lm19fy.cloudfront.net/puma_product/420x/5/9/596145_02_01_KOR.jpg
https://kr.puma.com/avenir-woven-track-top.html,M,TOP,http://d8wtay8lm19fy.cloudfront.net/puma_product/420x/5/9/596470_01_01_KOR.jpg
https://kr.puma.com/avenir-woven-track-top-7.html,M,TOP,http://d8wtay8lm19fy.cloudfront.net/puma_product/420x/5/9/596470_27_01_KOR.jpg
https://kr.puma.com/training-tricot-jacket.html,M,TOP,http://d8wtay8lm19fy.cloudfront.net/puma_product/420x/9/2/929301_01_01_KOR.jpg
https://kr.puma.com/training-tricot-jacket-6.html,M,TOP,http://d8wtay8lm19fy.cloudfront.net/puma_product/420x/9/2/929301_02_01_KOR.jpg
https://kr.puma.com/puma-by-x-bionicr-rainsphere-run-jacket-men.html,M,TOP,http://d8wtay8lm19fy.cloudfront.net/puma_product/420x/5/2/520078_01_01_KOR.jpg
https://kr.puma.com/runner-id-jacket-6.html,M,TOP,http://d8wtay8lm19fy.cloudfront.net/puma_product/420x/5/1/518958_01_01_KOR.jpg
https://kr.puma.com/ftblnxt-pro-jacket-23.html,M,TOP,http://d8wtay8lm19fy.cloudfront.net/puma_product/420x/6/5/656531_04_01_KOR.jpg
https://kr.puma.com/cube-1-2-zip-woven-jacket.html,M,TOP,http://d8wtay8lm19fy.cloudfront.net/puma_product/420x/9/2/929167_01_01_KOR.jpg
https://kr.puma.com/cube-1-2-zip-woven-jacket-7.html,M,TOP,http://d8wtay8lm19fy.cloudfront.net/puma_product/420x/9/2/929167_02_01_KOR.jpg
https://kr.puma.com/eagle-point-2-1-jacket.html,M,TOP,http://d8wtay8lm19fy.cloudfront.net/puma_product/420x/9/2/929270_01_01_KOR.jpg
https://kr.puma.com/eagle-point-2-1-jacket-7.html,M,TOP,http://d8wtay8lm19fy.cloudfront.net/puma_product/420x/9/2/929270_02_01_KOR.jpg
https://kr.puma.com/training-knit-jacket.html,M,TOP,http://d8wtay8lm19fy.cloudfront.net/puma_product/420x/9/2/929293_01_01_KOR.jpg
https://kr.puma.com/training-knit-jacket-6.html,M,TOP,http://d8wtay8lm19fy.cloudfront.net/puma_product/420x/9/2/929293_02_01_KOR.jpg
https://kr.puma.com/puma-x-rdet-aop-windbreaker.html,M,TOP,http://d8wtay8lm19fy.cloudfront.net/puma_product/420x/5/9/596660_02_01_KOR.jpg
https://kr.puma.com/puma-x-rdet-bomber-jacket.html,M,TOP,http://d8wtay8lm19fy.cloudfront.net/puma_product/420x/5/9/596661_01_01_KOR.jpg
https://kr.puma.com/evostripe-hooded-jacket.html,M,TOP,http://d8wtay8lm19fy.cloudfront.net/puma_product/420x/5/8/581486_01_01_KOR.jpg
https://kr.puma.com/evostripe-hooded-jacket-11.html,M,TOP,http://d8wtay8lm19fy.cloudfront.net/puma_product/420x/5/8/581486_03_01_KOR.jpg
https://kr.puma.com/classics-archive-windbreaker.html,M,TOP,http://d8wtay8lm19fy.cloudfront.net/puma_product/420x/9/2/929309_01_01_KOR.jpg
https://kr.puma.com/classics-archive-windbreaker-1.html,M,TOP,http://d8wtay8lm19fy.cloudfront.net/puma_product/420x/9/2/929309_02_01_KOR.jpg
https://kr.puma.com/ftblnxt-track-jacket-56.html,M,TOP,http://d8wtay8lm19fy.cloudfront.net/puma_product/420x/6/5/656532_01_01_KOR.jpg
https://kr.puma.com/puma-x-ader-t7-track-top.html,M,TOP,http://d8wtay8lm19fy.cloudfront.net/puma_product/420x/5/9/595533_01_01_KOR.jpg
https://kr.puma.com/puma-x-ader-t7-track-top-8.html,M,TOP,http://d8wtay8lm19fy.cloudfront.net/puma_product/420x/5/9/595533_60_01_KOR.jpg
https://kr.puma.com/puma-x-ader-windbreaker-16.html,M,TOP,http://d8wtay8lm19fy.cloudfront.net/puma_product/420x/5/9/595535_02_01_KOR.jpg
https://kr.puma.com/puma-x-ader-windbreaker-24.html,M,TOP,http://d8wtay8lm19fy.cloudfront.net/puma_product/420x/5/9/595535_06_01_KOR.jpg
https://kr.puma.com/puma-xtg-woven-jacket-winterized.html,M,TOP,http://d8wtay8lm19fy.cloudfront.net/puma_product/420x/5/9/595318_01_01_KOR.jpg
https://kr.puma.com/puma-xtg-woven-jacket-winterized-1.html,M,TOP,http://d8wtay8lm19fy.cloudfront.net/puma_product/420x/5/9/595318_51_01_KOR.jpg
https://kr.puma.com/getfastviz-jacket.html,M,TOP,http://d8wtay8lm19fy.cloudfront.net/puma_product/420x/5/1/518426_01_01_KOR.jpg
https://kr.puma.com/nu-tility-half-zip.html,M,TOP,http://d8wtay8lm19fy.cloudfront.net/puma_product/420x/5/8/580390_01_01_KOR.jpg
https://kr.puma.com/nu-tility-half-zip-7.html,M,TOP,http://d8wtay8lm19fy.cloudfront.net/puma_product/420x/5/8/580390_38_01_KOR.jpg
https://kr.puma.com/epoch-hybrid-winterized-savannah.html,M,TOP,http://d8wtay8lm19fy.cloudfront.net/puma_product/420x/5/9/595328_01_01_KOR.jpg
https://kr.puma.com/collective-protect-jacket.html,M,TOP,http://d8wtay8lm19fy.cloudfront.net/puma_product/420x/5/1/518394_02_01_KOR.jpg
https://kr.puma.com/puma-x-lb-storm-jacket.html,M,TOP,http://d8wtay8lm19fy.cloudfront.net/puma_product/420x/5/9/595419_01_01_KOR.jpg
https://kr.puma.com/puma-x-lb-storm-jacket-8.html,M,TOP,http://d8wtay8lm19fy.cloudfront.net/puma_product/420x/5/9/595419_02_01_KOR.jpg
https://kr.puma.com/puma-x-lb-track-top-16.html,M,TOP,http://d8wtay8lm19fy.cloudfront.net/puma_product/420x/5/9/595467_02_01_KOR.jpg
https://kr.puma.com/ftblnxt-track-jacket-48.html,M,TOP,http://d8wtay8lm19fy.cloudfront.net/puma_product/420x/6/5/656446_02_01_KOR.jpg
https://kr.puma.com/mapm-eco-packliite-jacket.html,M,TOP,http://d8wtay8lm19fy.cloudfront.net/puma_product/420x/5/9/595356_01_01_KOR.jpg
https://kr.puma.com/mapm-rct-tech-fleece.html,M,TOP,http://d8wtay8lm19fy.cloudfront.net/puma_product/420x/5/9/595359_01_01_KOR.jpg
https://kr.puma.com/mapm-street-woven-jacket.html,M,TOP,http://d8wtay8lm19fy.cloudfront.net/puma_product/420x/5/9/595360_01_01_KOR.jpg
https://kr.puma.com/rbr-padded-vest.html,M,TOP,http://d8wtay8lm19fy.cloudfront.net/puma_product/420x/5/9/595466_01_01_KOR.jpg
https://kr.puma.com/mapm-vest.html,M,TOP,http://d8wtay8lm19fy.cloudfront.net/puma_product/420x/5/9/595492_01_01_KOR.jpg
https://kr.puma.com/lightweight-hooded-jacket-30.html,M,TOP,http://d8wtay8lm19fy.cloudfront.net/puma_product/420x/5/1/518413_01_01_KOR.jpg
https://kr.puma.com/ac-milan-bench-jacket-with-sponsor.html,M,TOP,http://d8wtay8lm19fy.cloudfront.net/puma_product/420x/7/5/754452_01_01_KOR.jpg
https://kr.puma.com/mcfc-bench-jacket-reversible.html,M,TOP,http://d8wtay8lm19fy.cloudfront.net/puma_product/420x/7/5/755814_20_01_KOR.jpg
https://kr.puma.com/rt-hybrid-jacket-fl.html,M,TOP,http://d8wtay8lm19fy.cloudfront.net/puma_product/420x/9/2/928665_01_01_KOR_01.jpg
https://kr.puma.com/rt-hybrid-jacket-fl-7.html,M,TOP,http://d8wtay8lm19fy.cloudfront.net/puma_product/420x/9/2/928665_02_01_KOR_01.jpg
https://kr.puma.com/puma-xtg-woven-jacket-14.html,M,TOP,http://d8wtay8lm19fy.cloudfront.net/puma_product/420x/5/9/595310_01_01_KOR.jpg
https://kr.puma.com/puma-xtg-woven-jacket-21.html,M,TOP,http://d8wtay8lm19fy.cloudfront.net/puma_product/420x/5/9/595310_39_01_KOR.jpg
https://kr.puma.com/sf-street-woven-jacket-7.html,M,TOP,http://d8wtay8lm19fy.cloudfront.net/puma_product/420x/5/9/595550_06_01_KOR.jpg
https://kr.puma.com/reactive-packable-jacket.html,M,TOP,http://d8wtay8lm19fy.cloudfront.net/puma_product/420x/5/1/518431_02_01_KOR.jpg
https://kr.puma.com/reactive-packable-jacket-7.html,M,TOP,http://d8wtay8lm19fy.cloudfront.net/puma_product/420x/5/1/518431_03_01_KOR.jpg
https://kr.puma.com/rt-warm-knit-jkt.html,M,TOP,http://d8wtay8lm19fy.cloudfront.net/puma_product/420x/9/2/928661_01_01_KOR.jpg
https://kr.puma.com/rt-warm-knit-jkt-7.html,M,TOP,http://d8wtay8lm19fy.cloudfront.net/puma_product/420x/9/2/928661_02_01_KOR.jpg
https://kr.puma.com/ls-eagle-point-jacket.html,M,TOP,http://d8wtay8lm19fy.cloudfront.net/puma_product/420x/8/9/898329_01_01_KOR.jpg
https://kr.puma.com/ls-eagle-point-jacket-24.html,M,TOP,http://d8wtay8lm19fy.cloudfront.net/puma_product/420x/8/9/898329_04_01_KOR.jpg
https://kr.puma.com/iconic-t7-track-jkt-pt.html,M,TOP,http://d8wtay8lm19fy.cloudfront.net/puma_product/420x/5/9/595286_01_01_KOR.jpg
https://kr.puma.com/iconic-t7-track-jkt-pt-11.html,M,TOP,http://d8wtay8lm19fy.cloudfront.net/puma_product/420x/5/9/595286_06_01_KOR.jpg
https://kr.puma.com/iconic-t7-track-jkt-pt-22.html,M,TOP,http://d8wtay8lm19fy.cloudfront.net/puma_product/420x/5/9/595286_11_01_KOR.jpg
https://kr.puma.com/rt-warm-woven-jkt.html,M,TOP,http://d8wtay8lm19fy.cloudfront.net/puma_product/420x/9/2/928657_01_01_KOR.jpg
https://kr.puma.com/rt-warm-woven-jkt-7.html,M,TOP,http://d8wtay8lm19fy.cloudfront.net/puma_product/420x/9/2/928657_02_01_KOR.jpg
https://kr.puma.com/bvb-rain-jacket-with-sponsor-logo-1.html,M,TOP,http://d8wtay8lm19fy.cloudfront.net/puma_product/420x/7/5/753377_12_01_KOR.jpg
https://kr.puma.com/ftblnxt-pro-jacket-8.html,M,TOP,http://d8wtay8lm19fy.cloudfront.net/puma_product/420x/6/5/656445_01_01_KOR.jpg
https://kr.puma.com/mcfc-rain-jacket-w-zip-pockets.html,M,TOP,http://d8wtay8lm19fy.cloudfront.net/puma_product/420x/7/5/755812_17_01_KOR.jpg
https://kr.puma.com/alteration-jacket.html,M,TOP,http://d8wtay8lm19fy.cloudfront.net/puma_product/420x/5/7/579885_01_01_KOR.jpg
https://kr.puma.com/fd-windbreaker-55.html,M,TOP,http://d8wtay8lm19fy.cloudfront.net/puma_product/420x/9/2/928108_02_01_KOR.jpg
https://kr.puma.com/fd-windbreaker-49.html,M,TOP,http://d8wtay8lm19fy.cloudfront.net/puma_product/420x/9/2/928108_01_01_KOR.jpg
https://kr.puma.com/rt-woven-jkt-22.html,M,TOP,http://d8wtay8lm19fy.cloudfront.net/puma_product/420x/9/2/928100_02_01_KOR.jpg
https://kr.puma.com/rt-woven-jkt-16.html,M,TOP,http://d8wtay8lm19fy.cloudfront.net/puma_product/420x/9/2/928100_01_01_KOR.jpg
https://kr.puma.com/rt-ss-knit-jkt-6.html,M,TOP,http://d8wtay8lm19fy.cloudfront.net/puma_product/420x/9/2/928096_02_01_KOR.jpg
https://kr.puma.com/rt-ss-knit-jkt.html,M,TOP,http://d8wtay8lm19fy.cloudfront.net/puma_product/420x/9/2/928096_01_01_KOR.jpg
https://kr.puma.com/rt-ss-tricot-jkt.html,M,TOP,http://d8wtay8lm19fy.cloudfront.net/puma_product/420x/9/2/928104_01_01_KOR.jpg
https://kr.puma.com/iconic-t7-track-jacket-woven-2.html,M,TOP,http://d8wtay8lm19fy.cloudfront.net/puma_product/420x/5/7/579006_85_01_KOR.jpg
https://kr.puma.com/iconic-t7-track-jacket-woven-1.html,M,TOP,http://d8wtay8lm19fy.cloudfront.net/puma_product/420x/5/7/579006_01_01_KOR.jpg
https://kr.puma.com/sf-street-woven-jacket.html,M,TOP,http://d8wtay8lm19fy.cloudfront.net/puma_product/420x/5/7/577816_02_01_KOR.jpg
https://kr.puma.com/iconic-t7-track-jacket-pt-21.html,M,TOP,http://d8wtay8lm19fy.cloudfront.net/puma_product/420x/5/7/579019_24_01_KOR.jpg
https://kr.puma.com/iconic-t7-track-jacket-pt-14.html,M,TOP,http://d8wtay8lm19fy.cloudfront.net/puma_product/420x/5/7/579019_11_01_KOR.jpg
https://kr.puma.com/iconic-t7-track-jacket-pt.html,M,TOP,http://d8wtay8lm19fy.cloudfront.net/puma_product/420x/5/7/579019_01_01_KOR.jpg
https://kr.puma.com/tfs-og-track-jacket.html,M,TOP,http://d8wtay8lm19fy.cloudfront.net/puma_product/420x/5/9/596473_89_01_KOR.jpg
https://kr.puma.com/puma-x-hh-windbreaker.html,M,TOP,http://d8wtay8lm19fy.cloudfront.net/puma_product/420x/5/9/597142_02_01_KOR.jpg
https://kr.puma.com/puma-x-hh-windbreaker-7.html,M,TOP,http://d8wtay8lm19fy.cloudfront.net/puma_product/420x/5/9/597143_01_01_KOR.jpg
https://kr.puma.com/puma-x-hh-tfs-track-top.html,M,TOP,http://d8wtay8lm19fy.cloudfront.net/puma_product/420x/5/9/597144_15_01_KOR.jpg
https://kr.puma.com/puma-x-hh-tfs-track-top-7.html,M,TOP,http://d8wtay8lm19fy.cloudfront.net/puma_product/420x/5/9/597144_89_01_KOR.jpg
