,href,price,img,prod_id
0,https://www.nike.com//kr/ko_kr/t/women/ap/nike-sportswear/CU6489-010/zwil86/as-w-nsw-icn-clsh-pant-flc,"69,000 원",https://static-breeze.nike.co.kr/kr/ko_kr/cmsstatic/product/CU6489-010/2a1c6635-47df-4958-82f6-7c083632bed6_primary.jpg?browse,CU6489-010
1,https://www.nike.com//kr/ko_kr/t/women/ap/nike-sportswear/CZ4572-094/eyhi75/as-w-nsw-pant-ft-m2z,"85,000 원",https://static-breeze.nike.co.kr/kr/ko_kr/cmsstatic/product/CZ4572-094/66d30d73-0f3f-493a-8bf2-c26ceccac889_primary.jpg?browse,CZ4572-094
2,https://www.nike.com//kr/ko_kr/t/women/ap/running/CJ2366-854/kmrp58/as-w-nk-aeroswift-short,"75,000 원",https://static-breeze.nike.co.kr/kr/ko_kr/cmsstatic/product/CJ2366-854/58af181a-6ef7-4a68-a0fd-ec75b73d8090_primary.jpg?browse,CJ2366-854
3,https://www.nike.com//kr/ko_kr/t/women/ap/nike-sportswear/CU6926-010/mlrl43/as-w-nsw-icn-clsh-pant-wvn,"139,000 원",https://static-breeze.nike.co.kr/kr/ko_kr/cmsstatic/product/CU6926-010/591ab43a-775b-4b9f-85e5-d5163be96aca_primary.jpg?browse,CU6926-010
4,https://www.nike.com//kr/ko_kr/t/women/ap/women-training/DA1460-032/xang44/as-w-nk-thrm-flc-hpnlt-taper-p,"85,000 원",https://static-breeze.nike.co.kr/kr/ko_kr/cmsstatic/product/DA1460-032/b7597673-1484-446f-9e00-48e3079aea6c_primary.jpg?browse,DA1460-032
5,https://www.nike.com//kr/ko_kr/t/women/ap/nike-sportswear/DC0655-104/fqpc21/as-w-nsw-icn-clsh-pant-flc-bb,"89,000 원",https://static-breeze.nike.co.kr/kr/ko_kr/cmsstatic/product/DC0655-104/30b2ae56-4ca5-4e5e-a42b-69756321eb66_primary.jpg?browse,DC0655-104
6,https://www.nike.com//kr/ko_kr/t/women/ap/nike-sportswear/CU5511-010/nqos41/as-w-nsw-air-pant-78-bb-flc,"85,000 원",https://static-breeze.nike.co.kr/kr/ko_kr/cmsstatic/product/CU5511-010/f49d07d7-5fae-46f9-86a8-8f764f458893_primary.jpg?browse,CU5511-010
7,https://www.nike.com//kr/ko_kr/t/women/ap/nike-sportswear/CZ4572-063/awqk92/as-w-nsw-pant-ft-m2z,"85,000 원",https://static-breeze.nike.co.kr/kr/ko_kr/cmsstatic/product/CZ4572-063/907185e8-af8a-4aaa-ac27-263e6289a47e_primary.jpg?browse,CZ4572-063
8,https://www.nike.com//kr/ko_kr/t/women/ap/nike-sportswear/CU6926-104/erpv46/as-w-nsw-icn-clsh-pant-wvn,"139,000 원",https://static-breeze.nike.co.kr/kr/ko_kr/cmsstatic/product/CU6926-104/ebfd5974-a8d1-416a-b2ce-6b382a5f2fd0_primary.jpg?browse,CU6926-104
9,https://www.nike.com//kr/ko_kr/t/women/ap/nike-sportswear/DC0655-010/zdnl57/as-w-nsw-icn-clsh-pant-flc-bb,"89,000 원",https://static-breeze.nike.co.kr/kr/ko_kr/cmsstatic/product/DC0655-010/836fef8c-f4b8-4b70-949a-22df5c147ddf_primary.jpg?browse,DC0655-010
10,https://www.nike.com//kr/ko_kr/t/women/ap/basketball/CK6600-058/kqek10/as-w-nk-df-fly-crossover-short,"65,000 원",https://static-breeze.nike.co.kr/kr/ko_kr/cmsstatic/product/CK6600-058/df576d64-94aa-4bdb-9133-88dfc5b63318_primary.jpg?browse,CK6600-058
11,https://www.nike.com//kr/ko_kr/t/women/ap/nike-sportswear/CU6406-063/wqzb44/as-w-nsw-short-ft-m2z,"65,000 원",https://static-breeze.nike.co.kr/kr/ko_kr/cmsstatic/product/CU6406-063/e3af9350-a845-42be-9b1d-bd9347282dff_primary.jpg?browse,CU6406-063
12,https://www.nike.com//kr/ko_kr/t/women/ap/nike-sportswear/CU6396-072/xtxy98/as-w-nsw-pant-wvn-archive-rmx,"99,000 원",https://static-breeze.nike.co.kr/kr/ko_kr/cmsstatic/product/CU6396-072/06ae321d-e53d-4e2f-8fe7-5ae9707da6bc_primary.jpg?browse,CU6396-072
13,https://www.nike.com//kr/ko_kr/t/women/ap/basketball/CU3483-058/hirw83/as-w-nk-standard-issue-pant,"85,000 원",https://static-breeze.nike.co.kr/kr/ko_kr/cmsstatic/product/CU3483-058/12690ed3-2fa7-48ca-99cc-2ac2cfae6228_primary.jpg?browse,CU3483-058
14,https://www.nike.com//kr/ko_kr/t/women/ap/running/CU3350-010/mgnq35/as-w-nk-air-pant,"95,000 원",https://static-breeze.nike.co.kr/kr/ko_kr/cmsstatic/product/CU3350-010/8ad2d16c-8ad8-4ed3-b34d-aeb3f92e8413_primary.jpg?browse,CU3350-010
15,https://www.nike.com//kr/ko_kr/t/women/ap/golf/BV0175-451/reyo80/as-w-nk-flx-uv-pant,"139,000 원",https://static-breeze.nike.co.kr/kr/ko_kr/cmsstatic/product/BV0175-451/fd44b624-e7de-4d88-9400-c6a36687c05b_primary.jpg?browse,BV0175-451
16,https://www.nike.com//kr/ko_kr/t/women/ap/basketball/CU6357-010/xemb54/as-w-j-utility-pant,"139,000 원",https://static-breeze.nike.co.kr/kr/ko_kr/cmsstatic/product/CU6357-010/69033873-3aa7-436e-9e7e-3b754e6dde38_primary.jpg?browse,CU6357-010
17,https://www.nike.com//kr/ko_kr/t/women/ap/women-training/CU5818-516/otyy92/as-w-np-cln-nvlty-3-short,"65,000 원",https://static-breeze.nike.co.kr/kr/ko_kr/cmsstatic/product/CU5818-516/b000ef1c-b0a5-45f9-91ee-a6b41e4cbd5f_primary.jpg?browse,CU5818-516
18,https://www.nike.com//kr/ko_kr/t/women/ap/nike-sportswear/CZ1386-010/dket16/as-w-nsw-tech-flc-eng-aoj-pant,"139,000 원",https://static-breeze.nike.co.kr/kr/ko_kr/cmsstatic/product/CZ1386-010/65542ba2-1963-4409-87a1-3fddaa39d673_primary.jpg?browse,CZ1386-010
19,https://www.nike.com//kr/ko_kr/t/women/ap/nike-sportswear/CU5980-010/fpxy40/as-w-nsw-icn-clsh-pant-wvn,"99,000 원",https://static-breeze.nike.co.kr/kr/ko_kr/cmsstatic/product/CU5980-010/5c80b4cc-e29e-4bef-9c16-43130df2a5d4_primary.jpg?browse,CU5980-010
20,https://www.nike.com//kr/ko_kr/t/women/ap/nike-sportswear/CU5632-010/mjub66/as-w-nsw-swsh-pant-flc-bb,"75,000 원",https://static-breeze.nike.co.kr/kr/ko_kr/cmsstatic/product/CU5632-010/442dbaa4-329a-4b39-a17b-8c5853bf2bbe_primary.jpg?browse,CU5632-010
21,https://www.nike.com//kr/ko_kr/t/women/ap/nike-sportswear/CU6406-094/muik35/as-w-nsw-short-ft-m2z,"65,000 원",https://static-breeze.nike.co.kr/kr/ko_kr/cmsstatic/product/CU6406-094/1ce8a34d-e6ed-4597-a1ea-414e5f8008a8_primary.jpg?browse,CU6406-094
22,https://www.nike.com//kr/ko_kr/t/women/ap/nike-sportswear/CJ2662-010/pnpy44/as-w-nsw-legasee-bike-short,"55,000 원",https://static-breeze.nike.co.kr/kr/ko_kr/cmsstatic/product/CJ2662-010/5e2c5852-d57e-4ac3-b28f-c8c56480054c_primary.jpg?browse,CJ2662-010
23,https://www.nike.com//kr/ko_kr/t/women/ap/nike-sportswear/CU0271-455/ygmh71/as-w-nrg-acg-shorts-aop,"65,000 원",https://static-breeze.nike.co.kr/kr/ko_kr/cmsstatic/product/CU0271-455/603fa483-3433-443a-9d55-2f5dd0a9e73d_primary.jpg?browse,CU0271-455
24,https://www.nike.com//kr/ko_kr/t/women/ap/nike-sportswear/CJ3777-238/obqy32/as-w-nsw-swsh-pant-wvn,"95,000 원",https://static-breeze.nike.co.kr/kr/ko_kr/cmsstatic/product/CJ3777-238/ac7ff8ae-21ec-48c0-838f-cccf9d517b17_primary.jpg?browse,CJ3777-238
25,https://www.nike.com//kr/ko_kr/t/women/ap/nike-sportswear/CU5786-010/iyob65/as-w-nsw-tech-pack-bike-shrt-u,"85,000 원",https://static-breeze.nike.co.kr/kr/ko_kr/cmsstatic/product/CU5786-010/17558390-67c4-4b23-a5d0-ed475e157b03_primary.jpg?browse,CU5786-010
26,https://www.nike.com//kr/ko_kr/t/women/ap/running/CJ2368-635/zmfx60/as-w-nk-aeroswift-tight-short,"75,000 원",https://static-breeze.nike.co.kr/kr/ko_kr/cmsstatic/product/CJ2368-635/2a72d793-ed89-4477-a8d5-1411a9dc95fd_primary.jpg?browse,CJ2368-635
27,https://www.nike.com//kr/ko_kr/t/women/ap/nike-sportswear/CU6019-010/cixd28/as-w-nsw-tech-pack-pant-wvn,"119,000 원",https://static-breeze.nike.co.kr/kr/ko_kr/cmsstatic/product/CU6019-010/1b8d2c89-e9ea-41bd-84a2-3dad7f333152_primary.jpg?browse,CU6019-010
28,https://www.nike.com//kr/ko_kr/t/women/ap/nike-sportswear/CD6801-010/ojyi73/as-w-nike-acg-pant-wvn,"119,000 원",https://static-breeze.nike.co.kr/kr/ko_kr/cmsstatic/product/CD6801-010/eee27cc3-b4ce-40d0-80c7-d8b1495c1cfb_primary.jpg?browse,CD6801-010
29,https://www.nike.com//kr/ko_kr/t/women/ap/nike-sportswear/CU5632-101/ppst58/as-w-nsw-swsh-pant-flc-bb,"75,000 원",https://static-breeze.nike.co.kr/kr/ko_kr/cmsstatic/product/CU5632-101/4f214d48-db97-41a4-8320-aca763c50bc2_primary.jpg?browse,CU5632-101
30,https://www.nike.com//kr/ko_kr/t/women/ap/nike-sportswear/CW4295-673/wniq62/as-w-nsw-tch-flc-oh-pant,"109,000 원",https://static-breeze.nike.co.kr/kr/ko_kr/cmsstatic/product/CW4295-673/28cd97bc-6659-4475-a4b8-edaa7aa5a66b_primary.jpg?browse,CW4295-673
31,https://www.nike.com//kr/ko_kr/t/women/ap/nike-sportswear/CW4295-010/bupa50/as-w-nsw-tch-flc-oh-pant,"109,000 원",https://static-breeze.nike.co.kr/kr/ko_kr/cmsstatic/product/CW4295-010/cf895929-328e-4032-af17-420561b76d57_primary.jpg?browse,CW4295-010
32,https://www.nike.com//kr/ko_kr/t/women/ap/nike-sportswear/CW4295-063/oifo21/as-w-nsw-tch-flc-oh-pant,"109,000 원",https://static-breeze.nike.co.kr/kr/ko_kr/cmsstatic/product/CW4295-063/ce7e344b-335b-4513-a489-13fc7d6f4ffe_primary.jpg?browse,CW4295-063
33,https://www.nike.com//kr/ko_kr/t/women/ap/nike-sportswear/CW4293-010/csot90/as-w-nsw-tch-flc-pant,"109,000 원",https://static-breeze.nike.co.kr/kr/ko_kr/cmsstatic/product/CW4293-010/96fb0d92-536a-4727-a622-8a0d397267d3_primary.jpg?browse,CW4293-010
34,https://www.nike.com//kr/ko_kr/t/women/ap/women-training/CU5407-010/fpce61/as-yoga-core-clltn-78-flare-p,"79,000 원",https://static-breeze.nike.co.kr/kr/ko_kr/cmsstatic/product/CU5407-010/1162ae08-edf4-4ce5-8241-237b9f01f504_primary.jpg?browse,CU5407-010
35,https://www.nike.com//kr/ko_kr/t/women/ap/women-training/CU8897-010/svtf86/as-nike-one-7-short,"49,000 원",https://static-breeze.nike.co.kr/kr/ko_kr/cmsstatic/product/CU8897-010/9ca8a413-0e0a-44e6-ac63-03ddd0a76762_primary.jpg?browse,CU8897-010
36,https://www.nike.com//kr/ko_kr/t/women/ap/nike-sportswear/CD6801-455/kcrw93/as-w-nike-acg-pant-wvn,"119,000 원",https://static-breeze.nike.co.kr/kr/ko_kr/cmsstatic/product/CD6801-455/3f1fe83c-d4a9-4305-aefb-125159fffee5_primary.jpg?browse,CD6801-455
37,https://www.nike.com//kr/ko_kr/t/women/ap/nike-sportswear/CW4293-063/ujfg26/as-w-nsw-tch-flc-pant,"109,000 원",https://static-breeze.nike.co.kr/kr/ko_kr/cmsstatic/product/CW4293-063/640e7f5f-1777-4110-b4da-78de9d5a9faf_primary.jpg?browse,CW4293-063
38,https://www.nike.com//kr/ko_kr/t/women/ap/nike-sportswear/CW4293-673/yoxi19/as-w-nsw-tch-flc-pant,"109,000 원",https://static-breeze.nike.co.kr/kr/ko_kr/cmsstatic/product/CW4293-673/5f70816a-3ed7-473a-b2eb-c25fdae5509c_primary.jpg?browse,CW4293-673
39,https://www.nike.com//kr/ko_kr/t/women/ap/nike-sportswear/CU6396-010/pxnn60/as-w-nsw-pant-wvn-archive-rmx,"99,000 원",https://static-breeze.nike.co.kr/kr/ko_kr/cmsstatic/product/CU6396-010/b6b14ec2-4683-4a3e-81ff-7c862a357b4e_primary.jpg?browse,CU6396-010
40,https://www.nike.com//kr/ko_kr/t/women/ap/nike-sportswear/CU5766-072/mfut41/as-w-nsw-nsw-flc-pant,"95,000 원",https://static-breeze.nike.co.kr/kr/ko_kr/cmsstatic/product/CU5766-072/47084ce8-37aa-4605-b31b-a42ceda9528a_primary.jpg?browse,CU5766-072
41,https://www.nike.com//kr/ko_kr/t/women/ap/nike-sportswear/CU5511-011/kgxx63/as-w-nsw-air-pant-78-bb-flc,"85,000 원",https://static-breeze.nike.co.kr/kr/ko_kr/cmsstatic/product/CU5511-011/5fae4456-a629-4b86-a718-68858b66e9ed_primary.jpg?browse,CU5511-011
42,https://www.nike.com//kr/ko_kr/t/women/ap/nike-sportswear/CK5000-078/vciw70/w-nrg-ispa-tempo-short,"85,000 원",https://static-breeze.nike.co.kr/kr/ko_kr/cmsstatic/product/CK5000-078/be90d5d6-f33d-489c-8618-965e4a764026_primary.jpg?browse,CK5000-078
43,https://www.nike.com//kr/ko_kr/t/women/ap/running/CU3284-010/hufo64/as-w-nk-swoosh-run-short,"39,000 원",https://static-breeze.nike.co.kr/kr/ko_kr/cmsstatic/product/CU3284-010/7cdf6abd-3154-4fc9-9ae8-4dcbee8f660e_primary.jpg?browse,CU3284-010
44,https://www.nike.com//kr/ko_kr/t/women/ap/nike-sportswear/DA0329-081/ggqz92/as-w-nrg-flash-track-pant,"159,000 원",https://static-breeze.nike.co.kr/kr/ko_kr/cmsstatic/product/DA0329-081/14196a14-607f-4766-89ad-831d12328d60_primary.jpg?browse,DA0329-081
45,https://www.nike.com//kr/ko_kr/t/women/ap/nike-sportswear/DA0329-895/bhzc79/as-w-nrg-flash-track-pant,"159,000 원",https://static-breeze.nike.co.kr/kr/ko_kr/cmsstatic/product/DA0329-895/f7f15502-ed8f-4463-9e75-d39e17cb544c_primary.jpg?browse,DA0329-895
46,https://www.nike.com//kr/ko_kr/t/women/ap/nike-sportswear/DA0329-010/pszu16/as-w-nrg-flash-track-pant,"159,000 원",https://static-breeze.nike.co.kr/kr/ko_kr/cmsstatic/product/DA0329-010/845a3b79-11bf-4f08-869d-f0c3623ea5ad_primary.jpg?browse,DA0329-010
47,https://www.nike.com//kr/ko_kr/t/women/ap/running/CZ1116-010/ypdb33/as-w-nk-swift-pant-2,"129,000 원",https://static-breeze.nike.co.kr/kr/ko_kr/cmsstatic/product/CZ1116-010/36e49b1c-15f1-421d-b8e9-7fa043a9939f_primary.jpg?browse,CZ1116-010
48,https://www.nike.com//kr/ko_kr/t/women/ap/nike-sportswear/CU5357-010/uval19/as-w-nsw-pant-rib-femme,"79,000 원",https://static-breeze.nike.co.kr/kr/ko_kr/cmsstatic/product/CU5357-010/d51b9a4a-a4ee-4a04-95dc-17883fcadb17_primary.jpg?browse,CU5357-010
49,https://www.nike.com//kr/ko_kr/t/men/ap/basketball/BV9386-010/jeyq70/as-m-nk-dry-hbr-short-20,"45,000 원",https://static-breeze.nike.co.kr/kr/ko_kr/cmsstatic/product/BV9386-010/9b882f7f-63a7-41ba-820e-e86178990bdf_primary.jpg?browse,BV9386-010
50,https://www.nike.com//kr/ko_kr/t/women/ap/running/CU6264-436/wksf56/as-w-nk-fast-short-trail,"59,000 원",https://static-breeze.nike.co.kr/kr/ko_kr/cmsstatic/product/CU6264-436/af198ea6-2079-4c5b-ac2b-717e8fa97ac9_primary.jpg?browse,CU6264-436
51,https://www.nike.com//kr/ko_kr/t/women/ap/golf/CK5812-010/sybi66/as-w-nk-flx-uv-jggr-pant,"149,000 원",https://static-breeze.nike.co.kr/kr/ko_kr/cmsstatic/product/CK5812-010/5035edfb-23a4-40f8-b097-d5cd18928b81_primary.jpg?browse,CK5812-010
52,https://www.nike.com//kr/ko_kr/t/women/ap/running/CZ2838-010/xzjj61/as-w-nk-run-dvn-short-3in1,"89,000 원",https://static-breeze.nike.co.kr/kr/ko_kr/cmsstatic/product/CZ2838-010/29d0a11e-fcb7-4d1c-bb58-0edf56b1da40_primary.jpg?browse,CZ2838-010
53,https://www.nike.com//kr/ko_kr/t/women/ap/nike-sportswear/CU5766-010/anpe58/as-w-nsw-nsw-flc-pant,"95,000 원",https://static-breeze.nike.co.kr/kr/ko_kr/cmsstatic/product/CU5766-010/1441aba7-9117-4c17-be4b-bdefad250b4c_primary.jpg?browse,CU5766-010
54,https://www.nike.com//kr/ko_kr/t/women/ap/nike-sportswear/CZ1454-010/lynw50/as-w-nsw-pant-pk-femme,"75,000 원",https://static-breeze.nike.co.kr/kr/ko_kr/cmsstatic/product/CZ1454-010/41ccac09-c873-4871-8bdd-a99f36ba30ce_primary.jpg?browse,CZ1454-010
55,https://www.nike.com//kr/ko_kr/t/women/ap/women-training/CU9993-010/mffq59/as-yoga-stmt-cln-short-7,"59,000 원",https://static-breeze.nike.co.kr/kr/ko_kr/cmsstatic/product/CU9993-010/47a19a0d-81a9-4565-b667-a1810a6b0f10_primary.jpg?browse,CU9993-010
56,https://www.nike.com//kr/ko_kr/t/women/ap/golf/CK5812-222/tkqo84/as-w-nk-flx-uv-jggr-pant,"149,000 원",https://static-breeze.nike.co.kr/kr/ko_kr/cmsstatic/product/CK5812-222/dc1c596c-5338-44af-9783-211f10b5b60d_primary.jpg?browse,CK5812-222
57,https://www.nike.com//kr/ko_kr/t/women/ap/running/CU3064-702/cwny19/as-w-nk-air-pant,"95,000 원",https://static-breeze.nike.co.kr/kr/ko_kr/cmsstatic/product/CU3064-702/12dbe802-5835-4d88-a7e2-28adf59e019c_primary.jpg?browse,CU3064-702
58,https://www.nike.com//kr/ko_kr/t/women/ap/golf/CK5857-010/cqdk73/as-w-nk-rpl-vctry-jn-slim-pnt,"149,000 원",https://static-breeze.nike.co.kr/kr/ko_kr/cmsstatic/product/CK5857-010/091a53fb-98e1-4363-8e8a-4b710072c049_primary.jpg?browse,CK5857-010
59,https://www.nike.com//kr/ko_kr/t/women/ap/nike-sportswear/CJ4107-287/ywec19/as-w-nsw-wash-short-ft,"59,000 원",https://static-breeze.nike.co.kr/kr/ko_kr/cmsstatic/product/CJ4107-287/c02bee11-1804-4ee5-81d9-f7a10f7d33f7_primary.jpg?browse,CJ4107-287
60,https://www.nike.com//kr/ko_kr/t/women/ap/running/BV2946-010/tdqo79/as-w-nk-tempo-lx-short-3in,"49,000 원",https://static-breeze.nike.co.kr/kr/ko_kr/cmsstatic/product/BV2946-010/9aad1e6c-e918-40bb-859a-8c94adcea732_primary.jpg?browse,BV2946-010
61,https://www.nike.com//kr/ko_kr/t/women/ap/running/AQ5417-010/iwta22/as-w-nk-eclipse-short-3in,"59,000 원",https://static-breeze.nike.co.kr/kr/ko_kr/cmsstatic/product/AQ5417-010/7f2978ba-8396-40a5-8f29-b104c108abc2_primary.jpg?browse,AQ5417-010
62,https://www.nike.com//kr/ko_kr/t/women/ap/running/BV2956-010/nnup53/as-w-nk-tempo-lx-2in1-short,"59,000 원",https://static-breeze.nike.co.kr/kr/ko_kr/cmsstatic/product/BV2956-010/7f077841-f14f-4f35-ba73-7cd4590c29ff_primary.jpg?browse,BV2956-010
63,https://www.nike.com//kr/ko_kr/t/women/ap/women-training/CU4612-010/wjiw18/as-w-nk-bliss-luxe-mr-pant,"99,000 원",https://static-breeze.nike.co.kr/kr/ko_kr/cmsstatic/product/CU4612-010/d9f071f6-c525-4a2a-aff4-ca9550517a18_primary.jpg?browse,CU4612-010
64,https://www.nike.com//kr/ko_kr/t/women/ap/nike-sportswear/CU5634-010/ibns90/as-w-nsw-swsh-pant-pk,"79,000 원",https://static-breeze.nike.co.kr/kr/ko_kr/cmsstatic/product/CU5634-010/b66c1367-5111-4d8c-b627-abdcda5bb95e_primary.jpg?browse,CU5634-010
65,https://www.nike.com//kr/ko_kr/t/women/ap/golf/BV0179-100/wlsy49/as-w-nk-flx-uv-3qt-pant,"129,000 원",https://static-breeze.nike.co.kr/kr/ko_kr/cmsstatic/product/BV0179-100/4297f915-b3f5-4569-a5a3-684fda1f161c_primary.jpg?browse,BV0179-100
66,https://www.nike.com//kr/ko_kr/t/women/ap/golf/BV0175-010/mtgz13/as-w-nk-flx-uv-pant,"139,000 원",https://static-breeze.nike.co.kr/kr/ko_kr/cmsstatic/product/BV0175-010/c0b9e3fd-bc68-4c83-ac3a-f6edffea2a68_primary.jpg?browse,BV0175-010
67,https://www.nike.com//kr/ko_kr/t/women/ap/running/CZ1620-342/rwxe85/as-w-nk-icnclsh-tempo-lx-short,"59,000 원",https://static-breeze.nike.co.kr/kr/ko_kr/cmsstatic/product/CZ1620-342/f9f7c6c7-8275-4a65-9709-deafb65b14bf_primary.jpg?browse,CZ1620-342
68,https://www.nike.com//kr/ko_kr/t/women/ap/running/CU8893-701/rouz85/as-w-nk-tempo-short,"39,000 원",https://static-breeze.nike.co.kr/kr/ko_kr/cmsstatic/product/CU8893-701/800a02d0-1013-452f-852d-9444ae1a6db8_primary.jpg?browse,CU8893-701
69,https://www.nike.com//kr/ko_kr/t/women/ap/golf/CK5812-104/xgxk65/as-w-nk-flx-uv-jggr-pant,"149,000 원",https://static-breeze.nike.co.kr/kr/ko_kr/cmsstatic/product/CK5812-104/0babe8d4-0d88-44e5-9bbd-cd2726952c1d_primary.jpg?browse,CK5812-104
70,https://www.nike.com//kr/ko_kr/t/women/ap/running/CU3064-010/zsig17/as-w-nk-air-pant,"95,000 원",https://static-breeze.nike.co.kr/kr/ko_kr/cmsstatic/product/CU3064-010/13ebe9f3-f05f-4ec3-9025-ec3863d64417_primary.jpg?browse,CU3064-010
71,https://www.nike.com//kr/ko_kr/t/women/ap/women-training/CU5062-635/vucp77/as-w-np-icnclsh-prt-3-short,"55,000 원",https://static-breeze.nike.co.kr/kr/ko_kr/cmsstatic/product/CU5062-635/533599ef-3100-4e24-8d75-28e970fafb86_primary.jpg?browse,CU5062-635
72,https://www.nike.com//kr/ko_kr/t/women/ap/women-training/CJ2165-011/vxxz72/as-w-nk-flx-2in1-short-wvn-ess,"55,000 원",https://static-breeze.nike.co.kr/kr/ko_kr/cmsstatic/product/CJ2165-011/685dd8c2-9469-453d-9fb5-596f4b720044_primary.jpg?browse,CJ2165-011
73,https://www.nike.com//kr/ko_kr/t/women/ap/nike-sportswear/CT0881-453/psgx32/as-w-nsw-nsw-pant-wvn,"99,000 원",https://static-breeze.nike.co.kr/kr/ko_kr/cmsstatic/product/CT0881-453/3c4a15e2-d808-451c-ae79-96d854e7ea5a_primary.jpg?browse,CT0881-453
74,https://www.nike.com//kr/ko_kr/t/women/ap/women-training/CJ5092-601/icpi45/as-w-nk-smlss-icnclsh-8-scl,"69,000 원",https://static-breeze.nike.co.kr/kr/ko_kr/cmsstatic/product/CJ5092-601/a27be765-db8f-45ba-ae1d-33e6a7b812b0_primary.jpg?browse,CJ5092-601
75,https://www.nike.com//kr/ko_kr/t/women/ap/nike-sportswear/CJ3222-010/vyqf23/as-w-nsw-flg-pck-bike-shrt,"59,000 원",https://static-breeze.nike.co.kr/kr/ko_kr/cmsstatic/product/CJ3222-010/50726e89-86b2-4f7f-9d98-4df2131941fd_primary.jpg?browse,CJ3222-010
76,https://www.nike.com//kr/ko_kr/t/women/ap/golf/CK5857-222/zldy45/as-w-nk-rpl-vctry-jn-slim-pnt,"149,000 원",https://static-breeze.nike.co.kr/kr/ko_kr/cmsstatic/product/CK5857-222/113058eb-1b25-42b5-baef-e2eff8a5cd38_primary.jpg?browse,CK5857-222
77,https://www.nike.com//kr/ko_kr/t/women/ap/women-training/CJ5092-110/eiko35/as-w-nk-smlss-icnclsh-8-scl,"69,000 원",https://static-breeze.nike.co.kr/kr/ko_kr/cmsstatic/product/CJ5092-110/422c2bf7-2857-4a13-b892-a080e4c92e47_primary.jpg?browse,CJ5092-110
78,https://www.nike.com//kr/ko_kr/t/men/ap/basketball/CJ4702-623/zulg84/as-m-j-jumpman-9-poolside-sho,"65,000 원",https://static-breeze.nike.co.kr/kr/ko_kr/cmsstatic/product/CJ4702-623/a960839c-c5b7-480e-8347-d82632c9c2d6_primary.jpg?browse,CJ4702-623
79,https://www.nike.com//kr/ko_kr/t/men/ap/nike-sportswear/AR2376-102/nvyt73/as-m-nsw-he-short-ft-alumni,"69,000 원",https://static-breeze.nike.co.kr/kr/ko_kr/cmsstatic/product/AR2376-102/e41f118a-9dfc-4238-8a7c-09ad54d2e9ae_primary.jpg?browse,AR2376-102
80,https://www.nike.com//kr/ko_kr/t/women/ap/running/895864-010/sjea22/as-w-nk-10k-short,"39,000 원",https://static-breeze.nike.co.kr/kr/ko_kr/cmsstatic/product/895864-010/da47552a-ee37-45d6-930f-8202d1f0e33d_primary.jpg?browse,895864-010
81,https://www.nike.com//kr/ko_kr/t/women/ap/running/831559-011/cslp59/as-w-nk-tempo-short,"39,000 원",https://static-breeze.nike.co.kr/kr/ko_kr/cmsstatic/product/831559-011/b2e39268-9714-4263-9cb7-2b09d78f68d6_primary.jpg?browse,831559-011
82,https://www.nike.com//kr/ko_kr/t/women/ap/women-training/CJ5271-536/njcx84/as-w-np-pro-cln-short-3in,"55,000 원",https://static-breeze.nike.co.kr/kr/ko_kr/cmsstatic/product/CJ5271-536/bcfdb9fb-59b5-4ed4-b6fe-9fd405ff33d6_primary.jpg?browse,CJ5271-536
83,https://www.nike.com//kr/ko_kr/t/women/ap/running/CJ2366-010/inrv84/as-w-nk-aeroswift-short,"75,000 원",https://static-breeze.nike.co.kr/kr/ko_kr/cmsstatic/product/CJ2366-010/deee072b-9cb2-46b4-adbe-9a7664e88c59_primary.jpg?browse,CJ2366-010
84,https://www.nike.com//kr/ko_kr/t/women/ap/running/CJ2368-010/pulr58/as-w-nk-aeroswift-tight-short,"75,000 원",https://static-breeze.nike.co.kr/kr/ko_kr/cmsstatic/product/CJ2368-010/c181dec3-4534-4970-9d58-9fdb4aa2c12c_primary.jpg?browse,CJ2368-010
85,https://www.nike.com//kr/ko_kr/t/women/ap/nike-sportswear/CJ1825-287/hlyk38/as-w-nsw-gym-vntg-capri,"59,000 원",https://static-breeze.nike.co.kr/kr/ko_kr/cmsstatic/product/CJ1825-287/e9127eb3-b6eb-41c2-a9e1-c481fd954fb0_primary.jpg?browse,CJ1825-287
86,https://www.nike.com//kr/ko_kr/t/women/ap/golf/BV0172-449/lkci39/as-w-nk-flx-5-in-short,"99,000 원",https://static-breeze.nike.co.kr/kr/ko_kr/cmsstatic/product/BV0172-449/83ba5116-b4f3-449f-94d8-de90ec973181_primary.jpg?browse,BV0172-449
87,https://www.nike.com//kr/ko_kr/t/men/ap/action-outdoor/CI7354-100/neyz25/as-m-nk-sb-paradise-wtr-shrt,"65,000 원",https://static-breeze.nike.co.kr/kr/ko_kr/cmsstatic/product/CI7354-100/8c30d2ff-a8de-4881-99c2-10e9d6374f37_primary.jpg?browse,CI7354-100
88,https://www.nike.com//kr/ko_kr/t/women/ap/running/CJ2260-010/gitr37/as-w-nk-essntl-pant-runway,"89,000 원",https://static-breeze.nike.co.kr/kr/ko_kr/cmsstatic/product/CJ2260-010/3ac3fc00-756e-4c3b-a0b8-6643d7a38dc1_primary.jpg?browse,CJ2260-010
89,https://www.nike.com//kr/ko_kr/t/women/ap/running/831559-698/fjlr66/as-w-nk-tempo-short,"39,000 원",https://static-breeze.nike.co.kr/kr/ko_kr/cmsstatic/product/831559-698/b6f2fec5-743c-4ff9-9f0f-20e2d727b2ce_primary.jpg?browse,831559-698
90,https://www.nike.com//kr/ko_kr/t/women/ap/football-soccer/CV2698-010/swbn66/as-kor-w-nk-dry-acdpr-short-kz,"45,000 원",https://static-breeze.nike.co.kr/kr/ko_kr/cmsstatic/product/CV2698-010/8ac26472-dfd2-41be-b82a-3f409e94be06_primary.jpg?browse,CV2698-010
91,https://www.nike.com//kr/ko_kr/t/women/ap/football-soccer/CU3641-010/sqak17/as-kor-w-nk-short,"55,000 원",https://static-breeze.nike.co.kr/kr/ko_kr/cmsstatic/product/CU3641-010/faeb2cdd-f88a-4d35-b233-894cf715c4f9_primary.jpg?browse,CU3641-010
92,https://www.nike.com//kr/ko_kr/t/women/ap/nike-sportswear/CJ3007-100/ptik35/as-w-nsw-indio-pant-woven,"99,000 원",https://static-breeze.nike.co.kr/kr/ko_kr/cmsstatic/product/CJ3007-100/d6a3492e-506e-4063-8538-5d7450e089b0_primary.jpg?browse,CJ3007-100
93,https://www.nike.com//kr/ko_kr/t/women/ap/football-soccer/CV2683-100/mfzv23/kor-w-nsw-legasee-bike-short,"55,000 원",https://static-breeze.nike.co.kr/kr/ko_kr/cmsstatic/product/CV2683-100/6c7265b2-4ca8-42a6-a238-1a253e2b1171_primary.jpg?browse,CV2683-100
94,https://www.nike.com//kr/ko_kr/t/women/ap/running/CJ2430-010/goao67/as-w-nk-icnclsh-short,"65,000 원",https://static-breeze.nike.co.kr/kr/ko_kr/cmsstatic/product/CJ2430-010/b7312700-2fce-49c2-94ee-6672cfd04c8d_primary.jpg?browse,CJ2430-010
95,https://www.nike.com//kr/ko_kr/t/women/ap/running/CJ2255-010/vmai73/as-w-nk-short-runway,"59,000 원",https://static-breeze.nike.co.kr/kr/ko_kr/cmsstatic/product/CJ2255-010/80ec6713-4c30-422e-b4a2-5f6535adc032_primary.jpg?browse,CJ2255-010
96,https://www.nike.com//kr/ko_kr/t/women/ap/nike-sportswear/CJ2511-287/vutn43/as-w-nsw-retro-femme-short-tt,"65,000 원",https://static-breeze.nike.co.kr/kr/ko_kr/cmsstatic/product/CJ2511-287/efef33da-5cd4-4804-899c-cbd37cf1a6ce_primary.jpg?browse,CJ2511-287
97,https://www.nike.com//kr/ko_kr/t/women/ap/nike-sportswear/CJ2159-051/nvij22/as-w-nsw-essntl-short-ft,"55,000 원",https://static-breeze.nike.co.kr/kr/ko_kr/cmsstatic/product/CJ2159-051/bf4bdb5f-7749-4e6c-a317-87e7aa3f63a0_primary.jpg?browse,CJ2159-051
98,https://www.nike.com//kr/ko_kr/t/women/ap/nike-sportswear/CJ1689-569/sxdt59/as-w-nsw-short-wvn,"45,000 원",https://static-breeze.nike.co.kr/kr/ko_kr/cmsstatic/product/CJ1689-569/54700683-1377-428b-a534-7a62165b5613_primary.jpg?browse,CJ1689-569
99,https://www.nike.com//kr/ko_kr/t/women/ap/nike-sportswear/CJ3808-010/wtds86/as-w-nsw-swsh-short-wvn,"59,000 원",https://static-breeze.nike.co.kr/kr/ko_kr/cmsstatic/product/CJ3808-010/9b0100ac-0a9c-476f-a54a-043c8ab00520_primary.jpg?browse,CJ3808-010
100,https://www.nike.com//kr/ko_kr/t/men/ap/football-soccer/CD0713-100/aswh33/as-kor-m-nk-brt-stad-jsy-ss-aw,"95,000 원",https://static-breeze.nike.co.kr/kr/ko_kr/cmsstatic/product/195854702/CJ5485-499_CJ5485-499_primary-1.jpg?browse,195854702
101,https://www.nike.com//kr/ko_kr/t/women/ap/running/CK0180-814/slfq86/as-w-nk-short-swsh-run,"45,000 원",https://static-breeze.nike.co.kr/kr/ko_kr/cmsstatic/product/CK0180-814/21416731-87d0-48ce-baf9-ba91b68ebe90_primary.jpg?browse,CK0180-814
102,https://www.nike.com//kr/ko_kr/t/women/ap/nike-sportswear/CJ3135-010/lqwy75/as-w-nsw-air-short-pk,"55,000 원",https://static-breeze.nike.co.kr/kr/ko_kr/cmsstatic/product/CJ3135-010/2ee52f6f-ac70-45f9-bc1d-e8ae7aa339b3_primary.jpg?browse,CJ3135-010
103,https://www.nike.com//kr/ko_kr/t/women/ap/football-soccer/CU6090-010/votu42/as-w-nk-dry-acdpr-short-kp,"39,000 원",https://static-breeze.nike.co.kr/kr/ko_kr/cmsstatic/product/CU6090-010/bbba0d1d-3236-488a-bc7a-ae36421453ee_primary.jpg?browse,CU6090-010
104,https://www.nike.com//kr/ko_kr/t/women/ap/running/BV2954-010/qwsv50/as-w-nk-tempo-lx-short-5in,"49,000 원",https://static-breeze.nike.co.kr/kr/ko_kr/cmsstatic/product/BV2954-010/f62e6537-ed41-4d2e-9cde-87ce7c78eeb8_primary.jpg?browse,BV2954-010
105,https://www.nike.com//kr/ko_kr/t/women/ap/nike-sportswear/CJ2159-010/mmsg45/as-w-nsw-essntl-short-ft,"55,000 원",https://static-breeze.nike.co.kr/kr/ko_kr/cmsstatic/product/CJ2159-010/51fb04bc-dd0d-4cc4-a088-97356b25d341_primary.jpg?browse,CJ2159-010
106,https://www.nike.com//kr/ko_kr/t/women/ap/golf/BV0175-100/mbbf77/as-w-nk-flx-uv-pant,"139,000 원",https://static-breeze.nike.co.kr/kr/ko_kr/cmsstatic/product/BV0175-100/bd569982-c665-47b7-af47-a7afafb778a2_primary.jpg?browse,BV0175-100
107,https://www.nike.com//kr/ko_kr/t/women/ap/golf/BV0179-010/ksik56/as-w-nk-flx-uv-3qt-pant,"129,000 원",https://static-breeze.nike.co.kr/kr/ko_kr/cmsstatic/product/BV0179-010/f44bcaf3-a541-4815-9f00-9edd0a000fe5_primary.jpg?browse,BV0179-010
108,https://www.nike.com//kr/ko_kr/t/women/ap/golf/CI9834-451/zeoa90/as-w-nk-flx-ace-short-7,"99,000 원",https://static-breeze.nike.co.kr/kr/ko_kr/cmsstatic/product/CI9834-451/14534428-6d65-4732-8011-c8226cd2115f_primary.jpg?browse,CI9834-451
109,https://www.nike.com//kr/ko_kr/t/women/ap/golf/CI9834-043/iqns98/as-w-nk-flx-ace-short-7,"99,000 원",https://static-breeze.nike.co.kr/kr/ko_kr/cmsstatic/product/CI9834-043/ab5b51b8-a3be-42a0-ae8c-b9bb98ecef73_primary.jpg?browse,CI9834-043
110,https://www.nike.com//kr/ko_kr/t/men/ap/action-outdoor/BV0901-723/pqda48/as-m-nk-sb-dry-pull-on-chino,"75,000 원",https://static-breeze.nike.co.kr/kr/ko_kr/cmsstatic/product/BV0901-723/e2abbc58-420b-45b3-ac3f-a48275862328_primary.jpg?browse,BV0901-723
111,https://www.nike.com//kr/ko_kr/t/women/ap/women-training/CQ8839-010/vxrm85/as-w-nk-yoga-rib-short,"45,000 원",https://static-breeze.nike.co.kr/kr/ko_kr/cmsstatic/product/CQ8839-010/2f7ce554-e31f-4151-848d-5a6529020f5c_primary.jpg?browse,CQ8839-010
112,https://www.nike.com//kr/ko_kr/t/women/ap/running/CJ2436-010/vhof60/as-w-nk-icnclsh-pant-7-8,"139,000 원",https://static-breeze.nike.co.kr/kr/ko_kr/cmsstatic/product/CJ2436-010/73597dd7-d97a-4da5-b4dd-1a9398760348_primary.jpg?browse,CJ2436-010
113,https://www.nike.com//kr/ko_kr/t/men/ap/football-soccer/CD0713-100/aswh33/as-kor-m-nk-brt-stad-jsy-ss-aw,"45,000 원",https://static-breeze.nike.co.kr/kr/ko_kr/cmsstatic/product/348096291/CK0180-010_CK0180-010_primary.jpg?browse,348096291
114,https://www.nike.com//kr/ko_kr/t/women/ap/nike-sportswear/CJ2278-287/clkc21/as-w-nsw-icn-clsh-short-ft,"49,000 원",https://static-breeze.nike.co.kr/kr/ko_kr/cmsstatic/product/CJ2278-287/093dcd1d-9a6f-4f53-b582-d64314e1e1d3_primary.jpg?browse,CJ2278-287
115,https://www.nike.com//kr/ko_kr/t/women/ap/women-training/CQ8839-664/nwfl87/as-w-nk-yoga-rib-short,"45,000 원",https://static-breeze.nike.co.kr/kr/ko_kr/cmsstatic/product/CQ8839-664/08bb71f1-1c3f-43cd-98af-62b4b42cd86b_primary.jpg?browse,CQ8839-664
116,https://www.nike.com//kr/ko_kr/t/women/ap/women-training/CJ3828-010/msbs54/as-w-nk-flow-hyper-78-pant,"89,000 원",https://static-breeze.nike.co.kr/kr/ko_kr/cmsstatic/product/CJ3828-010/6e056767-07c7-4c35-8b3f-5008f6cc1fe4_primary.jpg?browse,CJ3828-010
117,https://www.nike.com//kr/ko_kr/t/women/ap/nike-sportswear/CJ7347-010/nfej36/as-w-nsw-pant-wvn,"69,000 원",https://static-breeze.nike.co.kr/kr/ko_kr/cmsstatic/product/CJ7347-010/b309cd06-be27-4150-95c4-495efe337fd1_primary.jpg?browse,CJ7347-010
118,https://www.nike.com//kr/ko_kr/t/women/ap/nike-sportswear/CK1545-657/coyc15/w-nrg-x-se-pant,"239,000 원",https://static-breeze.nike.co.kr/kr/ko_kr/cmsstatic/product/CK1545-657/723df846-38a4-45fa-b47d-abe66fa5f10d_primary.jpg?browse,CK1545-657
119,https://www.nike.com//kr/ko_kr/t/women/ap/running/BV2782-010/yjqg61/as-w-nk-swft-run-pant,"129,000 원",https://static-breeze.nike.co.kr/kr/ko_kr/cmsstatic/product/BV2782-010/2b5bca1f-825e-4e65-8e40-e0471998f534_primary.jpg?browse,BV2782-010
120,https://www.nike.com//kr/ko_kr/t/women/ap/running/BV2899-011/yfaq50/as-w-nk-essntl-pant-78,"79,000 원",https://static-breeze.nike.co.kr/kr/ko_kr/cmsstatic/product/BV2899-011/800733aa-7e73-4da9-ad6f-e091036bd6ca_primary.jpg?browse,BV2899-011
121,https://www.nike.com//kr/ko_kr/t/women/ap/women-training/AO9976-010/jcas71/as-w-np-shrt-5,"45,000 원",https://static-breeze.nike.co.kr/kr/ko_kr/cmsstatic/product/AO9976-010/15f8f997-c918-415a-a568-010191ad1cd8_primary.jpg?browse,AO9976-010
122,https://www.nike.com//kr/ko_kr/t/women/ap/women-training/AQ0295-010/rjhb87/as-w-nk-bliss-lx-pant,"99,000 원",https://static-breeze.nike.co.kr/kr/ko_kr/cmsstatic/product/AQ0295-010_AQ0295-010_primary.jpg?browse,AQ0295-010
